/* Preprocessor to get around Mac OS, Windows, and Linux differences in naming and calling conventions */

#if defined(__APPLE__)
# define cdecl(s) _##s
#else
# define cdecl(s) s
#endif

#if defined(__APPLE__)
# define wcdecl(s) _##s
#elif defined(__WIN32)
# define wcdecl(s) windows_##s
#else
# define wcdecl(s) s
#endif

#if defined(__APPLE__)
# define wcml(s) s
#elif defined(__WIN32)
# define wcml(s) windows_##s
#else
# define wcml(s) s
#endif

#if defined(__APPLE__)
.macro _makesym name, base, len
.set \name, cake_main+\base
.endm
# define makesym(name,base,len) _makesym name, base, len
#elif defined(__WIN32)
.macro _makesym name, base, len
.set \name, cake_main+\base
.endm
# define makesym(name,base,len) _makesym name, base, len
#else
.macro _makesym name, base, len
.local \name
.set \name, cake_main+\base
.size \name, \len
.type \name, function
.endm
# define makesym(name,base,len) _makesym name, base, len
#endif

#define DATA_BUFFER_SIZE    65536
#define CODE_BUFFER_SIZE  5242880

     .file        "cake.S"

     .data
     .p2align 3
cdecl(cml_heap): .quad 0
cdecl(cml_stack): .quad 0
cdecl(cml_stackend): .quad 0
     .p2align 3
cake_bitmaps:
	.quad 4,16,23,16,23,23,16,16,16,11,2,2,2,2,2,2
	.quad 2,2,2,2,2,2,2,2,2,2,2,2,2,2,2,2
	.quad 2,2,2,2,2,2,2,2,46,47,47,32,47,47,47,95
	.quad 94,11,11,8,23,47,47,46,23,191,188,752,752,512,512,512
	.quad 512,512,512,512,512,512,512,764,764,760,752,760,761,761,767,767
	.quad 765,761,759,512,767,767,3040,3040,2560,2048,2048,2048,2048,2048,2048,2048
	.quad 2048,2048,3064,3064,3056,3056,3040,3044,2990,2990,3054,3071,3071,3070,3054,3054
	.quad 2048,3070,3070,6112,6112,5632,4352,4096,4096,4096,4096,4096,4096,4096,4096,6136
	.quad 6136,6128,6128,6112,6116,6062,6062,6126,6143,6143,6142,6126,6078,4096,6142,6142
	.quad 12256,12256,11776,9728,8704,8192,8192,8192,8192,8192,8192,8192,12280,12280,12272,12272
	.quad 12256,12272,12246,12246,12278,12287,12287,12286,12278,12254,8192,12286,12286,24544,24544,24064
	.quad 18176,17920,16896,16384,16384,16384,16384,16384,16384,24568,24568,24560,24560,24544,24560,24538
	.quad 24538,24570,24575,24575,24574,24570,24446,16384,24574,24574,49120,49120,48640,40192,36096,35840
	.quad 33792,32768,32768,32768,32768,32768,49144,49144,49136,49136,49120,49136,45046,48630,49142,49151
	.quad 49151,49150,49142,49142,32768,49150,49150,98272,98272,97792,79616,79104,70912,70656,66560,65536
	.quad 65536,65536,65536,98296,98296,98288,98288,98272,98246,97758,98142,98270,98303,98303,98302,98270
	.quad 98174,65536,98302,98302,196576,196576,196096,163328,159232,158208,141824,141312,133120,131072,131072,131072
	.quad 196600,196600,196592,196592,196576,196580,195580,195580,196604,196607,196607,196606,196604,195582,131072,196606
	.quad 196606,393184,393184,392704,294656,294400,290304,289280,272896,272384,264192,262144,262144,393208,393208,393200
	.quad 393200,393184,393192,392700,392700,393212,393215,393215,393214,393212,392702,262144,393214,393214,786400,786400
	.quad 785920,718592,587520,587264,579072,578048,545280,544768,528384,524288,786424,786424,786416,786416,786400,786404
	.quad 781310,781310,785406,786431,786431,786430,785406,785406,524288,786430,786430,5,5,549755813888,549755813888,2
	.quad 2,2
     .globl cdecl(cake_bitmaps_buffer_begin)
cdecl(cake_bitmaps_buffer_begin):
#if defined(EVAL)
     .space DATA_BUFFER_SIZE
#endif
     .globl cdecl(cake_bitmaps_buffer_end)
cdecl(cake_bitmaps_buffer_end):

/* Start up code */

     .text
     .p2align 12
     .globl  cdecl(cake_text_begin)
cdecl(cake_text_begin):
     .globl  cdecl(cml_main)
     .globl  cdecl(cml_heap)
     .globl  cdecl(cml_stack)
     .globl  cdecl(cml_stackend)
#if defined(__APPLE__)

#elif defined(__WIN32)
     .func   cml_main
#else
     .type   cml_main, function
#endif
cdecl(cml_main):
     pushq   %rbp                            # push base pointer
     movq    %rsp, %rbp                      # save stack pointer
     leaq    cake_main(%rip), %rdi           # arg1: entry address
     movq    cdecl(cml_heap)(%rip), %rsi     # arg2: first address of heap
     leaq    cake_bitmaps(%rip), %rax
     movq    %rax, 0(%rsi)                   # store bitmap pointer
     leaq    cdecl(cake_bitmaps_buffer_begin)(%rip), %rax
     movq    %rax, 8(%rsi)                   # store bitmap mutable start pointer
     leaq    cdecl(cake_bitmaps_buffer_end)(%rip), %rax
     movq    %rax, 16(%rsi)                  # store bitmap mutable end pointer
     leaq    cdecl(cake_codebuffer_begin)(%rip), %rax
     movq    %rax, 24(%rsi)                  # store code mutable start pointer
     leaq    cdecl(cake_codebuffer_end)(%rip), %rax
     movq    %rax, 32(%rsi)                  # store code mutable end pointer
     movq    cdecl(cml_stack)(%rip), %rdx    # arg3: first address of stack
     movq    cdecl(cml_stackend)(%rip), %rcx # arg4: first address past the stack
     jmp     cake_main

#if defined(__WIN32)
     .endfunc
#endif
/* CakeML FFI interface (each block is 16 bytes long) */

     .p2align 4

cake_clear:
     pushq   %rax
     pushq   %rdi
     callq   wcdecl(cml_clear)
     popq    %rdi
     ret
     .p2align 4

cake_exit:
     callq   cdecl(cml_exit)
     .p2align 4

cake_main:

/* Generated machine code follows */

	.byte 0x48,0x89,0xC8,0x48,0x29,0xF0,0x48,0xC1,0xE8,0x04,0x48,0xC1,0xE0,0x03,0x48,0x01
	.byte 0xF0,0x41,0xB8,0xF8,0x07,0x00,0x00,0x4C,0x01,0xC6,0x4C,0x29,0xC1,0x48,0x39,0xF2
	.byte 0x0F,0x82,0x12,0x00,0x00,0x00,0x48,0x39,0xD1,0x0F,0x83,0x03,0x00,0x00,0x00,0x48
	.byte 0x89,0xC2,0xE9,0x05,0x00,0x00,0x00,0x90,0x48,0x89,0xC2,0x90,0xB8,0xF8,0x07,0x00
	.byte 0x00,0x48,0x29,0xC6,0x48,0x01,0xC1,0x48,0x89,0xD0,0x48,0x29,0xF0,0x49,0xB8,0xF8
	.byte 0xFF,0xFF,0xFF,0xFF,0xFF,0xFF,0x00,0x49,0x39,0xC0,0x0F,0x83,0x06,0x00,0x00,0x00
	.byte 0x48,0x89,0xF2,0x4C,0x01,0xC2,0x48,0x29,0xF2,0x48,0xC1,0xEA,0x04,0x48,0xC1,0xE2
	.byte 0x04,0x48,0x01,0xF2,0x49,0x89,0xD0,0x49,0x29,0xF0,0x49,0xD1,0xE8,0x49,0x89,0xF4
	.byte 0x4C,0x01,0xC6,0x49,0x89,0xCE,0x49,0x89,0xD5,0x49,0x8B,0x14,0x24,0x48,0xC1,0xEA
	.byte 0x03,0x4C,0x89,0xE0,0x48,0x83,0xC0,0x08,0x48,0x8B,0x08,0x48,0x83,0xC0,0x08,0x4C
	.byte 0x8B,0x08,0x48,0x83,0xC0,0x08,0x48,0x8B,0x18,0x48,0x83,0xC0,0x08,0x48,0x8B,0x38
	.byte 0xB8,0x08,0x00,0x00,0x00,0x49,0x29,0xC6,0x31,0xC0,0x49,0x89,0x06,0x31,0xC0,0x49
	.byte 0x89,0x45,0x00,0x49,0x83,0xC5,0x08,0x31,0xC0,0x49,0x89,0x45,0x00,0x49,0x83,0xC5
	.byte 0x08,0x31,0xC0,0x49,0x89,0x45,0x00,0x49,0x83,0xC5,0x08,0x31,0xC0,0x49,0x89,0x45
	.byte 0x00,0x49,0x83,0xC5,0x08,0x31,0xC0,0x49,0x89,0x45,0x00,0x49,0x83,0xC5,0x08,0x31
	.byte 0xC0,0x49,0x89,0x45,0x00,0x49,0x83,0xC5,0x08,0x31,0xC0,0x49,0x89,0x45,0x00,0x49
	.byte 0x83,0xC5,0x08,0x31,0xC0,0x49,0x89,0x45,0x00,0x49,0x83,0xC5,0x08,0x31,0xC0,0x49
	.byte 0x89,0x45,0x00,0x49,0x83,0xC5,0x08,0x31,0xC0,0x49,0x89,0x45,0x00,0x49,0x83,0xC5
	.byte 0x08,0x31,0xC0,0x49,0x89,0x45,0x00,0x49,0x83,0xC5,0x08,0x31,0xC0,0x49,0x89,0x45
	.byte 0x00,0x49,0x83,0xC5,0x08,0x31,0xC0,0x49,0x89,0x45,0x00,0x49,0x83,0xC5,0x08,0x31
	.byte 0xC0,0x49,0x89,0x45,0x00,0x49,0x83,0xC5,0x08,0x31,0xC0,0x49,0x89,0x45,0x00,0x49
	.byte 0x83,0xC5,0x08,0x31,0xC0,0x49,0x89,0x45,0x00,0x49,0x83,0xC5,0x08,0x31,0xC0,0x49
	.byte 0x89,0x45,0x00,0x49,0x83,0xC5,0x08,0x31,0xC0,0x49,0x89,0x45,0x00,0x49,0x83,0xC5
	.byte 0x08,0x31,0xC0,0x49,0x89,0x45,0x00,0x49,0x83,0xC5,0x08,0x31,0xC0,0x49,0x89,0x45
	.byte 0x00,0x49,0x83,0xC5,0x08,0x31,0xC0,0x49,0x89,0x45,0x00,0x49,0x83,0xC5,0x08,0x31
	.byte 0xC0,0x49,0x89,0x45,0x00,0x49,0x83,0xC5,0x08,0x31,0xC0,0x49,0x89,0x45,0x00,0x49
	.byte 0x83,0xC5,0x08,0x31,0xC0,0x49,0x89,0x45,0x00,0x49,0x83,0xC5,0x08,0x31,0xC0,0x49
	.byte 0x89,0x45,0x00,0x49,0x83,0xC5,0x08,0x31,0xC0,0x49,0x89,0x45,0x00,0x49,0x83,0xC5
	.byte 0x08,0x31,0xC0,0x49,0x89,0x45,0x00,0x49,0x83,0xC5,0x08,0x31,0xC0,0x49,0x89,0x45
	.byte 0x00,0x49,0x83,0xC5,0x08,0x31,0xC0,0x49,0x89,0x45,0x00,0x49,0x83,0xC5,0x08,0x31
	.byte 0xC0,0x49,0x89,0x45,0x00,0x49,0x83,0xC5,0x08,0x31,0xC0,0x49,0x89,0x45,0x00,0x49
	.byte 0x83,0xC5,0x08,0x31,0xC0,0x49,0x89,0x45,0x00,0x49,0x83,0xC5,0x08,0x4D,0x89,0x4D
	.byte 0x00,0x49,0x83,0xC5,0x08,0x49,0x89,0x4D,0x00,0x49,0x83,0xC5,0x08,0x49,0x89,0x7D
	.byte 0x00,0x49,0x83,0xC5,0x08,0x49,0x89,0x5D,0x00,0x49,0x83,0xC5,0x08,0x31,0xC0,0x49
	.byte 0x89,0x45,0x00,0x49,0x83,0xC5,0x08,0x49,0x89,0x55,0x00,0x49,0x83,0xC5,0x08,0x31
	.byte 0xC0,0x49,0x89,0x45,0x00,0x49,0x83,0xC5,0x08,0x4D,0x89,0x65,0x00,0x49,0x83,0xC5
	.byte 0x08,0x31,0xC0,0x49,0x89,0x45,0x00,0x49,0x83,0xC5,0x08,0x31,0xC0,0x49,0x89,0x45
	.byte 0x00,0x49,0x83,0xC5,0x08,0x31,0xC0,0x49,0x89,0x45,0x00,0x49,0x83,0xC5,0x08,0x49
	.byte 0x89,0x75,0x00,0x49,0x83,0xC5,0x08,0x49,0x89,0x75,0x00,0x49,0x83,0xC5,0x08,0x4D
	.byte 0x89,0x45,0x00,0x49,0x83,0xC5,0x08,0x49,0x89,0x75,0x00,0x49,0x83,0xC5,0x08,0x4D
	.byte 0x89,0x65,0x00,0x49,0x83,0xC5,0x08,0x48,0x8D,0x05,0x06,0x00,0x00,0x00,0xE9,0xB7
	.byte 0x39,0x00,0x00,0x90,0x31,0xFF,0xE9,0x55,0xFD,0xFF,0xFF,0x90,0xBF,0x02,0x00,0x00
	.byte 0x00,0x90,0xE9,0x49,0xFD,0xFF,0xFF,0x90,0x49,0x89,0x7D,0xD0,0x49,0x89,0x45,0xF8
	.byte 0x31,0xFF,0x48,0x89,0xFE,0x49,0x8B,0x55,0xE0,0x48,0x89,0xF9,0x4D,0x8B,0x45,0xC0
	.byte 0x49,0x89,0xF9,0x49,0x89,0xFF,0x49,0xF7,0xC0,0x01,0x00,0x00,0x00,0x0F,0x84,0x97
	.byte 0x00,0x00,0x00,0x4C,0x89,0xC0,0x4C,0x89,0xE7,0x48,0xC1,0xE8,0x0C,0x48,0xC1,0xE0
	.byte 0x03,0x48,0x01,0xF8,0x48,0x8B,0x38,0x48,0xF7,0xC7,0x03,0x00,0x00,0x00,0x0F,0x84
	.byte 0x62,0x00,0x00,0x00,0x48,0xC1,0xEF,0x20,0x48,0x83,0xC7,0x01,0x49,0x89,0xF9,0x48
	.byte 0x89,0xC6,0x48,0x89,0xF8,0x90,0x48,0x83,0xF8,0x00,0x0F,0x84,0x18,0x00,0x00,0x00
	.byte 0x48,0x8B,0x3E,0x48,0x83,0xC6,0x08,0x48,0x83,0xE8,0x01,0x48,0x89,0x3A,0x48,0x83
	.byte 0xC2,0x08,0xE9,0xDF,0xFF,0xFF,0xFF,0x90,0x4C,0x89,0xC8,0x48,0xC1,0xE0,0x03,0x48
	.byte 0x29,0xC6,0x48,0x89,0xC8,0x48,0xC1,0xE0,0x02,0x48,0x89,0x06,0x48,0x89,0xCF,0x49
	.byte 0xC1,0xE0,0x37,0x49,0xC1,0xE8,0x37,0x48,0xC1,0xE7,0x0C,0x49,0x09,0xF8,0x4C,0x01
	.byte 0xC9,0xE9,0x14,0x00,0x00,0x00,0x48,0xC1,0xEF,0x02,0x48,0xC1,0xE7,0x0C,0x49,0xC1
	.byte 0xE0,0x37,0x49,0xC1,0xE8,0x37,0x49,0x09,0xF8,0x90,0x4D,0x89,0x45,0xC0,0x4C,0x89
	.byte 0xC3,0x48,0xC1,0xEB,0x0C,0x48,0xC1,0xE3,0x03,0x4D,0x8B,0x5D,0xE0,0x4C,0x01,0xDB
	.byte 0x49,0x89,0x5D,0xB8,0x31,0xDB,0x4D,0x89,0xFB,0x4D,0x01,0xF3,0x4D,0x8B,0x1B,0x49
	.byte 0x89,0xDF,0x4D,0x85,0xDB,0x0F,0x84,0x33,0x01,0x00,0x00,0x4C,0x89,0xD8,0x49,0x83
	.byte 0xEB,0x01,0x49,0x83,0xC7,0x08,0x48,0x85,0xC0,0x0F,0x84,0x11,0x01,0x00,0x00,0x49
	.byte 0x8B,0x5D,0xA8,0x4C,0x01,0xDB,0x48,0xC1,0xE3,0x03,0x48,0x8B,0x1B,0x90,0x48,0x83
	.byte 0xFB,0x02,0x0F,0x82,0xDC,0x00,0x00,0x00,0x48,0xF7,0xC3,0x01,0x00,0x00,0x00,0x0F
	.byte 0x84,0xC1,0x00,0x00,0x00,0x4D,0x89,0xF8,0x4D,0x01,0xF0,0x4D,0x8B,0x00,0x48,0xD1
	.byte 0xEB,0x49,0xF7,0xC0,0x01,0x00,0x00,0x00,0x0F,0x84,0x96,0x00,0x00,0x00,0x4C,0x89
	.byte 0xC0,0x4C,0x89,0xE7,0x48,0xC1,0xE8,0x0C,0x48,0xC1,0xE0,0x03,0x48,0x01,0xF8,0x48
	.byte 0x8B,0x38,0x48,0xF7,0xC7,0x03,0x00,0x00,0x00,0x0F,0x84,0x61,0x00,0x00,0x00,0x48
	.byte 0xC1,0xEF,0x20,0x48,0x83,0xC7,0x01,0x49,0x89,0xF9,0x48,0x89,0xC6,0x48,0x89,0xF8
	.byte 0x48,0x83,0xF8,0x00,0x0F,0x84,0x18,0x00,0x00,0x00,0x48,0x8B,0x3E,0x48,0x83,0xC6
	.byte 0x08,0x48,0x83,0xE8,0x01,0x48,0x89,0x3A,0x48,0x83,0xC2,0x08,0xE9,0xDF,0xFF,0xFF
	.byte 0xFF,0x90,0x4C,0x89,0xC8,0x48,0xC1,0xE0,0x03,0x48,0x29,0xC6,0x48,0x89,0xC8,0x48
	.byte 0xC1,0xE0,0x02,0x48,0x89,0x06,0x48,0x89,0xCF,0x49,0xC1,0xE0,0x37,0x49,0xC1,0xE8
	.byte 0x37,0x48,0xC1,0xE7,0x0C,0x49,0x09,0xF8,0x4C,0x01,0xC9,0xE9,0x14,0x00,0x00,0x00
	.byte 0x48,0xC1,0xEF,0x02,0x48,0xC1,0xE7,0x0C,0x49,0xC1,0xE0,0x37,0x49,0xC1,0xE8,0x37
	.byte 0x49,0x09,0xF8,0x90,0x4D,0x01,0xFE,0x4D,0x89,0x06,0x4D,0x29,0xFE,0x49,0x83,0xC7
	.byte 0x08,0xE9,0x08,0x00,0x00,0x00,0x48,0xD1,0xEB,0x49,0x83,0xC7,0x08,0x90,0xE9,0x1B
	.byte 0xFF,0xFF,0xFF,0x90,0x49,0x8B,0x45,0xA8,0x4C,0x01,0xD8,0x48,0xC1,0xE0,0x03,0x48
	.byte 0x8B,0x00,0x49,0x83,0xC3,0x01,0x48,0xC1,0xE8,0x3F,0xE9,0xE7,0xFE,0xFF,0xFF,0x90
	.byte 0x4D,0x89,0xFB,0x4D,0x01,0xF3,0x4D,0x8B,0x1B,0xE9,0xC4,0xFE,0xFF,0xFF,0x4D,0x8B
	.byte 0x7D,0xE0,0x4C,0x39,0xFA,0x0F,0x84,0xF3,0x00,0x00,0x00,0x49,0x8B,0x1F,0x48,0xF7
	.byte 0xC3,0x04,0x00,0x00,0x00,0x0F,0x84,0x15,0x00,0x00,0x00,0x48,0xC1,0xEB,0x20,0x48
	.byte 0x83,0xC3,0x01,0x48,0xC1,0xE3,0x03,0x49,0x01,0xDF,0xE9,0xC9,0x00,0x00,0x00,0x90
	.byte 0x48,0xC1,0xEB,0x20,0x49,0x83,0xC7,0x08,0x48,0x83,0xFB,0x00,0x0F,0x84,0xB6,0x00
	.byte 0x00,0x00,0x4D,0x8B,0x07,0x48,0x83,0xEB,0x01,0x49,0xF7,0xC0,0x01,0x00,0x00,0x00
	.byte 0x0F,0x84,0x96,0x00,0x00,0x00,0x4C,0x89,0xC0,0x4C,0x89,0xE7,0x48,0xC1,0xE8,0x0C
	.byte 0x48,0xC1,0xE0,0x03,0x48,0x01,0xF8,0x48,0x8B,0x38,0x48,0xF7,0xC7,0x03,0x00,0x00
	.byte 0x00,0x0F,0x84,0x61,0x00,0x00,0x00,0x48,0xC1,0xEF,0x20,0x48,0x83,0xC7,0x01,0x49
	.byte 0x89,0xF9,0x48,0x89,0xC6,0x48,0x89,0xF8,0x48,0x83,0xF8,0x00,0x0F,0x84,0x18,0x00
	.byte 0x00,0x00,0x48,0x8B,0x3E,0x48,0x83,0xC6,0x08,0x48,0x83,0xE8,0x01,0x48,0x89,0x3A
	.byte 0x48,0x83,0xC2,0x08,0xE9,0xDF,0xFF,0xFF,0xFF,0x90,0x4C,0x89,0xC8,0x48,0xC1,0xE0
	.byte 0x03,0x48,0x29,0xC6,0x48,0x89,0xC8,0x48,0xC1,0xE0,0x02,0x48,0x89,0x06,0x48,0x89
	.byte 0xCF,0x49,0xC1,0xE0,0x37,0x49,0xC1,0xE8,0x37,0x48,0xC1,0xE7,0x0C,0x49,0x09,0xF8
	.byte 0x4C,0x01,0xC9,0xE9,0x14,0x00,0x00,0x00,0x48,0xC1,0xEF,0x02,0x48,0xC1,0xE7,0x0C
	.byte 0x49,0xC1,0xE0,0x37,0x49,0xC1,0xE8,0x37,0x49,0x09,0xF8,0x90,0x4D,0x89,0x07,0x49
	.byte 0x83,0xC7,0x08,0xE9,0x40,0xFF,0xFF,0xFF,0xE9,0x05,0xFF,0xFF,0xFF,0x90,0x4C,0x89
	.byte 0xE0,0x49,0x8B,0x7D,0xE0,0x49,0x8B,0x75,0xE8,0x48,0x01,0xFE,0x49,0x89,0xFC,0x49
	.byte 0x89,0x45,0xE0,0x49,0x8B,0x45,0xF8,0x4D,0x89,0x7D,0xF8,0x49,0x89,0x75,0xF0,0x49
	.byte 0x89,0x75,0xD8,0x49,0x8B,0x7D,0xD0,0x4C,0x29,0xFE,0x48,0x39,0xFE,0x0F,0x83,0x0B
	.byte 0x00,0x00,0x00,0xBF,0x01,0x00,0x00,0x00,0xE9,0xE3,0xF9,0xFF,0xFF,0x90,0xFF,0xE0
	.byte 0x4D,0x8B,0x5D,0xC8,0x49,0xC1,0xE3,0x03,0x4D,0x89,0xEE,0x4D,0x01,0xDE,0x4D,0x8B
	.byte 0x5E,0x10,0x4D,0x89,0x5D,0xC8,0x4D,0x8B,0x5E,0x08,0x49,0x83,0xC6,0x18,0x41,0xFF
	.byte 0xE3,0x90,0x4D,0x8B,0x55,0xA8,0x49,0x01,0xFA,0x49,0xC1,0xE2,0x03,0x49,0x8B,0x3A
	.byte 0x49,0x83,0xC2,0x08,0x48,0x83,0xFF,0x00,0x0F,0x8D,0x3E,0x00,0x00,0x00,0x48,0x83
	.byte 0xFF,0x01,0x0F,0x84,0x28,0x00,0x00,0x00,0x4D,0x8B,0x1A,0x49,0x83,0xC2,0x08,0x48
	.byte 0xF7,0xC7,0x01,0x00,0x00,0x00,0x0F,0x84,0x04,0x00,0x00,0x00,0x49,0x01,0xD3,0x90
	.byte 0x48,0xD1,0xEF,0x4C,0x89,0x1E,0x48,0x83,0xC6,0x08,0xE9,0xCF,0xFF,0xFF,0xFF,0x90
	.byte 0x49,0x8B,0x3A,0x49,0x83,0xC2,0x08,0xE9,0xB8,0xFF,0xFF,0xFF,0x48,0x83,0xFF,0x01
	.byte 0x0F,0x84,0x28,0x00,0x00,0x00,0x4D,0x8B,0x1A,0x49,0x83,0xC2,0x08,0x48,0xF7,0xC7
	.byte 0x01,0x00,0x00,0x00,0x0F,0x84,0x04,0x00,0x00,0x00,0x49,0x01,0xD3,0x90,0x48,0xD1
	.byte 0xEF,0x4C,0x89,0x1E,0x48,0x83,0xC6,0x08,0xE9,0xCF,0xFF,0xFF,0xFF,0x90,0x49,0x89
	.byte 0xFB,0x49,0x89,0xFA,0xFF,0xE0,0x49,0x83,0xEE,0x28,0x4D,0x39,0xEE,0x0F,0x82,0xC9
	.byte 0xFB,0xFF,0xFF,0x90,0x48,0x83,0xFF,0x00,0x0F,0x85,0x0E,0x00,0x00,0x00,0x48,0x83
	.byte 0xC2,0x02,0x48,0x89,0xD7,0x49,0x83,0xC6,0x28,0xFF,0xE0,0x90,0x48,0xF7,0xC7,0x01
	.byte 0x00,0x00,0x00,0x0F,0x84,0x3B,0x00,0x00,0x00,0x48,0xBF,0xFF,0xFF,0xFF,0xFF,0xFF
	.byte 0xFF,0xFF,0xFF,0x49,0x89,0x46,0x20,0x41,0xBB,0x02,0x00,0x00,0x00,0x4D,0x89,0x1E
	.byte 0x48,0x8D,0x05,0x05,0x00,0x00,0x00,0xE9,0x8C,0xFB,0xFF,0xFF,0x45,0x31,0xDB,0x4D
	.byte 0x89,0x5E,0x08,0x4D,0x8B,0x5E,0x08,0x4D,0x89,0x5E,0x18,0x49,0x8B,0x7E,0x08,0xE9
	.byte 0x0C,0x00,0x00,0x00,0x49,0x89,0x76,0x18,0x49,0x89,0x56,0x08,0x49,0x89,0x46,0x20
	.byte 0x49,0x89,0x7E,0x10,0x48,0xC1,0xEF,0x02,0x49,0xBA,0x00,0x00,0x00,0x00,0x01,0x00
	.byte 0x00,0x00,0x4C,0x39,0xD7,0x0F,0x82,0x0F,0x00,0x00,0x00,0x48,0xBF,0xFF,0xFF,0xFF
	.byte 0xFF,0xFF,0xFF,0xFF,0xFF,0xE9,0x08,0x00,0x00,0x00,0x48,0x83,0xC7,0x01,0x48,0xC1
	.byte 0xE7,0x03,0x49,0x8B,0x45,0xD8,0x49,0x8B,0x75,0xF8,0x48,0x29,0xF0,0x48,0x39,0xF8
	.byte 0x0F,0x82,0x16,0x00,0x00,0x00,0x49,0x8B,0x46,0x20,0x49,0x8B,0x76,0x18,0x49,0x8B
	.byte 0x56,0x10,0x4D,0x8B,0x4E,0x08,0xE9,0x27,0x00,0x00,0x00,0x90,0x41,0xBB,0x03,0x00
	.byte 0x00,0x00,0x4D,0x89,0x1E,0x48,0x8D,0x05,0x06,0x00,0x00,0x00,0xE9,0xF7,0xFA,0xFF
	.byte 0xFF,0x90,0x49,0x8B,0x46,0x20,0x49,0x8B,0x76,0x18,0x49,0x8B,0x56,0x10,0x4D,0x8B
	.byte 0x4E,0x08,0x49,0x8B,0x7D,0xF8,0x48,0x89,0xD1,0x48,0xC1,0xE2,0x1E,0x4D,0x89,0xC8
	.byte 0x49,0x09,0xD0,0x49,0x83,0xC8,0x03,0x48,0x89,0xCA,0x48,0xC1,0xE9,0x02,0x49,0xC1
	.byte 0xE9,0x04,0x49,0x8B,0x5D,0xF8,0x4C,0x29,0xE3,0x48,0xC1,0xE3,0x09,0x48,0x83,0xCB
	.byte 0x01,0x49,0x83,0xF9,0x0F,0x0F,0x82,0x0D,0x00,0x00,0x00,0x48,0x81,0xCB,0xE0,0x01
	.byte 0x00,0x00,0xE9,0x11,0x00,0x00,0x00,0x90,0x49,0xC1,0xE1,0x05,0x4D,0x89,0xCA,0x49
	.byte 0x89,0xD9,0x4C,0x89,0xD3,0x4C,0x09,0xCB,0x48,0x83,0xF9,0x0F,0x0F,0x82,0x0A,0x00
	.byte 0x00,0x00,0x48,0x83,0xCB,0x1E,0xE9,0x11,0x00,0x00,0x00,0x90,0x48,0xD1,0xE1,0x49
	.byte 0x89,0xCA,0x48,0x89,0xD9,0x4C,0x89,0xD3,0x48,0x09,0xCB,0x90,0x48,0x89,0xD9,0x49
	.byte 0x83,0xC6,0x28,0xE9,0x00,0x00,0x00,0x00,0x4C,0x89,0x07,0x48,0x83,0xC7,0x08,0x48
	.byte 0x83,0xFA,0x00,0x0F,0x85,0x09,0x00,0x00,0x00,0x49,0x89,0x7D,0xF8,0x48,0x89,0xCF
	.byte 0xFF,0xE0,0x48,0xC1,0xEE,0x09,0x4C,0x01,0xE6,0x4C,0x8B,0x46,0x08,0x48,0x8B,0x76
	.byte 0x10,0x48,0x83,0xC2,0xFC,0xE9,0xCE,0xFF,0xFF,0xFF,0x49,0x83,0xEE,0x28,0x4D,0x39
	.byte 0xEE,0x0F,0x82,0x15,0xFA,0xFF,0xFF,0x90,0x48,0xF7,0xC7,0x01,0x00,0x00,0x00,0x0F
	.byte 0x84,0x3B,0x00,0x00,0x00,0x48,0xBF,0xFF,0xFF,0xFF,0xFF,0xFF,0xFF,0xFF,0xFF,0x49
	.byte 0x89,0x46,0x20,0x41,0xBB,0x04,0x00,0x00,0x00,0x4D,0x89,0x1E,0x48,0x8D,0x05,0x05
	.byte 0x00,0x00,0x00,0xE9,0xF0,0xF9,0xFF,0xFF,0x45,0x31,0xDB,0x4D,0x89,0x5E,0x08,0x4D
	.byte 0x8B,0x5E,0x08,0x4D,0x89,0x5E,0x18,0x49,0x8B,0x7E,0x08,0xE9,0x0C,0x00,0x00,0x00
	.byte 0x49,0x89,0x76,0x18,0x49,0x89,0x56,0x08,0x49,0x89,0x46,0x20,0x49,0x89,0x7E,0x10
	.byte 0x48,0xC1,0xEF,0x02,0x48,0x83,0xC7,0x08,0x48,0xD1,0xEF,0x48,0xC1,0xEF,0x02,0x49
	.byte 0xBA,0x00,0x00,0x00,0x00,0x01,0x00,0x00,0x00,0x4C,0x39,0xD7,0x0F,0x82,0x10,0x00
	.byte 0x00,0x00,0x48,0xBF,0xFF,0xFF,0xFF,0xFF,0xFF,0xFF,0xFF,0xFF,0xE9,0x09,0x00,0x00
	.byte 0x00,0x90,0x48,0x83,0xC7,0x01,0x48,0xC1,0xE7,0x03,0x49,0x8B,0x45,0xD8,0x49,0x8B
	.byte 0x75,0xF8,0x48,0x29,0xF0,0x48,0x39,0xF8,0x0F,0x82,0x16,0x00,0x00,0x00,0x49,0x8B
	.byte 0x5E,0x20,0x49,0x8B,0x76,0x18,0x49,0x8B,0x4E,0x10,0x49,0x8B,0x56,0x08,0xE9,0x27
	.byte 0x00,0x00,0x00,0x90,0x41,0xBB,0x05,0x00,0x00,0x00,0x4D,0x89,0x1E,0x48,0x8D,0x05
	.byte 0x06,0x00,0x00,0x00,0xE9,0x4F,0xF9,0xFF,0xFF,0x90,0x49,0x8B,0x5E,0x20,0x49,0x8B
	.byte 0x76,0x18,0x49,0x8B,0x4E,0x10,0x49,0x8B,0x56,0x08,0x48,0x89,0xC8,0x48,0xC1,0xE9
	.byte 0x02,0x48,0x83,0xC1,0x08,0x48,0xC1,0xE9,0x03,0x48,0x89,0xCF,0x48,0xC1,0xE1,0x02
	.byte 0x4D,0x8B,0x7D,0xF8,0x48,0xC1,0xE7,0x03,0x4C,0x01,0xFF,0x49,0x89,0xF8,0x48,0x83
	.byte 0xC7,0x08,0x49,0x89,0x7D,0xF8,0x4D,0x89,0xF9,0x4D,0x29,0xE7,0x49,0xC1,0xE7,0x09
	.byte 0x49,0x83,0xCF,0x01,0x48,0x89,0xD7,0x48,0x89,0xC2,0x48,0xC1,0xE8,0x02,0x48,0x83
	.byte 0xC0,0x08,0x48,0xC1,0xE0,0x1D,0x48,0x09,0xC7,0x49,0x89,0x7E,0x20,0x4D,0x8B,0x5E
	.byte 0x20,0x49,0x83,0xCB,0x07,0x4D,0x89,0x5E,0x20,0x48,0xC1,0xEE,0x02,0x48,0x89,0xF7
	.byte 0x48,0xC1,0xE7,0x08,0x48,0x09,0xF7,0x48,0x89,0xF8,0x48,0xC1,0xE0,0x10,0x48,0x09
	.byte 0xF8,0x48,0x89,0xC6,0x48,0xC1,0xE6,0x20,0x48,0x09,0xC6,0x4C,0x89,0xCF,0x4D,0x8B
	.byte 0x56,0x20,0x4C,0x89,0x17,0x48,0x89,0xD0,0x48,0xC1,0xE8,0x02,0x48,0x83,0xE0,0x07
	.byte 0x31,0xD2,0x49,0x89,0x10,0x48,0x83,0xF8,0x00,0x0F,0x84,0x65,0x00,0x00,0x00,0x41
	.byte 0x88,0x30,0x48,0x83,0xF8,0x01,0x0F,0x84,0x58,0x00,0x00,0x00,0x41,0x88,0x70,0x01
	.byte 0x48,0x83,0xF8,0x02,0x0F,0x84,0x4A,0x00,0x00,0x00,0x41,0x88,0x70,0x02,0x48,0x83
	.byte 0xF8,0x03,0x0F,0x84,0x3C,0x00,0x00,0x00,0x41,0x88,0x70,0x03,0x48,0x83,0xF8,0x04
	.byte 0x0F,0x84,0x2E,0x00,0x00,0x00,0x41,0x88,0x70,0x04,0x48,0x83,0xF8,0x05,0x0F,0x84
	.byte 0x20,0x00,0x00,0x00,0x41,0x88,0x70,0x05,0x48,0x83,0xF8,0x06,0x0F,0x84,0x12,0x00
	.byte 0x00,0x00,0x41,0x88,0x70,0x06,0x48,0x83,0xF8,0x07,0x0F,0x84,0x04,0x00,0x00,0x00
	.byte 0x41,0x88,0x70,0x07,0x48,0x89,0xCA,0x48,0x83,0xC2,0xFC,0x48,0x89,0xD8,0x4C,0x89
	.byte 0xF9,0x49,0x83,0xC6,0x28,0xE9,0x46,0x00,0x00,0x00,0x48,0x89,0xFA,0x48,0xC1,0xEF
	.byte 0x02,0x48,0x83,0xC7,0x01,0x48,0xC1,0xE7,0x03,0x49,0x8B,0x4D,0xD8,0x48,0x29,0xF9
	.byte 0x49,0x89,0x4D,0xD8,0x49,0x8B,0x4D,0xF0,0x48,0x29,0xF9,0x49,0x89,0x4D,0xF0,0x48
	.byte 0x89,0xCF,0x4C,0x29,0xE1,0x48,0xC1,0xE1,0x09,0x48,0x83,0xC9,0x01,0x49,0x89,0xD0
	.byte 0x49,0xC1,0xE0,0x1E,0x49,0x83,0xC8,0x0B,0x4C,0x89,0x07,0xE9,0x00,0x00,0x00,0x00
	.byte 0x48,0x83,0xFA,0x00,0x0F,0x85,0x06,0x00,0x00,0x00,0x48,0x89,0xCF,0xFF,0xE0,0x90
	.byte 0x48,0x83,0xC7,0x08,0x48,0x89,0x37,0x48,0x83,0xC2,0xFC,0xE9,0xE0,0xFF,0xFF,0xFF
	.byte 0x49,0x83,0xEE,0x28,0x4D,0x39,0xEE,0x0F,0x82,0x9F,0xF7,0xFF,0xFF,0x90,0xB9,0x04
	.byte 0x00,0x00,0x00,0x48,0x83,0xFF,0x00,0x0F,0x84,0x3D,0x00,0x00,0x00,0x48,0xF7,0xC7
	.byte 0x01,0x00,0x00,0x00,0x0F,0x84,0x20,0x00,0x00,0x00,0x49,0x89,0x7E,0x10,0x48,0xC1
	.byte 0xEF,0x09,0x4C,0x01,0xE7,0x48,0x8B,0x0F,0x48,0xC1,0xE9,0x20,0x48,0xC1,0xE1,0x02
	.byte 0x48,0x83,0xC1,0x04,0xE9,0x0B,0x00,0x00,0x00,0x90,0xB9,0x08,0x00,0x00,0x00,0x49
	.byte 0x89,0x7E,0x10,0x90,0xE9,0x05,0x00,0x00,0x00,0x90,0x49,0x89,0x7E,0x10,0x48,0x83
	.byte 0xFE,0x00,0x0F,0x84,0x42,0x00,0x00,0x00,0x48,0xF7,0xC6,0x01,0x00,0x00,0x00,0x0F
	.byte 0x84,0x27,0x00,0x00,0x00,0x49,0x89,0x76,0x18,0x48,0xC1,0xEE,0x09,0x4C,0x01,0xE6
	.byte 0x48,0x8B,0x3E,0x48,0xC1,0xEF,0x20,0x48,0xC1,0xE7,0x02,0x49,0x89,0xFA,0x48,0x89
	.byte 0xCF,0x4C,0x89,0xD1,0x48,0x01,0xF9,0xE9,0x08,0x00,0x00,0x00,0x48,0x83,0xC1,0x04
	.byte 0x49,0x89,0x76,0x18,0xE9,0x05,0x00,0x00,0x00,0x90,0x49,0x89,0x76,0x18,0x49,0x89
	.byte 0x8D,0x90,0xFE,0xFF,0xFF,0x48,0xC1,0xE9,0x02,0x49,0xBA,0x00,0x00,0x00,0x00,0x01
	.byte 0x00,0x00,0x00,0x4C,0x39,0xD1,0x0F,0x82,0x10,0x00,0x00,0x00,0x48,0xBF,0xFF,0xFF
	.byte 0xFF,0xFF,0xFF,0xFF,0xFF,0xFF,0xE9,0x0D,0x00,0x00,0x00,0x90,0x48,0x83,0xC1,0x01
	.byte 0x48,0x89,0xCF,0x48,0xC1,0xE7,0x03,0x90,0x49,0x8B,0x75,0xD8,0x49,0x8B,0x4D,0xF8
	.byte 0x48,0x29,0xCE,0x48,0x39,0xFE,0x0F,0x82,0x0E,0x00,0x00,0x00,0x49,0x8B,0x7E,0x18
	.byte 0x4D,0x8B,0x46,0x10,0xE9,0x2F,0x00,0x00,0x00,0x90,0x49,0x89,0x46,0x20,0x49,0x89
	.byte 0x56,0x08,0x41,0xBB,0x06,0x00,0x00,0x00,0x4D,0x89,0x1E,0x48,0x8D,0x05,0x06,0x00
	.byte 0x00,0x00,0xE9,0x91,0xF6,0xFF,0xFF,0x90,0x49,0x8B,0x46,0x20,0x49,0x8B,0x7E,0x18
	.byte 0x4D,0x8B,0x46,0x10,0x49,0x8B,0x56,0x08,0x49,0x83,0xF8,0x00,0x0F,0x84,0xB0,0x00
	.byte 0x00,0x00,0x49,0xF7,0xC0,0x01,0x00,0x00,0x00,0x0F,0x85,0x5F,0x00,0x00,0x00,0x49
	.byte 0x83,0xF8,0x00,0x0F,0x8D,0x2D,0x00,0x00,0x00,0xBE,0x03,0x00,0x00,0x00,0x49,0x89
	.byte 0xB5,0x78,0xFF,0xFF,0xFF,0x49,0x8B,0x75,0xF8,0x49,0x89,0xB5,0x80,0xFE,0xFF,0xFF
	.byte 0x31,0xF6,0x49,0xC1,0xF8,0x02,0x4C,0x29,0xC6,0x49,0x89,0xB5,0x18,0xFF,0xFF,0xFF
	.byte 0xE9,0x23,0x00,0x00,0x00,0x90,0xBE,0x02,0x00,0x00,0x00,0x49,0x89,0xB5,0x78,0xFF
	.byte 0xFF,0xFF,0x49,0x8B,0x75,0xF8,0x49,0x89,0xB5,0x80,0xFE,0xFF,0xFF,0x49,0xC1,0xE8
	.byte 0x02,0x4D,0x89,0x85,0x18,0xFF,0xFF,0xFF,0xE9,0x3F,0x00,0x00,0x00,0x90,0x49,0xC1
	.byte 0xE8,0x09,0x4D,0x01,0xE0,0x4C,0x89,0xC1,0x49,0x83,0xC0,0x08,0x4D,0x89,0x85,0x80
	.byte 0xFE,0xFF,0xFF,0x48,0x8B,0x31,0x48,0xC1,0xEE,0x04,0x48,0x83,0xE6,0x01,0x48,0x8B
	.byte 0x09,0x48,0xC1,0xE9,0x20,0x48,0xD1,0xE1,0x48,0x01,0xCE,0x49,0x89,0xB5,0x78,0xFF
	.byte 0xFF,0xFF,0x31,0xF6,0x49,0x89,0xB5,0x18,0xFF,0xFF,0xFF,0x90,0xE9,0x17,0x00,0x00
	.byte 0x00,0x90,0x4D,0x89,0x85,0x78,0xFF,0xFF,0xFF,0x4D,0x89,0x85,0x80,0xFE,0xFF,0xFF
	.byte 0x4D,0x89,0x85,0x18,0xFF,0xFF,0xFF,0x90,0x48,0x83,0xFF,0x00,0x0F,0x84,0xB0,0x00
	.byte 0x00,0x00,0x48,0xF7,0xC7,0x01,0x00,0x00,0x00,0x0F,0x85,0x5F,0x00,0x00,0x00,0x48
	.byte 0x83,0xFF,0x00,0x0F,0x8D,0x2D,0x00,0x00,0x00,0xBE,0x03,0x00,0x00,0x00,0x49,0x89
	.byte 0xB5,0x70,0xFF,0xFF,0xFF,0x49,0x8B,0x75,0xE0,0x49,0x89,0xB5,0x88,0xFE,0xFF,0xFF
	.byte 0x31,0xF6,0x48,0xC1,0xFF,0x02,0x48,0x29,0xFE,0x49,0x89,0xB5,0x20,0xFF,0xFF,0xFF
	.byte 0xE9,0x23,0x00,0x00,0x00,0x90,0xBE,0x02,0x00,0x00,0x00,0x49,0x89,0xB5,0x70,0xFF
	.byte 0xFF,0xFF,0x49,0x8B,0x75,0xE0,0x49,0x89,0xB5,0x88,0xFE,0xFF,0xFF,0x48,0xC1,0xEF
	.byte 0x02,0x49,0x89,0xBD,0x20,0xFF,0xFF,0xFF,0xE9,0x3F,0x00,0x00,0x00,0x90,0x48,0xC1
	.byte 0xEF,0x09,0x4C,0x01,0xE7,0x48,0x89,0xFE,0x48,0x83,0xC7,0x08,0x49,0x89,0xBD,0x88
	.byte 0xFE,0xFF,0xFF,0x48,0x8B,0x3E,0x48,0xC1,0xEF,0x04,0x48,0x83,0xE7,0x01,0x48,0x8B
	.byte 0x36,0x48,0xC1,0xEE,0x20,0x48,0xD1,0xE6,0x48,0x01,0xF7,0x49,0x89,0xBD,0x70,0xFF
	.byte 0xFF,0xFF,0x31,0xFF,0x49,0x89,0xBD,0x20,0xFF,0xFF,0xFF,0x90,0xE9,0x17,0x00,0x00
	.byte 0x00,0x90,0x49,0x89,0xBD,0x70,0xFF,0xFF,0xFF,0x49,0x89,0xBD,0x88,0xFE,0xFF,0xFF
	.byte 0x49,0x89,0xBD,0x20,0xFF,0xFF,0xFF,0x90,0x49,0x8B,0xBD,0x20,0xFF,0xFF,0xFF,0x49
	.byte 0x8B,0x75,0xE0,0x48,0x89,0x3E,0x49,0x8B,0xBD,0x18,0xFF,0xFF,0xFF,0x49,0x8B,0x75
	.byte 0xF8,0x48,0x89,0x3E,0x49,0x8B,0x8D,0x90,0xFE,0xFF,0xFF,0x49,0x8B,0x7D,0xF8,0x49
	.byte 0x89,0xBD,0x90,0xFE,0xFF,0xFF,0x48,0xC1,0xEA,0x02,0x49,0x89,0x95,0x60,0xFF,0xFF
	.byte 0xFF,0x31,0xF6,0x48,0x89,0xCA,0x48,0x89,0xC1,0x49,0x89,0x46,0x20,0x41,0xBB,0x07
	.byte 0x00,0x00,0x00,0x4D,0x89,0x1E,0x48,0x8D,0x05,0x05,0x00,0x00,0x00,0xE9,0xAE,0xFC
	.byte 0xFF,0xFF,0x49,0x8B,0x85,0x90,0xFE,0xFF,0xFF,0x48,0x83,0xC0,0x08,0x49,0x89,0x85
	.byte 0x90,0xFE,0xFF,0xFF,0x49,0x89,0x7E,0x20,0x41,0xBB,0x08,0x00,0x00,0x00,0x4D,0x89
	.byte 0x1E,0x48,0x8D,0x05,0x06,0x00,0x00,0x00,0xE9,0x6D,0x08,0x00,0x00,0x90,0x49,0x8B
	.byte 0x56,0x20,0x49,0x8B,0xB5,0x28,0xFF,0xFF,0xFF,0x48,0x85,0xF6,0x0F,0x85,0x0A,0x00
	.byte 0x00,0x00,0x48,0x89,0xF7,0x49,0x83,0xC6,0x28,0xFF,0xE2,0x90,0x49,0x8B,0x45,0xF8
	.byte 0x48,0x8B,0x40,0x08,0x48,0x83,0xFE,0x02,0x0F,0x84,0x3A,0x00,0x00,0x00,0x48,0x83
	.byte 0xFE,0x03,0x0F,0x85,0x2A,0x00,0x00,0x00,0x48,0x89,0xC7,0x48,0x83,0xC7,0xFF,0x48
	.byte 0xC1,0xEF,0x3D,0x48,0x85,0xFF,0x0F,0x85,0x10,0x00,0x00,0x00,0x31,0xFF,0x48,0xC1
	.byte 0xE0,0x02,0x48,0x29,0xC7,0x49,0x83,0xC6,0x28,0xFF,0xE2,0x90,0x49,0x89,0xF0,0x4C
	.byte 0x89,0xC6,0xE9,0x21,0x00,0x00,0x00,0x90,0x48,0x89,0xC7,0x48,0xC1,0xE8,0x3D,0x48
	.byte 0x85,0xC0,0x0F,0x85,0x0A,0x00,0x00,0x00,0x48,0xC1,0xE7,0x02,0x49,0x83,0xC6,0x28
	.byte 0xFF,0xE2,0x48,0x89,0xF1,0x48,0x89,0xCE,0x4D,0x8B,0x45,0xF8,0x48,0x89,0xF1,0x48
	.byte 0xD1,0xE9,0x48,0x83,0xE6,0x01,0x48,0xC1,0xE6,0x04,0x48,0x89,0xC8,0x48,0xC1,0xE0
	.byte 0x20,0x48,0x09,0xC6,0x48,0x83,0xCE,0x0F,0x49,0x89,0x30,0x4C,0x89,0xC7,0x4C,0x29
	.byte 0xE7,0x48,0xC1,0xE7,0x09,0x48,0x83,0xCF,0x01,0x48,0xC1,0xE1,0x03,0x4C,0x01,0xC1
	.byte 0x48,0x83,0xC1,0x08,0x49,0x89,0x4D,0xF8,0x49,0x83,0xC6,0x28,0xFF,0xE2,0x31,0xD2
	.byte 0xE9,0xCB,0xFB,0xFF,0xFF,0x90,0xBA,0x04,0x00,0x00,0x00,0xE9,0xC0,0xFB,0xFF,0xFF
	.byte 0xBA,0x10,0x00,0x00,0x00,0xE9,0xB6,0xFB,0xFF,0xFF,0xBA,0x14,0x00,0x00,0x00,0xE9
	.byte 0xAC,0xFB,0xFF,0xFF,0xBA,0x18,0x00,0x00,0x00,0xE9,0xA2,0xFB,0xFF,0xFF,0x48,0x83
	.byte 0xFF,0x00,0x0F,0x85,0x08,0x00,0x00,0x00,0xBF,0x01,0x00,0x00,0x00,0xFF,0xE0,0x90
	.byte 0x48,0x8B,0x0E,0x4C,0x8B,0x02,0x4C,0x39,0xC1,0x0F,0x85,0x11,0x00,0x00,0x00,0x48
	.byte 0x83,0xC7,0xFF,0x48,0x83,0xC6,0xF8,0x48,0x83,0xC2,0xF8,0xE9,0xCE,0xFF,0xFF,0xFF
	.byte 0x4C,0x39,0xC1,0x0F,0x83,0x05,0x00,0x00,0x00,0x31,0xFF,0xFF,0xE0,0x90,0xBF,0x02
	.byte 0x00,0x00,0x00,0xFF,0xE0,0x90,0x48,0xF7,0xC7,0x01,0x00,0x00,0x00,0x0F,0x85,0x23
	.byte 0x00,0x00,0x00,0x48,0xC1,0xEE,0x09,0x4C,0x01,0xE6,0x48,0x8B,0x3E,0x48,0xF7,0xC7
	.byte 0x10,0x00,0x00,0x00,0x0F,0x85,0x04,0x00,0x00,0x00,0x31,0xFF,0xFF,0xE0,0xBF,0x02
	.byte 0x00,0x00,0x00,0xFF,0xE0,0x90,0x48,0xF7,0xC6,0x01,0x00,0x00,0x00,0x0F,0x85,0x23
	.byte 0x00,0x00,0x00,0x48,0xC1,0xEF,0x09,0x4C,0x01,0xE7,0x48,0x8B,0x3F,0x48,0xF7,0xC7
	.byte 0x10,0x00,0x00,0x00,0x0F,0x85,0x08,0x00,0x00,0x00,0xBF,0x02,0x00,0x00,0x00,0xFF
	.byte 0xE0,0x90,0x31,0xFF,0xFF,0xE0,0x48,0xC1,0xEF,0x09,0x4C,0x01,0xE7,0x49,0x89,0xF9
	.byte 0x49,0x8B,0x39,0x48,0xC1,0xEE,0x09,0x4C,0x01,0xE6,0x49,0x89,0xF0,0x49,0x8B,0x10
	.byte 0x48,0x89,0xF9,0x48,0xC1,0xEF,0x20,0x48,0x89,0xD6,0x48,0xC1,0xEE,0x20,0x48,0x39
	.byte 0xD1,0x0F,0x85,0x35,0x00,0x00,0x00,0x48,0x89,0xFA,0x48,0xC1,0xE2,0x03,0x4C,0x01
	.byte 0xCA,0x48,0x89,0xFE,0x48,0xC1,0xE6,0x03,0x4C,0x01,0xC6,0x48,0xF7,0xC1,0x10,0x00
	.byte 0x00,0x00,0x0F,0x85,0x0E,0x00,0x00,0x00,0x49,0x89,0xD2,0x48,0x89,0xF2,0x4C,0x89
	.byte 0xD6,0xE9,0xF8,0xFE,0xFF,0xFF,0xE9,0xF3,0xFE,0xFF,0xFF,0x90,0x48,0xF7,0xC1,0x10
	.byte 0x00,0x00,0x00,0x0F,0x85,0x2B,0x00,0x00,0x00,0x48,0xF7,0xC2,0x10,0x00,0x00,0x00
	.byte 0x0F,0x85,0x16,0x00,0x00,0x00,0x48,0x39,0xF7,0x0F,0x83,0x05,0x00,0x00,0x00,0x31
	.byte 0xFF,0xFF,0xE0,0x90,0xBF,0x02,0x00,0x00,0x00,0xFF,0xE0,0x90,0xBF,0x02,0x00,0x00
	.byte 0x00,0xFF,0xE0,0x90,0x48,0xF7,0xC2,0x10,0x00,0x00,0x00,0x0F,0x85,0x05,0x00,0x00
	.byte 0x00,0x31,0xFF,0xFF,0xE0,0x90,0x48,0x39,0xF7,0x0F,0x83,0x07,0x00,0x00,0x00,0xBF
	.byte 0x02,0x00,0x00,0x00,0xFF,0xE0,0x31,0xFF,0xFF,0xE0,0x49,0x83,0xEE,0x28,0x4D,0x39
	.byte 0xEE,0x0F,0x82,0xD5,0xF1,0xFF,0xFF,0x90,0x48,0x83,0xFF,0x00,0x0F,0x85,0x0C,0x00
	.byte 0x00,0x00,0xBF,0x01,0x00,0x00,0x00,0x49,0x83,0xC6,0x28,0xFF,0xE0,0x90,0x49,0x89
	.byte 0x7E,0x10,0x48,0x89,0xF1,0x48,0x8B,0x39,0x48,0x8B,0x32,0x49,0x89,0x46,0x20,0x49
	.byte 0x89,0x4E,0x18,0x49,0x89,0x56,0x08,0x41,0xBB,0x09,0x00,0x00,0x00,0x4D,0x89,0x1E
	.byte 0x48,0x8D,0x05,0x05,0x00,0x00,0x00,0xE9,0x34,0x00,0x00,0x00,0x49,0x8B,0x46,0x20
	.byte 0x49,0x8B,0x76,0x18,0x49,0x8B,0x4E,0x10,0x49,0x8B,0x56,0x08,0x48,0x83,0xFF,0x01
	.byte 0x0F,0x84,0x06,0x00,0x00,0x00,0x49,0x83,0xC6,0x28,0xFF,0xE0,0x48,0x89,0xCF,0x48
	.byte 0x83,0xC7,0xFF,0x48,0x83,0xC6,0x08,0x48,0x83,0xC2,0x08,0xE9,0x88,0xFF,0xFF,0xFF
	.byte 0x48,0x39,0xF7,0x0F,0x85,0x07,0x00,0x00,0x00,0xBF,0x01,0x00,0x00,0x00,0xFF,0xE0
	.byte 0x49,0x89,0xF8,0x48,0x89,0xF1,0x4C,0x21,0xC6,0x48,0xF7,0xC6,0x01,0x00,0x00,0x00
	.byte 0x0F,0x85,0x04,0x00,0x00,0x00,0x31,0xFF,0xFF,0xE0,0x4C,0x89,0xC2,0x48,0xC1,0xEA
	.byte 0x09,0x4C,0x01,0xE2,0x48,0xC1,0xE9,0x09,0x4C,0x01,0xE1,0x48,0x8B,0x32,0x4C,0x8B
	.byte 0x01,0x48,0xF7,0xC6,0x0C,0x00,0x00,0x00,0x0F,0x85,0x60,0x00,0x00,0x00,0x48,0xBF
	.byte 0xFE,0xFF,0xFF,0xFF,0x00,0x00,0x00,0x00,0x49,0x89,0xF1,0x49,0x21,0xF9,0x49,0x81
	.byte 0xF9,0xE2,0x01,0x00,0x00,0x0F,0x85,0x07,0x00,0x00,0x00,0xBF,0x01,0x00,0x00,0x00
	.byte 0xFF,0xE0,0x49,0x81,0xF9,0xF2,0x01,0x00,0x00,0x0F,0x85,0x07,0x00,0x00,0x00,0xBF
	.byte 0x01,0x00,0x00,0x00,0xFF,0xE0,0x4C,0x39,0xC6,0x0F,0x84,0x05,0x00,0x00,0x00,0x31
	.byte 0xFF,0xFF,0xE0,0x90,0x48,0x89,0xF7,0x48,0xC1,0xEF,0x20,0x48,0x89,0xD6,0x48,0x83
	.byte 0xC6,0x08,0x48,0x89,0xCA,0x48,0x83,0xC2,0x08,0xE9,0xCC,0xFE,0xFF,0xFF,0x4C,0x39
	.byte 0xC6,0x0F,0x84,0x05,0x00,0x00,0x00,0x31,0xFF,0xFF,0xE0,0x90,0x48,0xF7,0xC6,0x04
	.byte 0x00,0x00,0x00,0x0F,0x85,0x05,0x00,0x00,0x00,0x31,0xFF,0xFF,0xE0,0x90,0x48,0x89
	.byte 0xF7,0x48,0x83,0xE7,0x18,0x48,0x83,0xFF,0x10,0x0F,0x85,0x05,0x00,0x00,0x00,0x31
	.byte 0xFF,0xFF,0xE0,0x90,0x48,0x89,0xF7,0x48,0xC1,0xEF,0x20,0x48,0x89,0xFE,0x48,0xC1
	.byte 0xE6,0x03,0x48,0x01,0xD6,0x48,0x89,0xFA,0x48,0xC1,0xE2,0x03,0x48,0x01,0xCA,0xE9
	.byte 0x0A,0xFD,0xFF,0xFF,0x49,0x89,0xFA,0x48,0x89,0xD7,0x4C,0x89,0xD2,0x49,0x89,0xF2
	.byte 0x48,0x89,0xC6,0x4C,0x89,0xD0,0x48,0xF7,0xF7,0x49,0x89,0x95,0x98,0xFE,0xFF,0xFF
	.byte 0x48,0x89,0xC7,0xFF,0xE6,0x90,0x49,0x83,0xEE,0x10,0x4D,0x39,0xEE,0x0F,0x82,0x29
	.byte 0xF0,0xFF,0xFF,0x90,0x48,0x89,0xFA,0x49,0x8B,0x4D,0x88,0x49,0x8B,0x7D,0x98,0x49
	.byte 0x89,0x55,0x88,0x49,0x89,0x75,0x98,0x49,0x89,0x46,0x08,0x48,0x8D,0x05,0x06,0x00
	.byte 0x00,0x00,0xE9,0x49,0xED,0xFF,0xFF,0x90,0x49,0x8B,0x46,0x08,0x49,0x83,0xC6,0x10
	.byte 0xFF,0xE0,0x48,0xF7,0xC7,0x01,0x00,0x00,0x00,0x0F,0x85,0x09,0x00,0x00,0x00,0x49
	.byte 0x8B,0x7D,0x88,0xE9,0x1E,0x00,0x00,0x00,0x48,0xC1,0xEF,0x09,0x4C,0x01,0xE7,0x48
	.byte 0x8B,0x4F,0x08,0x48,0xC1,0xE9,0x02,0x88,0x0A,0x48,0x83,0xC2,0x01,0x48,0x8B,0x7F
	.byte 0x10,0xE9,0xCC,0xFF,0xFF,0xFF,0x48,0xF7,0xC6,0x01,0x00,0x00,0x00,0x0F,0x85,0x09
	.byte 0x00,0x00,0x00,0x48,0x89,0xD6,0xE9,0x7B,0xFF,0xFF,0xFF,0x90,0x48,0xC1,0xEE,0x09
	.byte 0x4C,0x01,0xE6,0x48,0x8B,0x4E,0x08,0x48,0xC1,0xE9,0x09,0x4C,0x01,0xE1,0x48,0x8B
	.byte 0x49,0x08,0x48,0x89,0x0F,0x48,0x83,0xC7,0x08,0x48,0x8B,0x76,0x10,0xE9,0xC4,0xFF
	.byte 0xFF,0xFF,0x48,0xF7,0xC6,0x01,0x00,0x00,0x00,0x0F,0x85,0x03,0x00,0x00,0x00,0xFF
	.byte 0xE0,0x90,0x49,0x89,0xBD,0x78,0xFF,0xFF,0xFF,0x49,0x89,0xB5,0x70,0xFF,0xFF,0xFF
	.byte 0x49,0x8B,0x7D,0xF8,0x49,0x8B,0x4D,0xD8,0x48,0x29,0xF9,0x49,0x89,0xF8,0x4D,0x29
	.byte 0xE0,0x49,0xC1,0xE0,0x09,0x49,0x83,0xC8,0x05,0x4D,0x89,0x85,0x68,0xFF,0xFF,0xFF
	.byte 0x48,0xBA,0x03,0x00,0x00,0x00,0x02,0x00,0x00,0x00,0xE9,0x01,0x00,0x00,0x00,0x90
	.byte 0x49,0x89,0xF1,0x48,0xC1,0xEE,0x09,0x4C,0x01,0xE6,0x48,0x8B,0x5E,0x08,0x48,0x8B
	.byte 0x76,0x10,0x48,0x83,0xF9,0x18,0x0F,0x83,0x0A,0x00,0x00,0x00,0x31,0xF6,0x4C,0x89
	.byte 0xCF,0xE9,0x4C,0x00,0x00,0x00,0x48,0x89,0x17,0x48,0x89,0x5F,0x08,0x48,0xF7,0xC6
	.byte 0x01,0x00,0x00,0x00,0x0F,0x84,0x18,0x00,0x00,0x00,0x49,0x81,0xC0,0x00,0x30,0x00
	.byte 0x00,0x48,0x83,0xC1,0xE8,0x4C,0x89,0x47,0x10,0x48,0x83,0xC7,0x18,0xE9,0xAE,0xFF
	.byte 0xFF,0xFF,0x49,0x8B,0x95,0x78,0xFF,0xFF,0xFF,0x49,0x8B,0xB5,0x68,0xFF,0xFF,0xFF
	.byte 0x48,0x89,0x57,0x10,0x48,0x83,0xC7,0x18,0x49,0x89,0x7D,0xF8,0x48,0x89,0xF7,0xFF
	.byte 0xE0,0x90,0x49,0x83,0xEE,0x20,0x4D,0x39,0xEE,0x0F,0x82,0xBD,0xEE,0xFF,0xFF,0x90
	.byte 0x48,0xF7,0xC7,0x01,0x00,0x00,0x00,0x0F,0x85,0x9B,0x00,0x00,0x00,0x49,0x8B,0x55
	.byte 0xD8,0x49,0x8B,0x7D,0xF8,0x48,0x29,0xFA,0x48,0xD1,0xEA,0x48,0x01,0xF2,0x49,0x8B
	.byte 0xBD,0x78,0xFF,0xFF,0xFF,0x49,0x8B,0xB5,0x70,0xFF,0xFF,0xFF,0x48,0xC1,0xEA,0x02
	.byte 0x49,0xBA,0xFF,0xFF,0xFF,0xFF,0xFF,0xFF,0xFF,0x1F,0x4C,0x39,0xD2,0x0F,0x82,0x0F
	.byte 0x00,0x00,0x00,0x48,0xBA,0xFF,0xFF,0xFF,0xFF,0xFF,0xFF,0xFF,0xFF,0xE9,0x08,0x00
	.byte 0x00,0x00,0x48,0x83,0xC2,0x01,0x48,0xC1,0xE2,0x03,0x49,0x8B,0x4D,0xD8,0x4D,0x8B
	.byte 0x45,0xF8,0x4C,0x29,0xC1,0x48,0x39,0xD1,0x0F,0x83,0x30,0x00,0x00,0x00,0x49,0x89
	.byte 0x7E,0x10,0x48,0x89,0xD7,0x49,0x89,0x46,0x18,0x49,0x89,0x76,0x08,0x41,0xBB,0x0A
	.byte 0x00,0x00,0x00,0x4D,0x89,0x1E,0x48,0x8D,0x05,0x05,0x00,0x00,0x00,0xE9,0x36,0xEE
	.byte 0xFF,0xFF,0x49,0x8B,0x46,0x18,0x49,0x8B,0x7E,0x10,0x49,0x8B,0x76,0x08,0x49,0x83
	.byte 0xC6,0x20,0xE9,0x8B,0xFE,0xFF,0xFF,0x90,0x48,0xC1,0xEF,0x09,0x4C,0x01,0xE7,0x48
	.byte 0x8B,0x7F,0x10,0x48,0x83,0xC6,0x0C,0xE9,0x44,0xFF,0xFF,0xFF,0x48,0x83,0xFA,0x02
	.byte 0x0F,0x83,0x26,0x00,0x00,0x00,0x48,0x83,0xFA,0x00,0x0F,0x85,0x08,0x00,0x00,0x00
	.byte 0xBF,0x02,0x00,0x00,0x00,0xFF,0xE0,0x90,0x48,0x8B,0x16,0x48,0x8B,0x37,0x48,0x31
	.byte 0xD6,0x48,0x89,0x37,0xBF,0x02,0x00,0x00,0x00,0xFF,0xE0,0x90,0x48,0x8B,0x1E,0x48
	.byte 0x8B,0x0F,0x4C,0x8B,0x4E,0x08,0x4C,0x8B,0x47,0x08,0x48,0x83,0xC2,0xFE,0x48,0x31
	.byte 0xD9,0x4D,0x31,0xC8,0x48,0x89,0x0F,0x4C,0x89,0x47,0x08,0x48,0x83,0xC6,0x10,0x48
	.byte 0x83,0xC7,0x10,0xE9,0xA4,0xFF,0xFF,0xFF,0x48,0x85,0xFF,0x0F,0x85,0x05,0x00,0x00
	.byte 0x00,0x48,0x89,0xCF,0xFF,0xE0,0x4C,0x8B,0x06,0x48,0x83,0xC7,0xFC,0x48,0x83,0xC6
	.byte 0x08,0x4C,0x89,0x02,0x48,0x83,0xC2,0x08,0xE9,0xDB,0xFF,0xFF,0xFF,0x90,0x49,0x89
	.byte 0xF1,0x48,0x89,0xCE,0x49,0xC1,0xE9,0x02,0x48,0xC1,0xEA,0x02,0x49,0xC1,0xE8,0x02
	.byte 0x4C,0x89,0xC9,0x4D,0x01,0xE1,0x48,0xC1,0xEF,0x09,0x49,0x01,0xF9,0x49,0x83,0xC1
	.byte 0x08,0x4C,0x89,0xC7,0x4D,0x01,0xE0,0x48,0xC1,0xEE,0x09,0x49,0x01,0xF0,0x49,0x83
	.byte 0xC0,0x08,0x48,0x39,0xF9,0x0F,0x83,0x1B,0x00,0x00,0x00,0x48,0x89,0xD7,0x48,0x83
	.byte 0xC2,0xFF,0x48,0x89,0xD6,0x4C,0x01,0xCE,0x4C,0x01,0xC2,0xB9,0x02,0x00,0x00,0x00
	.byte 0xE9,0xAD,0x00,0x00,0x00,0x90,0xB9,0x02,0x00,0x00,0x00,0x48,0x89,0xD7,0x4C,0x89
	.byte 0xCE,0x4C,0x89,0xC2,0xE9,0x01,0x00,0x00,0x00,0x90,0x48,0x83,0xFF,0x04,0x0F,0x83
	.byte 0x5C,0x00,0x00,0x00,0x48,0x83,0xFF,0x02,0x0F,0x83,0x1C,0x00,0x00,0x00,0x48,0x83
	.byte 0xFF,0x00,0x0F,0x85,0x06,0x00,0x00,0x00,0x48,0x89,0xCF,0xFF,0xE0,0x90,0x48,0x0F
	.byte 0xB6,0x3E,0x40,0x88,0x3A,0x48,0x89,0xCF,0xFF,0xE0,0x4C,0x0F,0xB6,0x0E,0x4C,0x0F
	.byte 0xB6,0x46,0x01,0x48,0x83,0xFF,0x02,0x0F,0x85,0x0D,0x00,0x00,0x00,0x44,0x88,0x0A
	.byte 0x44,0x88,0x42,0x01,0x48,0x89,0xCF,0xFF,0xE0,0x90,0x48,0x0F,0xB6,0x7E,0x02,0x44
	.byte 0x88,0x0A,0x44,0x88,0x42,0x01,0x40,0x88,0x7A,0x02,0x48,0x89,0xCF,0xFF,0xE0,0x90
	.byte 0x4C,0x0F,0xB6,0x3E,0x48,0x0F,0xB6,0x5E,0x01,0x4C,0x0F,0xB6,0x4E,0x02,0x4C,0x0F
	.byte 0xB6,0x46,0x03,0x44,0x88,0x3A,0x88,0x5A,0x01,0x44,0x88,0x4A,0x02,0x44,0x88,0x42
	.byte 0x03,0x48,0x83,0xC7,0xFC,0x48,0x83,0xC6,0x04,0x48,0x83,0xC2,0x04,0xE9,0x68,0xFF
	.byte 0xFF,0xFF,0x48,0x83,0xFF,0x04,0x0F,0x83,0x5C,0x00,0x00,0x00,0x48,0x83,0xFF,0x02
	.byte 0x0F,0x83,0x1C,0x00,0x00,0x00,0x48,0x83,0xFF,0x00,0x0F,0x85,0x06,0x00,0x00,0x00
	.byte 0x48,0x89,0xCF,0xFF,0xE0,0x90,0x48,0x0F,0xB6,0x3E,0x40,0x88,0x3A,0x48,0x89,0xCF
	.byte 0xFF,0xE0,0x4C,0x0F,0xB6,0x0E,0x4C,0x0F,0xB6,0x46,0xFF,0x48,0x83,0xFF,0x02,0x0F
	.byte 0x85,0x0D,0x00,0x00,0x00,0x44,0x88,0x0A,0x44,0x88,0x42,0xFF,0x48,0x89,0xCF,0xFF
	.byte 0xE0,0x90,0x48,0x0F,0xB6,0x7E,0xFE,0x44,0x88,0x0A,0x44,0x88,0x42,0xFF,0x40,0x88
	.byte 0x7A,0xFE,0x48,0x89,0xCF,0xFF,0xE0,0x90,0x4C,0x0F,0xB6,0x3E,0x48,0x0F,0xB6,0x5E
	.byte 0xFF,0x4C,0x0F,0xB6,0x4E,0xFE,0x4C,0x0F,0xB6,0x46,0xFD,0x44,0x88,0x3A,0x88,0x5A
	.byte 0xFF,0x44,0x88,0x4A,0xFE,0x44,0x88,0x42,0xFD,0x48,0x83,0xC7,0xFC,0x48,0x83,0xC6
	.byte 0xFC,0x48,0x83,0xC2,0xFC,0xE9,0x68,0xFF,0xFF,0xFF,0x49,0x83,0xEE,0x10,0x4D,0x39
	.byte 0xEE,0x0F,0x82,0xD5,0xEB,0xFF,0xFF,0x90,0x49,0x8B,0xBD,0x60,0xFF,0xFF,0xFF,0x48
	.byte 0x83,0xFF,0x02,0x0F,0x82,0xD5,0x07,0x00,0x00,0x49,0x8B,0xBD,0x60,0xFF,0xFF,0xFF
	.byte 0x48,0x83,0xFF,0x04,0x0F,0x84,0x92,0x06,0x00,0x00,0x4D,0x8B,0x8D,0x60,0xFF,0xFF
	.byte 0xFF,0x49,0x83,0xC1,0xFB,0x4D,0x89,0x8D,0x60,0xFF,0xFF,0xFF,0x4D,0x8B,0x85,0x78
	.byte 0xFF,0xFF,0xFF,0x49,0x8B,0x8D,0x70,0xFF,0xFF,0xFF,0x49,0x89,0x8D,0x20,0xFF,0xFF
	.byte 0xFF,0x4C,0x89,0xC7,0x48,0xD1,0xEF,0x49,0x89,0xBD,0x78,0xFF,0xFF,0xFF,0x48,0x89
	.byte 0xCE,0x48,0xD1,0xEE,0x49,0x89,0xB5,0x70,0xFF,0xFF,0xFF,0x48,0x89,0xCA,0x4C,0x31
	.byte 0xC2,0x48,0x83,0xE2,0x01,0x49,0x89,0x95,0xD8,0xFE,0xFF,0xFF,0x49,0x89,0x8D,0xD0
	.byte 0xFE,0xFF,0xFF,0x48,0x39,0xF7,0x0F,0x82,0x76,0x03,0x00,0x00,0x48,0x83,0xFE,0x01
	.byte 0x0F,0x84,0x80,0x02,0x00,0x00,0x4D,0x89,0x8D,0xE8,0xFE,0xFF,0xFF,0x49,0x89,0xBD
	.byte 0xE0,0xFE,0xFF,0xFF,0x49,0x89,0xB5,0x40,0xFF,0xFF,0xFF,0x49,0x89,0xBD,0x30,0xFF
	.byte 0xFF,0xFF,0x48,0x83,0xC6,0xFF,0x49,0x89,0xB5,0x28,0xFF,0xFF,0xFF,0x48,0xC1,0xE6
	.byte 0x03,0x49,0x8B,0xBD,0x88,0xFE,0xFF,0xFF,0x48,0x01,0xFE,0x48,0x8B,0x3E,0x49,0x89
	.byte 0xBD,0x70,0xFF,0xFF,0xFF,0xBF,0x01,0x00,0x00,0x00,0x49,0x89,0xBD,0x68,0xFF,0xFF
	.byte 0xFF,0x49,0x89,0x46,0x08,0x41,0xBB,0x17,0x00,0x00,0x00,0x4D,0x89,0x1E,0x48,0x8D
	.byte 0x05,0x05,0x00,0x00,0x00,0xE9,0xB2,0x18,0x00,0x00,0x31,0xC0,0x49,0x89,0x85,0x70
	.byte 0xFF,0xFF,0xFF,0x49,0x8B,0xBD,0x68,0xFF,0xFF,0xFF,0x49,0x89,0xBD,0x38,0xFF,0xFF
	.byte 0xFF,0x49,0x89,0x85,0x28,0xFF,0xFF,0xFF,0x49,0x89,0x85,0x20,0xFF,0xFF,0xFF,0x41
	.byte 0xBB,0x18,0x00,0x00,0x00,0x4D,0x89,0x1E,0x48,0x8D,0x05,0x05,0x00,0x00,0x00,0xE9
	.byte 0x46,0x17,0x00,0x00,0x31,0xC0,0x49,0x8B,0xBD,0x28,0xFF,0xFF,0xFF,0x48,0xC1,0xE7
	.byte 0x03,0x49,0x8B,0xB5,0x90,0xFE,0xFF,0xFF,0x48,0x01,0xF7,0x48,0x89,0x07,0x31,0xC0
	.byte 0x49,0x89,0x85,0x78,0xFF,0xFF,0xFF,0x49,0x89,0x85,0x70,0xFF,0xFF,0xFF,0x49,0x89
	.byte 0x85,0x60,0xFF,0xFF,0xFF,0x49,0x89,0x85,0x20,0xFF,0xFF,0xFF,0x49,0x8B,0x85,0x40
	.byte 0xFF,0xFF,0xFF,0x49,0x89,0x85,0x30,0xFF,0xFF,0xFF,0x41,0xBB,0x19,0x00,0x00,0x00
	.byte 0x4D,0x89,0x1E,0x48,0x8D,0x05,0x06,0x00,0x00,0x00,0xE9,0x27,0x16,0x00,0x00,0x90
	.byte 0x49,0x8B,0x85,0x38,0xFF,0xFF,0xFF,0x49,0x89,0x85,0x40,0xFF,0xFF,0xFF,0x49,0x8B
	.byte 0x85,0x30,0xFF,0xFF,0xFF,0x49,0x89,0x85,0x20,0xFF,0xFF,0xFF,0x49,0x8B,0x85,0xE0
	.byte 0xFE,0xFF,0xFF,0x49,0x8B,0xBD,0x30,0xFF,0xFF,0xFF,0x48,0x29,0xF8,0x48,0x83,0xC0
	.byte 0x02,0x49,0x89,0x85,0x28,0xFF,0xFF,0xFF,0x49,0x8B,0xBD,0x78,0xFF,0xFF,0xFF,0x49
	.byte 0x89,0xBD,0x08,0xFF,0xFF,0xFF,0x49,0x8B,0xBD,0x70,0xFF,0xFF,0xFF,0x49,0x89,0xBD
	.byte 0x00,0xFF,0xFF,0xFF,0x49,0x89,0x85,0xF0,0xFE,0xFF,0xFF,0x41,0xBB,0x1A,0x00,0x00
	.byte 0x00,0x4D,0x89,0x1E,0x48,0x8D,0x05,0x05,0x00,0x00,0x00,0xE9,0xCC,0x0C,0x00,0x00
	.byte 0x49,0x8B,0x85,0xF0,0xFE,0xFF,0xFF,0x49,0x89,0x85,0x38,0xFF,0xFF,0xFF,0x49,0x8B
	.byte 0x85,0x30,0xFF,0xFF,0xFF,0x49,0x89,0x85,0x20,0xFF,0xFF,0xFF,0x49,0x8B,0x85,0x30
	.byte 0xFF,0xFF,0xFF,0x49,0x89,0x85,0x28,0xFF,0xFF,0xFF,0x49,0x8B,0x85,0x40,0xFF,0xFF
	.byte 0xFF,0x49,0x89,0x85,0x30,0xFF,0xFF,0xFF,0x31,0xC0,0x49,0x89,0x85,0x68,0xFF,0xFF
	.byte 0xFF,0x41,0xBB,0x1B,0x00,0x00,0x00,0x4D,0x89,0x1E,0x48,0x8D,0x05,0x05,0x00,0x00
	.byte 0x00,0xE9,0xC6,0x0B,0x00,0x00,0x49,0x8B,0x85,0x20,0xFF,0xFF,0xFF,0x49,0x89,0x85
	.byte 0x30,0xFF,0xFF,0xFF,0x49,0x89,0x85,0x28,0xFF,0xFF,0xFF,0x49,0x8B,0x85,0x38,0xFF
	.byte 0xFF,0xFF,0x49,0x89,0x85,0x40,0xFF,0xFF,0xFF,0x41,0xBB,0x1C,0x00,0x00,0x00,0x4D
	.byte 0x89,0x1E,0x48,0x8D,0x05,0x05,0x00,0x00,0x00,0xE9,0xD2,0x1A,0x00,0x00,0x49,0x8B
	.byte 0x85,0x28,0xFF,0xFF,0xFF,0x49,0x89,0x85,0x48,0xFF,0xFF,0xFF,0x49,0x8B,0x85,0x30
	.byte 0xFF,0xFF,0xFF,0x49,0x89,0x85,0x28,0xFF,0xFF,0xFF,0x49,0x8B,0x85,0xE8,0xFE,0xFF
	.byte 0xFF,0x49,0x89,0x85,0x60,0xFF,0xFF,0xFF,0x49,0x8B,0xBD,0x40,0xFF,0xFF,0xFF,0x49
	.byte 0x89,0xBD,0x38,0xFF,0xFF,0xFF,0x48,0x83,0xF8,0x00,0x0F,0x84,0x14,0x00,0x00,0x00
	.byte 0x49,0x8B,0x85,0x30,0xFF,0xFF,0xFF,0x49,0x89,0x85,0x78,0xFF,0xFF,0xFF,0xE9,0x2D
	.byte 0x00,0x00,0x00,0x90,0x31,0xC0,0x49,0x89,0x85,0x20,0xFF,0xFF,0xFF,0x41,0xBB,0x1D
	.byte 0x00,0x00,0x00,0x4D,0x89,0x1E,0x48,0x8D,0x05,0x05,0x00,0x00,0x00,0xE9,0x90,0x0A
	.byte 0x00,0x00,0x49,0x8B,0x85,0x40,0xFF,0xFF,0xFF,0x49,0x89,0x85,0x78,0xFF,0xFF,0xFF
	.byte 0xE9,0xE7,0x00,0x00,0x00,0x90,0x4D,0x89,0x8D,0x08,0xFF,0xFF,0xFF,0x31,0xF6,0x49
	.byte 0x89,0xB5,0x68,0xFF,0xFF,0xFF,0x48,0xC1,0xE6,0x03,0x49,0x8B,0x95,0x88,0xFE,0xFF
	.byte 0xFF,0x48,0x01,0xD6,0x48,0x8B,0x36,0x49,0x89,0xB5,0x30,0xFF,0xFF,0xFF,0x49,0x89
	.byte 0xBD,0x28,0xFF,0xFF,0xFF,0x49,0x89,0xBD,0x38,0xFF,0xFF,0xFF,0x49,0x89,0x46,0x08
	.byte 0x41,0xBB,0x16,0x00,0x00,0x00,0x4D,0x89,0x1E,0x48,0x8D,0x05,0x06,0x00,0x00,0x00
	.byte 0xE9,0x93,0x16,0x00,0x00,0x90,0x31,0xC0,0x49,0x89,0x85,0x48,0xFF,0xFF,0xFF,0x49
	.byte 0x8B,0x85,0x38,0xFF,0xFF,0xFF,0x49,0x89,0x85,0x78,0xFF,0xFF,0xFF,0x49,0x8B,0x85
	.byte 0x08,0xFF,0xFF,0xFF,0x49,0x89,0x85,0x60,0xFF,0xFF,0xFF,0x48,0x83,0xF8,0x00,0x0F
	.byte 0x84,0x49,0x00,0x00,0x00,0xB8,0x01,0x00,0x00,0x00,0x49,0x89,0x85,0x78,0xFF,0xFF
	.byte 0xFF,0x31,0xC0,0x49,0x8B,0xBD,0x68,0xFF,0xFF,0xFF,0x48,0xC1,0xE0,0x03,0x49,0x8B
	.byte 0xB5,0x90,0xFE,0xFF,0xFF,0x48,0x01,0xF0,0x48,0x89,0x38,0x49,0x8B,0x85,0x68,0xFF
	.byte 0xFF,0xFF,0x48,0x83,0xF8,0x00,0x0F,0x84,0x0C,0x00,0x00,0x00,0xB8,0x01,0x00,0x00
	.byte 0x00,0x49,0x89,0x85,0x48,0xFF,0xFF,0xFF,0xE9,0x1F,0x00,0x00,0x00,0x90,0x49,0x8B
	.byte 0x85,0x68,0xFF,0xFF,0xFF,0x48,0x83,0xF8,0x00,0x0F,0x84,0x0D,0x00,0x00,0x00,0xB8
	.byte 0x01,0x00,0x00,0x00,0x49,0x89,0x85,0x48,0xFF,0xFF,0xFF,0x90,0xE9,0x89,0x00,0x00
	.byte 0x00,0x90,0x49,0x89,0xBD,0x48,0xFF,0xFF,0xFF,0x49,0x83,0xF9,0x00,0x0F,0x84,0x69
	.byte 0x00,0x00,0x00,0x49,0x89,0xBD,0x20,0xFF,0xFF,0xFF,0x49,0x89,0xB5,0x28,0xFF,0xFF
	.byte 0xFF,0x31,0xFF,0x49,0x89,0xBD,0x78,0xFF,0xFF,0xFF,0x49,0x89,0x46,0x08,0x41,0xBB
	.byte 0x14,0x00,0x00,0x00,0x4D,0x89,0x1E,0x48,0x8D,0x05,0x06,0x00,0x00,0x00,0xE9,0xD7
	.byte 0x18,0x00,0x00,0x90,0x49,0x8B,0x85,0x20,0xFF,0xFF,0xFF,0x49,0x89,0x85,0x28,0xFF
	.byte 0xFF,0xFF,0x41,0xBB,0x15,0x00,0x00,0x00,0x4D,0x89,0x1E,0x48,0x8D,0x05,0x06,0x00
	.byte 0x00,0x00,0xE9,0x41,0x16,0x00,0x00,0x90,0x49,0x8B,0x85,0x70,0xFF,0xFF,0xFF,0x49
	.byte 0x89,0x85,0x78,0xFF,0xFF,0xFF,0xE9,0x0F,0x00,0x00,0x00,0x90,0x31,0xFF,0x49,0x89
	.byte 0xBD,0x78,0xFF,0xFF,0xFF,0x49,0x89,0x46,0x08,0x90,0x49,0x8B,0x85,0xD0,0xFE,0xFF
	.byte 0xFF,0x49,0x89,0x85,0x20,0xFF,0xFF,0xFF,0x49,0x8B,0xBD,0x60,0xFF,0xFF,0xFF,0x48
	.byte 0x83,0xFF,0x00,0x0F,0x84,0x2B,0x01,0x00,0x00,0x49,0x8B,0xBD,0xD8,0xFE,0xFF,0xFF
	.byte 0x49,0x89,0xBD,0x68,0xFF,0xFF,0xFF,0x48,0xD1,0xE8,0x49,0x89,0x85,0x70,0xFF,0xFF
	.byte 0xFF,0x48,0x83,0xFF,0x00,0x0F,0x84,0xAF,0x00,0x00,0x00,0x49,0x8B,0xBD,0x48,0xFF
	.byte 0xFF,0xFF,0x48,0x83,0xFF,0x00,0x0F,0x84,0x94,0x00,0x00,0x00,0x49,0x8B,0xBD,0x48
	.byte 0xFF,0xFF,0xFF,0x49,0x89,0xBD,0x38,0xFF,0xFF,0xFF,0x49,0x8B,0xBD,0x48,0xFF,0xFF
	.byte 0xFF,0x49,0x89,0xBD,0x30,0xFF,0xFF,0xFF,0x49,0x89,0x85,0x60,0xFF,0xFF,0xFF,0x31
	.byte 0xFF,0x49,0x89,0xBD,0x28,0xFF,0xFF,0xFF,0x48,0x83,0xC0,0x01,0x49,0x89,0x85,0x70
	.byte 0xFF,0xFF,0xFF,0xB8,0x01,0x00,0x00,0x00,0x49,0x89,0x85,0x58,0xFF,0xFF,0xFF,0x41
	.byte 0xBB,0x20,0x00,0x00,0x00,0x4D,0x89,0x1E,0x48,0x8D,0x05,0x05,0x00,0x00,0x00,0xE9
	.byte 0xAE,0x06,0x00,0x00,0x49,0x8B,0x85,0x60,0xFF,0xFF,0xFF,0x49,0x89,0x85,0x28,0xFF
	.byte 0xFF,0xFF,0x41,0xBB,0x21,0x00,0x00,0x00,0x4D,0x89,0x1E,0x48,0x8D,0x05,0x06,0x00
	.byte 0x00,0x00,0xE9,0x09,0x18,0x00,0x00,0x90,0x49,0x8B,0x46,0x08,0x49,0x8B,0xBD,0x28
	.byte 0xFF,0xFF,0xFF,0x49,0x89,0xBD,0x48,0xFF,0xFF,0xFF,0xE9,0x05,0x00,0x00,0x00,0x90
	.byte 0x49,0x8B,0x46,0x08,0xE9,0x05,0x00,0x00,0x00,0x90,0x49,0x8B,0x46,0x08,0x49,0x8B
	.byte 0xBD,0x48,0xFF,0xFF,0xFF,0x48,0x83,0xFF,0x00,0x0F,0x84,0x31,0x00,0x00,0x00,0x49
	.byte 0x8B,0xBD,0x48,0xFF,0xFF,0xFF,0x48,0xD1,0xE7,0x49,0x89,0xBD,0x48,0xFF,0xFF,0xFF
	.byte 0x49,0x8B,0xB5,0x20,0xFF,0xFF,0xFF,0x48,0xF7,0xC6,0x01,0x00,0x00,0x00,0x0F,0x84
	.byte 0x0C,0x00,0x00,0x00,0x48,0x83,0xC7,0x01,0x49,0x89,0xBD,0x48,0xFF,0xFF,0xFF,0x90
	.byte 0x49,0x8B,0xBD,0x48,0xFF,0xFF,0xFF,0x49,0x89,0xBD,0x20,0xFF,0xFF,0xFF,0xE9,0xD5
	.byte 0x00,0x00,0x00,0x90,0x49,0x8B,0x85,0x78,0xFF,0xFF,0xFF,0x49,0x89,0x85,0x28,0xFF
	.byte 0xFF,0xFF,0x49,0x89,0x85,0x38,0xFF,0xFF,0xFF,0x41,0xBB,0x1E,0x00,0x00,0x00,0x4D
	.byte 0x89,0x1E,0x48,0x8D,0x05,0x05,0x00,0x00,0x00,0xE9,0x62,0x17,0x00,0x00,0x49,0x8B
	.byte 0x85,0x28,0xFF,0xFF,0xFF,0x49,0x89,0x85,0x20,0xFF,0xFF,0xFF,0x49,0x8B,0x85,0xD8
	.byte 0xFE,0xFF,0xFF,0x49,0x89,0x85,0x68,0xFF,0xFF,0xFF,0x49,0x89,0x85,0x60,0xFF,0xFF
	.byte 0xFF,0x48,0x83,0xF8,0x00,0x0F,0x84,0x4D,0x00,0x00,0x00,0x49,0x8B,0x85,0x48,0xFF
	.byte 0xFF,0xFF,0x48,0x83,0xF8,0x00,0x0F,0x84,0x32,0x00,0x00,0x00,0x31,0xC0,0x49,0x89
	.byte 0x85,0x28,0xFF,0xFF,0xFF,0x48,0xF7,0xD0,0x49,0x89,0x85,0x68,0xFF,0xFF,0xFF,0x41
	.byte 0xBB,0x1F,0x00,0x00,0x00,0x4D,0x89,0x1E,0x48,0x8D,0x05,0x05,0x00,0x00,0x00,0xE9
	.byte 0x44,0x06,0x00,0x00,0x49,0x8B,0x46,0x08,0xE9,0x05,0x00,0x00,0x00,0x90,0x49,0x8B
	.byte 0x46,0x08,0xE9,0x05,0x00,0x00,0x00,0x90,0x49,0x8B,0x46,0x08,0x49,0x8B,0xBD,0x20
	.byte 0xFF,0xFF,0xFF,0x48,0x83,0xFF,0x00,0x0F,0x84,0x1B,0x00,0x00,0x00,0x49,0x8B,0xB5
	.byte 0x20,0xFF,0xFF,0xFF,0x48,0xD1,0xE6,0x49,0x8B,0xBD,0x60,0xFF,0xFF,0xFF,0x48,0x01
	.byte 0xF7,0x49,0x89,0xBD,0x20,0xFF,0xFF,0xFF,0x49,0x8B,0xBD,0x20,0xFF,0xFF,0xFF,0x49
	.byte 0x89,0xBD,0x28,0xFF,0xFF,0xFF,0xE9,0x2D,0x01,0x00,0x00,0x90,0x49,0x8B,0xBD,0x70
	.byte 0xFF,0xFF,0xFF,0x49,0x89,0xBD,0x68,0xFF,0xFF,0xFF,0x49,0x8B,0x95,0x78,0xFF,0xFF
	.byte 0xFF,0x49,0x89,0x95,0x70,0xFF,0xFF,0xFF,0x31,0xF6,0x49,0x89,0xB5,0x28,0xFF,0xFF
	.byte 0xFF,0x48,0x83,0xFA,0x00,0x0F,0x84,0xFD,0x00,0x00,0x00,0x48,0x83,0xFF,0x00,0x0F
	.byte 0x84,0xF3,0x00,0x00,0x00,0x49,0x89,0xB5,0x78,0xFF,0xFF,0xFF,0x48,0xD1,0xEF,0x49
	.byte 0x89,0xBD,0x28,0xFF,0xFF,0xFF,0x49,0x89,0x46,0x08,0x41,0xBB,0x11,0x00,0x00,0x00
	.byte 0x4D,0x89,0x1E,0x48,0x8D,0x05,0x06,0x00,0x00,0x00,0xE9,0xFB,0x15,0x00,0x00,0x90
	.byte 0x49,0x8B,0x85,0x70,0xFF,0xFF,0xFF,0x48,0x83,0xE0,0x01,0x49,0x8B,0xBD,0x68,0xFF
	.byte 0xFF,0xFF,0x48,0x83,0xE7,0x01,0x49,0x89,0xBD,0x20,0xFF,0xFF,0xFF,0x48,0x39,0xF8
	.byte 0x0F,0x84,0x12,0x00,0x00,0x00,0xB8,0x01,0x00,0x00,0x00,0x49,0x89,0x85,0x10,0xFF
	.byte 0xFF,0xFF,0xE9,0x0B,0x00,0x00,0x00,0x90,0x31,0xC0,0x49,0x89,0x85,0x10,0xFF,0xFF
	.byte 0xFF,0x90,0x49,0x8B,0x85,0x70,0xFF,0xFF,0xFF,0x48,0xD1,0xE8,0x49,0x89,0x85,0x40
	.byte 0xFF,0xFF,0xFF,0x49,0x8B,0x85,0x68,0xFF,0xFF,0xFF,0x48,0xD1,0xE8,0x49,0x89,0x85
	.byte 0x30,0xFF,0xFF,0xFF,0x31,0xC0,0x49,0x89,0x85,0x28,0xFF,0xFF,0xFF,0x49,0x89,0x85
	.byte 0x18,0xFF,0xFF,0xFF,0x41,0xBB,0x12,0x00,0x00,0x00,0x4D,0x89,0x1E,0x48,0x8D,0x05
	.byte 0x06,0x00,0x00,0x00,0xE9,0x59,0x13,0x00,0x00,0x90,0x31,0xC0,0x49,0x89,0x85,0x38
	.byte 0xFF,0xFF,0xFF,0x41,0xBB,0x13,0x00,0x00,0x00,0x4D,0x89,0x1E,0x48,0x8D,0x05,0x05
	.byte 0x00,0x00,0x00,0xE9,0x98,0x15,0x00,0x00,0x49,0x8B,0x46,0x08,0x49,0x8B,0xB5,0x28
	.byte 0xFF,0xFF,0xFF,0x48,0xD1,0xE6,0x49,0x8B,0xBD,0x10,0xFF,0xFF,0xFF,0x48,0x01,0xF7
	.byte 0x49,0x89,0xBD,0x28,0xFF,0xFF,0xFF,0x90,0xE9,0xEB,0x03,0x00,0x00,0x90,0x49,0x8B
	.byte 0xBD,0x60,0xFF,0xFF,0xFF,0x48,0x83,0xFF,0x00,0x0F,0x84,0x13,0x00,0x00,0x00,0x49
	.byte 0x8B,0xBD,0x70,0xFF,0xFF,0xFF,0x48,0x83,0xF7,0x01,0x49,0x89,0xBD,0x70,0xFF,0xFF
	.byte 0xFF,0x90,0x49,0x8B,0x8D,0x70,0xFF,0xFF,0xFF,0x49,0x89,0x8D,0x68,0xFF,0xFF,0xFF
	.byte 0x49,0x8B,0x95,0x78,0xFF,0xFF,0xFF,0x49,0x89,0x95,0x70,0xFF,0xFF,0xFF,0x48,0x89
	.byte 0xD6,0x48,0x83,0xE2,0x01,0x48,0x89,0xCF,0x48,0x83,0xE1,0x01,0x49,0x89,0x8D,0x20
	.byte 0xFF,0xFF,0xFF,0x48,0x39,0xCA,0x0F,0x84,0x00,0x02,0x00,0x00,0x49,0x89,0x95,0x18
	.byte 0xFF,0xFF,0xFF,0x48,0xD1,0xEE,0x49,0x89,0xB5,0x28,0xFF,0xFF,0xFF,0x48,0xD1,0xEF
	.byte 0x49,0x89,0xBD,0x20,0xFF,0xFF,0xFF,0x48,0x39,0xFE,0x0F,0x82,0x3E,0x00,0x00,0x00
	.byte 0x48,0x39,0xF7,0x0F,0x82,0x1F,0x00,0x00,0x00,0x49,0x89,0x46,0x08,0x41,0xBB,0x0D
	.byte 0x00,0x00,0x00,0x4D,0x89,0x1E,0x48,0x8D,0x05,0x05,0x00,0x00,0x00,0xE9,0xA4,0x16
	.byte 0x00,0x00,0xE9,0x11,0x00,0x00,0x00,0x90,0xBF,0x02,0x00,0x00,0x00,0x49,0x89,0xBD
	.byte 0x28,0xFF,0xFF,0xFF,0x49,0x89,0x46,0x08,0xE9,0x11,0x00,0x00,0x00,0x90,0xBF,0x01
	.byte 0x00,0x00,0x00,0x49,0x89,0xBD,0x28,0xFF,0xFF,0xFF,0x49,0x89,0x46,0x08,0x49,0x8B
	.byte 0x85,0x28,0xFF,0xFF,0xFF,0x48,0x83,0xF8,0x00,0x0F,0x84,0x73,0x01,0x00,0x00,0x31
	.byte 0xC0,0x49,0x89,0x85,0x78,0xFF,0xFF,0xFF,0x49,0x8B,0x85,0x28,0xFF,0xFF,0xFF,0x48
	.byte 0x83,0xF8,0x01,0x0F,0x84,0x21,0x00,0x00,0x00,0x49,0x8B,0x85,0x70,0xFF,0xFF,0xFF
	.byte 0x49,0x8B,0xBD,0x68,0xFF,0xFF,0xFF,0x49,0x89,0xBD,0x70,0xFF,0xFF,0xFF,0x49,0x89
	.byte 0x85,0x68,0xFF,0xFF,0xFF,0xE9,0x3A,0x00,0x00,0x00,0x49,0x8B,0x85,0x80,0xFE,0xFF
	.byte 0xFF,0x49,0x8B,0xBD,0x88,0xFE,0xFF,0xFF,0x49,0x89,0xBD,0x80,0xFE,0xFF,0xFF,0x49
	.byte 0x89,0x85,0x88,0xFE,0xFF,0xFF,0x49,0x8B,0x85,0x18,0xFF,0xFF,0xFF,0x48,0x83,0xF0
	.byte 0x01,0x49,0x89,0x85,0x18,0xFF,0xFF,0xFF,0xB8,0x01,0x00,0x00,0x00,0x49,0x89,0x85
	.byte 0x78,0xFF,0xFF,0xFF,0x31,0xC0,0x49,0x89,0x85,0x30,0xFF,0xFF,0xFF,0x49,0x89,0x85
	.byte 0x28,0xFF,0xFF,0xFF,0x49,0x8B,0xB5,0x70,0xFF,0xFF,0xFF,0x48,0xD1,0xEE,0x49,0x8B
	.byte 0xBD,0x68,0xFF,0xFF,0xFF,0x48,0xD1,0xEF,0x48,0x29,0xF7,0x48,0x83,0xC6,0x01,0x49
	.byte 0x89,0xB5,0x70,0xFF,0xFF,0xFF,0x48,0x83,0xC7,0x01,0x49,0x89,0xBD,0x68,0xFF,0xFF
	.byte 0xFF,0xBF,0x01,0x00,0x00,0x00,0x49,0x89,0xBD,0x60,0xFF,0xFF,0xFF,0x48,0x83,0xC0
	.byte 0x00,0x49,0x89,0x85,0x38,0xFF,0xFF,0xFF,0x41,0xBB,0x0E,0x00,0x00,0x00,0x4D,0x89
	.byte 0x1E,0x48,0x8D,0x05,0x06,0x00,0x00,0x00,0xE9,0xC3,0x14,0x00,0x00,0x90,0x49,0x8B
	.byte 0x85,0x68,0xFF,0xFF,0xFF,0x49,0x89,0x85,0x70,0xFF,0xFF,0xFF,0x31,0xC0,0x49,0x89
	.byte 0x85,0x30,0xFF,0xFF,0xFF,0x41,0xBB,0x0F,0x00,0x00,0x00,0x4D,0x89,0x1E,0x48,0x8D
	.byte 0x05,0x05,0x00,0x00,0x00,0xE9,0xE8,0x13,0x00,0x00,0x41,0xBB,0x10,0x00,0x00,0x00
	.byte 0x4D,0x89,0x1E,0x48,0x8D,0x05,0x06,0x00,0x00,0x00,0xE9,0x71,0x13,0x00,0x00,0x90
	.byte 0x49,0x8B,0x46,0x08,0x49,0x8B,0xBD,0x78,0xFF,0xFF,0xFF,0x48,0x83,0xFF,0x00,0x0F
	.byte 0x84,0x1D,0x00,0x00,0x00,0x49,0x8B,0xBD,0x80,0xFE,0xFF,0xFF,0x49,0x8B,0xB5,0x88
	.byte 0xFE,0xFF,0xFF,0x49,0x89,0xB5,0x80,0xFE,0xFF,0xFF,0x49,0x89,0xBD,0x88,0xFE,0xFF
	.byte 0xFF,0x90,0x49,0x8B,0xB5,0x28,0xFF,0xFF,0xFF,0x48,0xD1,0xE6,0x49,0x8B,0xBD,0x18
	.byte 0xFF,0xFF,0xFF,0x48,0x01,0xF7,0x49,0x89,0xBD,0x28,0xFF,0xFF,0xFF,0xE9,0x04,0x00
	.byte 0x00,0x00,0x49,0x8B,0x46,0x08,0xE9,0x8D,0x01,0x00,0x00,0x90,0x48,0xD1,0xEE,0x49
	.byte 0x89,0xB5,0x70,0xFF,0xFF,0xFF,0x48,0xD1,0xEF,0x49,0x89,0xBD,0x68,0xFF,0xFF,0xFF
	.byte 0x31,0xD2,0x49,0x89,0x95,0x78,0xFF,0xFF,0xFF,0x48,0x39,0xFE,0x0F,0x82,0x14,0x00
	.byte 0x00,0x00,0x49,0x89,0xBD,0x70,0xFF,0xFF,0xFF,0x49,0x89,0xB5,0x68,0xFF,0xFF,0xFF
	.byte 0xE9,0x29,0x00,0x00,0x00,0x90,0x49,0x8B,0xBD,0x80,0xFE,0xFF,0xFF,0x49,0x8B,0xB5
	.byte 0x88,0xFE,0xFF,0xFF,0x49,0x89,0xB5,0x80,0xFE,0xFF,0xFF,0x49,0x89,0xBD,0x88,0xFE
	.byte 0xFF,0xFF,0xBF,0x01,0x00,0x00,0x00,0x49,0x89,0xBD,0x78,0xFF,0xFF,0xFF,0x31,0xFF
	.byte 0x49,0x89,0xBD,0x38,0xFF,0xFF,0xFF,0x49,0x89,0xBD,0x30,0xFF,0xFF,0xFF,0x49,0x89
	.byte 0xBD,0x28,0xFF,0xFF,0xFF,0x49,0x8B,0xBD,0x68,0xFF,0xFF,0xFF,0x49,0x8B,0xB5,0x70
	.byte 0xFF,0xFF,0xFF,0x48,0x29,0xF7,0x49,0x8B,0xB5,0x70,0xFF,0xFF,0xFF,0x48,0x83,0xC6
	.byte 0x01,0x49,0x89,0xB5,0x70,0xFF,0xFF,0xFF,0x48,0x83,0xC7,0x01,0x49,0x89,0xBD,0x68
	.byte 0xFF,0xFF,0xFF,0x31,0xFF,0x49,0x89,0xBD,0x60,0xFF,0xFF,0xFF,0x49,0x89,0x46,0x08
	.byte 0x41,0xBB,0x0B,0x00,0x00,0x00,0x4D,0x89,0x1E,0x48,0x8D,0x05,0x06,0x00,0x00,0x00
	.byte 0xE9,0x6B,0x15,0x00,0x00,0x90,0x49,0x8B,0x85,0x68,0xFF,0xFF,0xFF,0x49,0x89,0x85
	.byte 0x70,0xFF,0xFF,0xFF,0x31,0xC0,0x49,0x89,0x85,0x30,0xFF,0xFF,0xFF,0x41,0xBB,0x0C
	.byte 0x00,0x00,0x00,0x4D,0x89,0x1E,0x48,0x8D,0x05,0x05,0x00,0x00,0x00,0xE9,0x92,0x14
	.byte 0x00,0x00,0x49,0x8B,0x46,0x08,0x49,0x8B,0xBD,0x60,0xFF,0xFF,0xFF,0x48,0x83,0xFF
	.byte 0x00,0x0F,0x84,0x37,0x00,0x00,0x00,0xBF,0x01,0x00,0x00,0x00,0x49,0x89,0xBD,0x38
	.byte 0xFF,0xFF,0xFF,0x49,0x8B,0xB5,0x28,0xFF,0xFF,0xFF,0x48,0xC1,0xE6,0x03,0x49,0x8B
	.byte 0x95,0x90,0xFE,0xFF,0xFF,0x48,0x01,0xD6,0x48,0x89,0x3E,0x49,0x8B,0xBD,0x28,0xFF
	.byte 0xFF,0xFF,0x48,0x83,0xC7,0x01,0x49,0x89,0xBD,0x28,0xFF,0xFF,0xFF,0x90,0x49,0x8B
	.byte 0xBD,0x78,0xFF,0xFF,0xFF,0x48,0x83,0xFF,0x00,0x0F,0x84,0x1D,0x00,0x00,0x00,0x49
	.byte 0x8B,0xBD,0x80,0xFE,0xFF,0xFF,0x49,0x8B,0xB5,0x88,0xFE,0xFF,0xFF,0x49,0x89,0xB5
	.byte 0x80,0xFE,0xFF,0xFF,0x49,0x89,0xBD,0x88,0xFE,0xFF,0xFF,0x90,0x49,0x8B,0xB5,0x28
	.byte 0xFF,0xFF,0xFF,0x48,0xD1,0xE6,0x49,0x8B,0xBD,0x20,0xFF,0xFF,0xFF,0x48,0x01,0xF7
	.byte 0x49,0x89,0xBD,0x28,0xFF,0xFF,0xFF,0x90,0x48,0x89,0xC7,0x49,0x83,0xC6,0x10,0xFF
	.byte 0xE0,0x90,0x48,0x89,0xC6,0x49,0x8B,0x85,0x70,0xFF,0xFF,0xFF,0x48,0x83,0xF8,0x01
	.byte 0x0F,0x84,0xA4,0x00,0x00,0x00,0x49,0x8B,0x85,0x70,0xFF,0xFF,0xFF,0x48,0x83,0xC0
	.byte 0xFF,0x49,0x89,0x85,0x70,0xFF,0xFF,0xFF,0x49,0x8B,0x85,0x28,0xFF,0xFF,0xFF,0x48
	.byte 0xC1,0xE0,0x03,0x49,0x8B,0xBD,0x88,0xFE,0xFF,0xFF,0x48,0x01,0xF8,0x48,0x8B,0x10
	.byte 0x49,0x8B,0x85,0x28,0xFF,0xFF,0xFF,0x48,0xC1,0xE0,0x03,0x49,0x8B,0xBD,0x90,0xFE
	.byte 0xFF,0xFF,0x48,0x01,0xF8,0x48,0x8B,0x38,0x49,0x89,0xBD,0x30,0xFF,0xFF,0xFF,0x49
	.byte 0x8B,0x85,0x58,0xFF,0xFF,0xFF,0x48,0xF7,0xD7,0x48,0x83,0xF8,0x01,0xF5,0x48,0x11
	.byte 0xFA,0xB8,0x00,0x00,0x00,0x00,0x40,0x0F,0x92,0xC0,0x49,0x89,0x95,0x38,0xFF,0xFF
	.byte 0xFF,0x49,0x89,0x85,0x58,0xFF,0xFF,0xFF,0x49,0x8B,0x85,0x28,0xFF,0xFF,0xFF,0x48
	.byte 0xC1,0xE0,0x03,0x49,0x8B,0xBD,0x90,0xFE,0xFF,0xFF,0x48,0x01,0xF8,0x48,0x89,0x10
	.byte 0x49,0x8B,0x85,0x28,0xFF,0xFF,0xFF,0x48,0x83,0xC0,0x01,0x49,0x89,0x85,0x28,0xFF
	.byte 0xFF,0xFF,0x48,0x89,0xF0,0xE9,0x48,0xFF,0xFF,0xFF,0x31,0xC0,0x49,0x89,0x85,0x70
	.byte 0xFF,0xFF,0xFF,0x48,0x89,0xF7,0xFF,0xE6,0x49,0x8B,0xBD,0x28,0xFF,0xFF,0xFF,0x49
	.byte 0x8B,0xB5,0x20,0xFF,0xFF,0xFF,0x48,0x39,0xF7,0x0F,0x84,0x97,0x00,0x00,0x00,0x49
	.byte 0x8B,0xBD,0x28,0xFF,0xFF,0xFF,0x48,0xC1,0xE7,0x03,0x49,0x8B,0xB5,0x90,0xFE,0xFF
	.byte 0xFF,0x48,0x01,0xF7,0x48,0x8B,0x3F,0x49,0x89,0xBD,0x78,0xFF,0xFF,0xFF,0x49,0x8B
	.byte 0xB5,0x68,0xFF,0xFF,0xFF,0x48,0x39,0xF7,0x0F,0x85,0x38,0x00,0x00,0x00,0x31,0xFF
	.byte 0x49,0x89,0xBD,0x78,0xFF,0xFF,0xFF,0x49,0x8B,0xB5,0x28,0xFF,0xFF,0xFF,0x48,0xC1
	.byte 0xE6,0x03,0x49,0x8B,0x95,0x90,0xFE,0xFF,0xFF,0x48,0x01,0xD6,0x48,0x89,0x3E,0x49
	.byte 0x8B,0xBD,0x28,0xFF,0xFF,0xFF,0x48,0x83,0xC7,0x01,0x49,0x89,0xBD,0x28,0xFF,0xFF
	.byte 0xFF,0xE9,0x82,0xFF,0xFF,0xFF,0x49,0x8B,0xBD,0x78,0xFF,0xFF,0xFF,0x48,0x83,0xC7
	.byte 0x01,0x49,0x89,0xBD,0x78,0xFF,0xFF,0xFF,0x49,0x8B,0xB5,0x28,0xFF,0xFF,0xFF,0x48
	.byte 0xC1,0xE6,0x03,0x49,0x8B,0x95,0x90,0xFE,0xFF,0xFF,0x48,0x01,0xD6,0x48,0x89,0x3E
	.byte 0xE9,0x37,0x00,0x00,0x00,0x90,0xBF,0x01,0x00,0x00,0x00,0x49,0x89,0xBD,0x78,0xFF
	.byte 0xFF,0xFF,0x49,0x8B,0xB5,0x28,0xFF,0xFF,0xFF,0x48,0xC1,0xE6,0x03,0x49,0x8B,0x95
	.byte 0x90,0xFE,0xFF,0xFF,0x48,0x01,0xD6,0x48,0x89,0x3E,0x49,0x8B,0xBD,0x20,0xFF,0xFF
	.byte 0xFF,0x48,0x83,0xC7,0x01,0x49,0x89,0xBD,0x20,0xFF,0xFF,0xFF,0x48,0x89,0xC7,0xFF
	.byte 0xE0,0x90,0x49,0x8B,0xBD,0x38,0xFF,0xFF,0xFF,0x48,0x83,0xFF,0x00,0x0F,0x84,0x73
	.byte 0x00,0x00,0x00,0x49,0x8B,0xBD,0x28,0xFF,0xFF,0xFF,0x48,0xC1,0xE7,0x03,0x49,0x8B
	.byte 0xB5,0x90,0xFE,0xFF,0xFF,0x48,0x01,0xF7,0x48,0x8B,0x3F,0x49,0x89,0xBD,0x78,0xFF
	.byte 0xFF,0xFF,0x49,0x8B,0xB5,0x38,0xFF,0xFF,0xFF,0x48,0x83,0xC6,0xFF,0x49,0x89,0xB5
	.byte 0x38,0xFF,0xFF,0xFF,0x49,0x8B,0xB5,0x28,0xFF,0xFF,0xFF,0x48,0x83,0xC6,0x01,0x49
	.byte 0x89,0xB5,0x28,0xFF,0xFF,0xFF,0x49,0x8B,0xB5,0x20,0xFF,0xFF,0xFF,0x48,0xC1,0xE6
	.byte 0x03,0x49,0x8B,0x95,0x90,0xFE,0xFF,0xFF,0x48,0x01,0xD6,0x48,0x89,0x3E,0x49,0x8B
	.byte 0xBD,0x20,0xFF,0xFF,0xFF,0x48,0x83,0xC7,0x01,0x49,0x89,0xBD,0x20,0xFF,0xFF,0xFF
	.byte 0xE9,0x7D,0xFF,0xFF,0xFF,0x90,0x48,0x89,0xC7,0xFF,0xE0,0x90,0x49,0x83,0xEE,0x10
	.byte 0x4D,0x39,0xEE,0x0F,0x82,0xB3,0xDD,0xFF,0xFF,0x90,0x49,0x8B,0xBD,0x28,0xFF,0xFF
	.byte 0xFF,0x48,0x83,0xFF,0x00,0x0F,0x84,0x87,0x00,0x00,0x00,0x49,0x8B,0xBD,0x28,0xFF
	.byte 0xFF,0xFF,0x48,0x83,0xC7,0xFF,0x49,0x89,0xBD,0x28,0xFF,0xFF,0xFF,0x48,0xC1,0xE7
	.byte 0x03,0x49,0x8B,0xB5,0x90,0xFE,0xFF,0xFF,0x48,0x01,0xF7,0x48,0x8B,0x37,0x49,0x89
	.byte 0xB5,0x78,0xFF,0xFF,0xFF,0x49,0x8B,0x95,0x30,0xFF,0xFF,0xFF,0x49,0x8B,0xBD,0x68
	.byte 0xFF,0xFF,0xFF,0x49,0x89,0x46,0x08,0x41,0xBB,0x22,0x00,0x00,0x00,0x4D,0x89,0x1E
	.byte 0x48,0x8D,0x05,0x05,0x00,0x00,0x00,0xE9,0xF8,0xEC,0xFF,0xFF,0x49,0x8B,0x46,0x08
	.byte 0x49,0x8B,0xB5,0x98,0xFE,0xFF,0xFF,0x49,0x89,0xBD,0x78,0xFF,0xFF,0xFF,0x49,0x89
	.byte 0xB5,0x68,0xFF,0xFF,0xFF,0x49,0x8B,0xB5,0x28,0xFF,0xFF,0xFF,0x48,0xC1,0xE6,0x03
	.byte 0x49,0x8B,0x95,0x90,0xFE,0xFF,0xFF,0x48,0x01,0xD6,0x48,0x89,0x3E,0xE9,0x68,0xFF
	.byte 0xFF,0xFF,0x48,0x89,0xC7,0x49,0x83,0xC6,0x10,0xFF,0xE0,0x90,0x49,0x83,0xEE,0x10
	.byte 0x4D,0x39,0xEE,0x0F,0x82,0x03,0xDD,0xFF,0xFF,0x90,0x49,0x8B,0xBD,0x28,0xFF,0xFF
	.byte 0xFF,0x48,0x83,0xFF,0x00,0x0F,0x84,0xAF,0x02,0x00,0x00,0x49,0x8B,0x95,0x08,0xFF
	.byte 0xFF,0xFF,0x49,0x89,0x95,0x48,0xFF,0xFF,0xFF,0x4D,0x8B,0x85,0x00,0xFF,0xFF,0xFF
	.byte 0x4D,0x89,0x85,0x60,0xFF,0xFF,0xFF,0x49,0x8B,0xBD,0x40,0xFF,0xFF,0xFF,0x49,0x89
	.byte 0xBD,0x08,0xFF,0xFF,0xFF,0x49,0x8B,0xBD,0x30,0xFF,0xFF,0xFF,0x49,0x89,0xBD,0x00
	.byte 0xFF,0xFF,0xFF,0x49,0x8B,0xBD,0x28,0xFF,0xFF,0xFF,0x49,0x89,0xBD,0xF8,0xFE,0xFF
	.byte 0xFF,0x49,0x8B,0xBD,0x30,0xFF,0xFF,0xFF,0x49,0x8B,0xB5,0x28,0xFF,0xFF,0xFF,0x48
	.byte 0x01,0xF7,0x48,0x83,0xC7,0xFF,0x48,0x89,0xFE,0x48,0xC1,0xE7,0x03,0x49,0x8B,0x8D
	.byte 0x90,0xFE,0xFF,0xFF,0x48,0x01,0xCF,0x48,0x8B,0x3F,0x48,0x83,0xC6,0xFF,0x48,0x89
	.byte 0xF1,0x48,0xC1,0xE6,0x03,0x4D,0x8B,0x8D,0x90,0xFE,0xFF,0xFF,0x4C,0x01,0xCE,0x48
	.byte 0x8B,0x36,0x48,0x83,0xC1,0xFF,0x48,0xC1,0xE1,0x03,0x4D,0x8B,0x8D,0x90,0xFE,0xFF
	.byte 0xFF,0x4C,0x01,0xC9,0x48,0x8B,0x09,0x49,0x89,0xBD,0x20,0xFF,0xFF,0xFF,0x49,0x89
	.byte 0xB5,0x28,0xFF,0xFF,0xFF,0x49,0x89,0x8D,0x30,0xFF,0xFF,0xFF,0x4D,0x89,0x85,0x40
	.byte 0xFF,0xFF,0xFF,0x49,0x89,0x95,0x38,0xFF,0xFF,0xFF,0x49,0x89,0xB5,0x78,0xFF,0xFF
	.byte 0xFF,0x49,0x89,0x95,0x70,0xFF,0xFF,0xFF,0x49,0x89,0xBD,0x68,0xFF,0xFF,0xFF,0x48
	.byte 0x39,0xD7,0x0F,0x82,0x16,0x00,0x00,0x00,0x31,0xFF,0x48,0xF7,0xD7,0x49,0x89,0xBD
	.byte 0x78,0xFF,0xFF,0xFF,0x49,0x89,0x46,0x08,0xE9,0x31,0x00,0x00,0x00,0x90,0x49,0x89
	.byte 0x46,0x08,0x41,0xBB,0x23,0x00,0x00,0x00,0x4D,0x89,0x1E,0x48,0x8D,0x05,0x06,0x00
	.byte 0x00,0x00,0xE9,0x8D,0xEB,0xFF,0xFF,0x90,0x49,0x8B,0x85,0x98,0xFE,0xFF,0xFF,0x49
	.byte 0x89,0xBD,0x78,0xFF,0xFF,0xFF,0x49,0x89,0x85,0x68,0xFF,0xFF,0xFF,0x90,0x49,0x8B
	.byte 0x85,0x78,0xFF,0xFF,0xFF,0x49,0x89,0x85,0x48,0xFF,0xFF,0xFF,0x41,0xBB,0x24,0x00
	.byte 0x00,0x00,0x4D,0x89,0x1E,0x48,0x8D,0x05,0x06,0x00,0x00,0x00,0xE9,0xF5,0x04,0x00
	.byte 0x00,0x90,0x49,0x8B,0xBD,0x48,0xFF,0xFF,0xFF,0x49,0x89,0xBD,0x78,0xFF,0xFF,0xFF
	.byte 0x49,0x8B,0x85,0x08,0xFF,0xFF,0xFF,0x49,0x89,0x85,0x48,0xFF,0xFF,0xFF,0x49,0x8B
	.byte 0x85,0x00,0xFF,0xFF,0xFF,0x49,0x89,0x85,0x30,0xFF,0xFF,0xFF,0x49,0x8B,0x85,0xF8
	.byte 0xFE,0xFF,0xFF,0x48,0x83,0xC0,0xFF,0x49,0x89,0x85,0x28,0xFF,0xFF,0xFF,0x49,0x8B
	.byte 0x85,0x40,0xFF,0xFF,0xFF,0x49,0x89,0x85,0x00,0xFF,0xFF,0xFF,0x49,0x8B,0x85,0x38
	.byte 0xFF,0xFF,0xFF,0x49,0x89,0x85,0x08,0xFF,0xFF,0xFF,0x49,0x89,0xBD,0x40,0xFF,0xFF
	.byte 0xFF,0x31,0xC0,0x49,0x89,0x85,0x70,0xFF,0xFF,0xFF,0x49,0x89,0x85,0x38,0xFF,0xFF
	.byte 0xFF,0x49,0x89,0x85,0x20,0xFF,0xFF,0xFF,0x49,0x89,0x85,0x18,0xFF,0xFF,0xFF,0x41
	.byte 0xBB,0x25,0x00,0x00,0x00,0x4D,0x89,0x1E,0x48,0x8D,0x05,0x05,0x00,0x00,0x00,0xE9
	.byte 0xB8,0x02,0x00,0x00,0x49,0x8B,0x85,0x40,0xFF,0xFF,0xFF,0x48,0x83,0xF8,0x00,0x0F
	.byte 0x84,0x23,0x00,0x00,0x00,0x49,0x8B,0x85,0x38,0xFF,0xFF,0xFF,0x48,0x83,0xF8,0x00
	.byte 0x0F,0x84,0x12,0x00,0x00,0x00,0x49,0x8B,0x85,0x40,0xFF,0xFF,0xFF,0x48,0x83,0xC0
	.byte 0xFF,0x49,0x89,0x85,0x40,0xFF,0xFF,0xFF,0x49,0x8B,0x85,0x28,0xFF,0xFF,0xFF,0x49
	.byte 0x8B,0xBD,0x30,0xFF,0xFF,0xFF,0x48,0x29,0xF8,0x48,0x83,0xC0,0xFF,0x49,0x89,0x85
	.byte 0x28,0xFF,0xFF,0xFF,0x31,0xC0,0x49,0x89,0x85,0x70,0xFF,0xFF,0xFF,0xBF,0x01,0x00
	.byte 0x00,0x00,0x49,0x89,0xBD,0x38,0xFF,0xFF,0xFF,0x49,0x89,0x85,0x20,0xFF,0xFF,0xFF
	.byte 0x49,0x89,0x85,0x18,0xFF,0xFF,0xFF,0x41,0xBB,0x26,0x00,0x00,0x00,0x4D,0x89,0x1E
	.byte 0x48,0x8D,0x05,0x05,0x00,0x00,0x00,0xE9,0x58,0x00,0x00,0x00,0x49,0x8B,0x46,0x08
	.byte 0x49,0x8B,0xBD,0x28,0xFF,0xFF,0xFF,0x48,0x83,0xC7,0xFF,0x49,0x8B,0x95,0x40,0xFF
	.byte 0xFF,0xFF,0x48,0x89,0xFE,0x48,0xC1,0xE6,0x03,0x49,0x8B,0x8D,0x90,0xFE,0xFF,0xFF
	.byte 0x48,0x01,0xCE,0x48,0x89,0x16,0x49,0x8B,0xB5,0x30,0xFF,0xFF,0xFF,0x48,0x29,0xF7
	.byte 0x49,0x89,0xBD,0x28,0xFF,0xFF,0xFF,0x49,0x8B,0xBD,0x48,0xFF,0xFF,0xFF,0x49,0x89
	.byte 0xBD,0x40,0xFF,0xFF,0xFF,0xE9,0x40,0xFD,0xFF,0xFF,0x48,0x89,0xC7,0x49,0x83,0xC6
	.byte 0x10,0xFF,0xE0,0x90,0x49,0x89,0xC1,0x49,0x8B,0x85,0x30,0xFF,0xFF,0xFF,0x49,0x8B
	.byte 0xBD,0x20,0xFF,0xFF,0xFF,0x48,0x39,0xF8,0x0F,0x84,0x38,0x01,0x00,0x00,0x49,0x8B
	.byte 0x85,0x48,0xFF,0xFF,0xFF,0x49,0x8B,0xBD,0x20,0xFF,0xFF,0xFF,0x48,0xC1,0xE7,0x03
	.byte 0x49,0x8B,0xB5,0x88,0xFE,0xFF,0xFF,0x48,0x01,0xF7,0x48,0x8B,0x37,0x48,0xF7,0xE6
	.byte 0x48,0x89,0xC6,0x31,0xC0,0x49,0x8B,0xBD,0x70,0xFF,0xFF,0xFF,0x48,0x83,0xF8,0x01
	.byte 0xF5,0x48,0x11,0xFE,0xB8,0x00,0x00,0x00,0x00,0x40,0x0F,0x92,0xC0,0x31,0xFF,0x48
	.byte 0x83,0xF8,0x01,0xF5,0x48,0x11,0xFA,0xB8,0x00,0x00,0x00,0x00,0x40,0x0F,0x92,0xC0
	.byte 0x4D,0x8B,0x85,0x18,0xFF,0xFF,0xFF,0x48,0x89,0xD1,0x49,0x8B,0x85,0x40,0xFF,0xFF
	.byte 0xFF,0x48,0xF7,0xE6,0x48,0x89,0xC7,0x31,0xC0,0x48,0x83,0xF8,0x01,0xF5,0x4C,0x11
	.byte 0xC7,0xB8,0x00,0x00,0x00,0x00,0x40,0x0F,0x92,0xC0,0x31,0xF6,0x48,0x83,0xF8,0x01
	.byte 0xF5,0x48,0x11,0xF2,0xB8,0x00,0x00,0x00,0x00,0x40,0x0F,0x92,0xC0,0x49,0x89,0x95
	.byte 0x68,0xFF,0xFF,0xFF,0x49,0x89,0x85,0x58,0xFF,0xFF,0xFF,0x49,0x89,0x95,0x18,0xFF
	.byte 0xFF,0xFF,0x49,0x8B,0x85,0x28,0xFF,0xFF,0xFF,0x48,0xC1,0xE0,0x03,0x49,0x8B,0xB5
	.byte 0x90,0xFE,0xFF,0xFF,0x48,0x01,0xF0,0x48,0x8B,0x30,0x49,0x8B,0x85,0x38,0xFF,0xFF
	.byte 0xFF,0x48,0xF7,0xD7,0x48,0x83,0xF8,0x01,0xF5,0x48,0x11,0xFE,0xB8,0x00,0x00,0x00
	.byte 0x00,0x40,0x0F,0x92,0xC0,0x49,0x89,0xB5,0x60,0xFF,0xFF,0xFF,0x49,0x89,0x85,0x38
	.byte 0xFF,0xFF,0xFF,0x49,0x89,0x8D,0x78,0xFF,0xFF,0xFF,0x49,0x8B,0x85,0x28,0xFF,0xFF
	.byte 0xFF,0x48,0xC1,0xE0,0x03,0x49,0x8B,0xBD,0x90,0xFE,0xFF,0xFF,0x48,0x01,0xF8,0x48
	.byte 0x89,0x30,0x49,0x89,0x8D,0x70,0xFF,0xFF,0xFF,0x49,0x8B,0x85,0x20,0xFF,0xFF,0xFF
	.byte 0x48,0x83,0xC0,0x01,0x49,0x89,0x85,0x20,0xFF,0xFF,0xFF,0x49,0x8B,0x85,0x28,0xFF
	.byte 0xFF,0xFF,0x48,0x83,0xC0,0x01,0x49,0x89,0x85,0x28,0xFF,0xFF,0xFF,0x4C,0x89,0xC8
	.byte 0xE9,0xAF,0xFE,0xFF,0xFF,0x90,0x49,0x8B,0xB5,0x18,0xFF,0xFF,0xFF,0x49,0x89,0xB5
	.byte 0x78,0xFF,0xFF,0xFF,0x49,0x8B,0x85,0x28,0xFF,0xFF,0xFF,0x48,0xC1,0xE0,0x03,0x49
	.byte 0x8B,0xBD,0x90,0xFE,0xFF,0xFF,0x48,0x01,0xF8,0x48,0x8B,0x38,0x49,0x8B,0x85,0x38
	.byte 0xFF,0xFF,0xFF,0x48,0xF7,0xD6,0x48,0x83,0xF8,0x01,0xF5,0x48,0x11,0xF7,0xB8,0x00
	.byte 0x00,0x00,0x00,0x40,0x0F,0x92,0xC0,0x49,0x89,0xBD,0x60,0xFF,0xFF,0xFF,0x49,0x89
	.byte 0x85,0x38,0xFF,0xFF,0xFF,0x49,0x89,0xBD,0x70,0xFF,0xFF,0xFF,0x49,0x8B,0x85,0x28
	.byte 0xFF,0xFF,0xFF,0x48,0xC1,0xE0,0x03,0x49,0x8B,0xB5,0x90,0xFE,0xFF,0xFF,0x48,0x01
	.byte 0xF0,0x48,0x89,0x38,0x49,0x8B,0x85,0x28,0xFF,0xFF,0xFF,0x48,0x83,0xC0,0x01,0x49
	.byte 0x89,0x85,0x28,0xFF,0xFF,0xFF,0x4C,0x89,0xCF,0x41,0xFF,0xE1,0x49,0x89,0xC0,0x49
	.byte 0x8B,0x85,0x30,0xFF,0xFF,0xFF,0x49,0x8B,0xBD,0x20,0xFF,0xFF,0xFF,0x48,0x39,0xF8
	.byte 0x0F,0x84,0x24,0x01,0x00,0x00,0x49,0x8B,0x85,0x48,0xFF,0xFF,0xFF,0x49,0x8B,0xBD
	.byte 0x20,0xFF,0xFF,0xFF,0x48,0xC1,0xE7,0x03,0x49,0x8B,0xB5,0x88,0xFE,0xFF,0xFF,0x48
	.byte 0x01,0xF7,0x48,0x8B,0x37,0x48,0xF7,0xE6,0x48,0x89,0xC6,0x31,0xC0,0x49,0x8B,0xBD
	.byte 0x70,0xFF,0xFF,0xFF,0x48,0x83,0xF8,0x01,0xF5,0x48,0x11,0xFE,0xB8,0x00,0x00,0x00
	.byte 0x00,0x40,0x0F,0x92,0xC0,0x31,0xFF,0x48,0x83,0xF8,0x01,0xF5,0x48,0x11,0xFA,0xB8
	.byte 0x00,0x00,0x00,0x00,0x40,0x0F,0x92,0xC0,0x4D,0x8B,0x8D,0x18,0xFF,0xFF,0xFF,0x48
	.byte 0x89,0xD1,0x49,0x8B,0x85,0x40,0xFF,0xFF,0xFF,0x48,0xF7,0xE6,0x48,0x89,0xC7,0x31
	.byte 0xC0,0x48,0x83,0xF8,0x01,0xF5,0x4C,0x11,0xCF,0xB8,0x00,0x00,0x00,0x00,0x40,0x0F
	.byte 0x92,0xC0,0x49,0x89,0xBD,0x78,0xFF,0xFF,0xFF,0x31,0xF6,0x48,0x83,0xF8,0x01,0xF5
	.byte 0x48,0x11,0xF2,0xB8,0x00,0x00,0x00,0x00,0x40,0x0F,0x92,0xC0,0x49,0x89,0x95,0x68
	.byte 0xFF,0xFF,0xFF,0x49,0x89,0x85,0x58,0xFF,0xFF,0xFF,0x49,0x89,0x8D,0x70,0xFF,0xFF
	.byte 0xFF,0x49,0x89,0x95,0x18,0xFF,0xFF,0xFF,0x49,0x8B,0x85,0x28,0xFF,0xFF,0xFF,0x48
	.byte 0xC1,0xE0,0x03,0x49,0x8B,0xB5,0x90,0xFE,0xFF,0xFF,0x48,0x01,0xF0,0x48,0x8B,0x00
	.byte 0x49,0x89,0x85,0x60,0xFF,0xFF,0xFF,0x48,0x39,0xC7,0x0F,0x84,0x1E,0x00,0x00,0x00
	.byte 0xBE,0x01,0x00,0x00,0x00,0x49,0x89,0xB5,0x38,0xFF,0xFF,0xFF,0x48,0x39,0xF8,0x0F
	.byte 0x82,0x09,0x00,0x00,0x00,0x31,0xC0,0x49,0x89,0x85,0x38,0xFF,0xFF,0xFF,0x49,0x8B
	.byte 0x85,0x20,0xFF,0xFF,0xFF,0x48,0x83,0xC0,0x01,0x49,0x89,0x85,0x20,0xFF,0xFF,0xFF
	.byte 0x49,0x8B,0x85,0x28,0xFF,0xFF,0xFF,0x48,0x83,0xC0,0x01,0x49,0x89,0x85,0x28,0xFF
	.byte 0xFF,0xFF,0x4C,0x89,0xC0,0xE9,0xC2,0xFE,0xFF,0xFF,0x49,0x8B,0xB5,0x18,0xFF,0xFF
	.byte 0xFF,0x49,0x89,0xB5,0x78,0xFF,0xFF,0xFF,0x49,0x8B,0x85,0x28,0xFF,0xFF,0xFF,0x48
	.byte 0xC1,0xE0,0x03,0x49,0x8B,0xBD,0x90,0xFE,0xFF,0xFF,0x48,0x01,0xF8,0x48,0x8B,0x00
	.byte 0x49,0x89,0x85,0x60,0xFF,0xFF,0xFF,0x49,0x8B,0xBD,0x28,0xFF,0xFF,0xFF,0x48,0x83
	.byte 0xC7,0x01,0x49,0x89,0xBD,0x28,0xFF,0xFF,0xFF,0x48,0x39,0xC6,0x0F,0x84,0x1E,0x00
	.byte 0x00,0x00,0xBF,0x01,0x00,0x00,0x00,0x49,0x89,0xBD,0x38,0xFF,0xFF,0xFF,0x48,0x39
	.byte 0xF0,0x0F,0x82,0x09,0x00,0x00,0x00,0x31,0xC0,0x49,0x89,0x85,0x38,0xFF,0xFF,0xFF
	.byte 0x4C,0x89,0xC7,0x41,0xFF,0xE0,0x49,0x89,0xC0,0x49,0x8B,0x85,0x48,0xFF,0xFF,0xFF
	.byte 0x31,0xFF,0x49,0x8B,0xB5,0x40,0xFF,0xFF,0xFF,0x48,0xF7,0xE6,0x48,0x89,0xC1,0x31
	.byte 0xC0,0x48,0x83,0xF8,0x01,0xF5,0x48,0x11,0xF9,0xB8,0x00,0x00,0x00,0x00,0x40,0x0F
	.byte 0x92,0xC0,0x31,0xFF,0x48,0x83,0xF8,0x01,0xF5,0x48,0x11,0xFA,0xB8,0x00,0x00,0x00
	.byte 0x00,0x40,0x0F,0x92,0xC0,0x49,0x89,0x8D,0x18,0xFF,0xFF,0xFF,0x49,0x8B,0x85,0x48
	.byte 0xFF,0xFF,0xFF,0x48,0x89,0xD7,0x49,0x8B,0xB5,0x38,0xFF,0xFF,0xFF,0x48,0xF7,0xE6
	.byte 0x48,0x89,0xC6,0x31,0xC0,0x48,0x83,0xF8,0x01,0xF5,0x48,0x11,0xFE,0xB8,0x00,0x00
	.byte 0x00,0x00,0x40,0x0F,0x92,0xC0,0x31,0xFF,0x48,0x83,0xF8,0x01,0xF5,0x48,0x11,0xFA
	.byte 0xB8,0x00,0x00,0x00,0x00,0x40,0x0F,0x92,0xC0,0x49,0x89,0x85,0x58,0xFF,0xFF,0xFF
	.byte 0x49,0x89,0x95,0x60,0xFF,0xFF,0xFF,0x49,0x89,0xB5,0x68,0xFF,0xFF,0xFF,0x49,0x89
	.byte 0x8D,0x70,0xFF,0xFF,0xFF,0xB8,0x01,0x00,0x00,0x00,0x49,0x89,0x85,0x78,0xFF,0xFF
	.byte 0xFF,0x49,0x8B,0x85,0x20,0xFF,0xFF,0xFF,0x48,0x39,0xC2,0x0F,0x84,0x1F,0x00,0x00
	.byte 0x00,0x49,0x8B,0x85,0x20,0xFF,0xFF,0xFF,0x48,0x39,0xD0,0x0F,0x82,0x09,0x00,0x00
	.byte 0x00,0x31,0xC0,0x49,0x89,0x85,0x78,0xFF,0xFF,0xFF,0xE9,0x6B,0x00,0x00,0x00,0x90
	.byte 0x49,0x8B,0x85,0x28,0xFF,0xFF,0xFF,0x48,0x39,0xC6,0x0F,0x84,0x20,0x00,0x00,0x00
	.byte 0x49,0x8B,0x85,0x28,0xFF,0xFF,0xFF,0x48,0x39,0xF0,0x0F,0x82,0x0A,0x00,0x00,0x00
	.byte 0x31,0xC0,0x49,0x89,0x85,0x78,0xFF,0xFF,0xFF,0x90,0xE9,0x3B,0x00,0x00,0x00,0x90
	.byte 0x49,0x8B,0x85,0x30,0xFF,0xFF,0xFF,0x48,0x39,0xC1,0x0F,0x84,0x20,0x00,0x00,0x00
	.byte 0x49,0x8B,0x85,0x30,0xFF,0xFF,0xFF,0x48,0x39,0xC8,0x0F,0x82,0x0A,0x00,0x00,0x00
	.byte 0x31,0xC0,0x49,0x89,0x85,0x78,0xFF,0xFF,0xFF,0x90,0xE9,0x0B,0x00,0x00,0x00,0x90
	.byte 0x31,0xC0,0x49,0x89,0x85,0x78,0xFF,0xFF,0xFF,0x90,0x49,0x8B,0x85,0x78,0xFF,0xFF
	.byte 0xFF,0x48,0x83,0xF8,0x00,0x0F,0x84,0x35,0x01,0x00,0x00,0x49,0x8B,0x85,0x48,0xFF
	.byte 0xFF,0xFF,0x48,0x83,0xF8,0x00,0x0F,0x84,0x12,0x00,0x00,0x00,0x49,0x8B,0x85,0x48
	.byte 0xFF,0xFF,0xFF,0x48,0x83,0xC0,0xFF,0x49,0x89,0x85,0x48,0xFF,0xFF,0xFF,0x49,0x8B
	.byte 0x85,0x48,0xFF,0xFF,0xFF,0x31,0xC9,0x49,0x8B,0xB5,0x38,0xFF,0xFF,0xFF,0x49,0x89
	.byte 0x8D,0x60,0xFF,0xFF,0xFF,0x48,0xF7,0xE6,0x48,0x89,0xC7,0x31,0xC0,0x48,0x83,0xF8
	.byte 0x01,0xF5,0x48,0x11,0xCF,0xB8,0x00,0x00,0x00,0x00,0x40,0x0F,0x92,0xC0,0x31,0xF6
	.byte 0x48,0x83,0xF8,0x01,0xF5,0x48,0x11,0xF2,0xB8,0x00,0x00,0x00,0x00,0x40,0x0F,0x92
	.byte 0xC0,0x31,0xC0,0x48,0x83,0xF8,0x01,0xF5,0x48,0x11,0xCF,0xB8,0x00,0x00,0x00,0x00
	.byte 0x40,0x0F,0x92,0xC0,0x49,0x89,0xBD,0x78,0xFF,0xFF,0xFF,0x31,0xF6,0x48,0x83,0xF8
	.byte 0x01,0xF5,0x48,0x11,0xF2,0xB8,0x00,0x00,0x00,0x00,0x40,0x0F,0x92,0xC0,0x49,0x89
	.byte 0x85,0x58,0xFF,0xFF,0xFF,0x48,0x83,0xC2,0x01,0x49,0x89,0x95,0x68,0xFF,0xFF,0xFF
	.byte 0xB8,0x01,0x00,0x00,0x00,0x49,0x89,0x85,0x70,0xFF,0xFF,0xFF,0x49,0x8B,0x85,0x20
	.byte 0xFF,0xFF,0xFF,0x48,0x39,0xC2,0x0F,0x84,0x20,0x00,0x00,0x00,0x49,0x8B,0x85,0x20
	.byte 0xFF,0xFF,0xFF,0x48,0x39,0xD0,0x0F,0x82,0x0A,0x00,0x00,0x00,0x31,0xC0,0x49,0x89
	.byte 0x85,0x70,0xFF,0xFF,0xFF,0x90,0xE9,0x3B,0x00,0x00,0x00,0x90,0x49,0x8B,0x85,0x28
	.byte 0xFF,0xFF,0xFF,0x48,0x39,0xC7,0x0F,0x84,0x20,0x00,0x00,0x00,0x49,0x8B,0x85,0x28
	.byte 0xFF,0xFF,0xFF,0x48,0x39,0xF8,0x0F,0x82,0x0A,0x00,0x00,0x00,0x31,0xC0,0x49,0x89
	.byte 0x85,0x70,0xFF,0xFF,0xFF,0x90,0xE9,0x0B,0x00,0x00,0x00,0x90,0x31,0xC0,0x49,0x89
	.byte 0x85,0x70,0xFF,0xFF,0xFF,0x90,0x49,0x8B,0x85,0x70,0xFF,0xFF,0xFF,0x48,0x83,0xF8
	.byte 0x00,0x0F,0x84,0x09,0x00,0x00,0x00,0x4C,0x89,0xC0,0xE9,0x77,0xFD,0xFF,0xFF,0x90
	.byte 0x4C,0x89,0xC7,0x41,0xFF,0xE0,0x48,0x89,0xC1,0x49,0x8B,0x85,0x30,0xFF,0xFF,0xFF
	.byte 0x49,0x8B,0xBD,0x20,0xFF,0xFF,0xFF,0x48,0x39,0xF8,0x0F,0x84,0x96,0x00,0x00,0x00
	.byte 0x49,0x8B,0x85,0x78,0xFF,0xFF,0xFF,0x49,0x89,0x85,0x60,0xFF,0xFF,0xFF,0x49,0x8B
	.byte 0x85,0x20,0xFF,0xFF,0xFF,0x48,0xC1,0xE0,0x03,0x49,0x8B,0xBD,0x88,0xFE,0xFF,0xFF
	.byte 0x48,0x01,0xF8,0x48,0x8B,0x30,0x49,0x8B,0x85,0x38,0xFF,0xFF,0xFF,0x48,0xF7,0xE6
	.byte 0x48,0x89,0xC7,0x31,0xC0,0x49,0x8B,0xB5,0x70,0xFF,0xFF,0xFF,0x48,0x83,0xF8,0x01
	.byte 0xF5,0x48,0x11,0xF7,0xB8,0x00,0x00,0x00,0x00,0x40,0x0F,0x92,0xC0,0x49,0x89,0xBD
	.byte 0x78,0xFF,0xFF,0xFF,0x31,0xFF,0x48,0x83,0xF8,0x01,0xF5,0x48,0x11,0xFA,0xB8,0x00
	.byte 0x00,0x00,0x00,0x40,0x0F,0x92,0xC0,0x49,0x89,0x95,0x68,0xFF,0xFF,0xFF,0x49,0x89
	.byte 0x85,0x58,0xFF,0xFF,0xFF,0x49,0x89,0x95,0x70,0xFF,0xFF,0xFF,0x49,0x8B,0x85,0x20
	.byte 0xFF,0xFF,0xFF,0x48,0x83,0xC0,0x01,0x49,0x89,0x85,0x20,0xFF,0xFF,0xFF,0x48,0x89
	.byte 0xC8,0xE9,0x50,0xFF,0xFF,0xFF,0x49,0x8B,0x85,0x60,0xFF,0xFF,0xFF,0x49,0x89,0x85
	.byte 0x70,0xFF,0xFF,0xFF,0x48,0x89,0xCF,0xFF,0xE1,0x90,0x48,0x89,0xC1,0x49,0x8B,0x85
	.byte 0x30,0xFF,0xFF,0xFF,0x49,0x8B,0xBD,0x20,0xFF,0xFF,0xFF,0x48,0x39,0xF8,0x0F,0x84
	.byte 0xE2,0x00,0x00,0x00,0x49,0x8B,0x85,0x20,0xFF,0xFF,0xFF,0x48,0xC1,0xE0,0x03,0x49
	.byte 0x8B,0xBD,0x80,0xFE,0xFF,0xFF,0x48,0x01,0xF8,0x48,0x8B,0x30,0x49,0x8B,0x85,0x38
	.byte 0xFF,0xFF,0xFF,0x31,0xFF,0x49,0x89,0xBD,0x60,0xFF,0xFF,0xFF,0x48,0xF7,0xE6,0x48
	.byte 0x89,0xC6,0x31,0xC0,0x4D,0x8B,0x85,0x70,0xFF,0xFF,0xFF,0x48,0x83,0xF8,0x01,0xF5
	.byte 0x4C,0x11,0xC6,0xB8,0x00,0x00,0x00,0x00,0x40,0x0F,0x92,0xC0,0x45,0x31,0xC0,0x48
	.byte 0x83,0xF8,0x01,0xF5,0x4C,0x11,0xC2,0xB8,0x00,0x00,0x00,0x00,0x40,0x0F,0x92,0xC0
	.byte 0x31,0xC0,0x48,0x83,0xF8,0x01,0xF5,0x48,0x11,0xFE,0xB8,0x00,0x00,0x00,0x00,0x40
	.byte 0x0F,0x92,0xC0,0x49,0x89,0xB5,0x78,0xFF,0xFF,0xFF,0x31,0xFF,0x48,0x83,0xF8,0x01
	.byte 0xF5,0x48,0x11,0xFA,0xB8,0x00,0x00,0x00,0x00,0x40,0x0F,0x92,0xC0,0x49,0x89,0x95
	.byte 0x68,0xFF,0xFF,0xFF,0x49,0x89,0x85,0x58,0xFF,0xFF,0xFF,0x49,0x8B,0x85,0x28,0xFF
	.byte 0xFF,0xFF,0x48,0xC1,0xE0,0x03,0x49,0x8B,0xBD,0x90,0xFE,0xFF,0xFF,0x48,0x01,0xF8
	.byte 0x48,0x89,0x30,0x49,0x89,0x95,0x70,0xFF,0xFF,0xFF,0x49,0x8B,0x85,0x28,0xFF,0xFF
	.byte 0xFF,0x48,0x83,0xC0,0x01,0x49,0x89,0x85,0x28,0xFF,0xFF,0xFF,0x49,0x8B,0x85,0x20
	.byte 0xFF,0xFF,0xFF,0x48,0x83,0xC0,0x01,0x49,0x89,0x85,0x20,0xFF,0xFF,0xFF,0x48,0x89
	.byte 0xC8,0xE9,0x04,0xFF,0xFF,0xFF,0x49,0x8B,0xBD,0x70,0xFF,0xFF,0xFF,0x49,0x8B,0x85
	.byte 0x28,0xFF,0xFF,0xFF,0x48,0xC1,0xE0,0x03,0x49,0x8B,0xB5,0x90,0xFE,0xFF,0xFF,0x48
	.byte 0x01,0xF0,0x48,0x89,0x38,0x49,0x8B,0x85,0x28,0xFF,0xFF,0xFF,0x48,0x83,0xC0,0x01
	.byte 0x49,0x89,0x85,0x28,0xFF,0xFF,0xFF,0x48,0x89,0xCF,0xFF,0xE1,0x49,0x8B,0xBD,0x70
	.byte 0xFF,0xFF,0xFF,0x48,0x83,0xFF,0x00,0x0F,0x8C,0x35,0x00,0x00,0x00,0x49,0x8B,0xBD
	.byte 0x70,0xFF,0xFF,0xFF,0x49,0x8B,0xB5,0x70,0xFF,0xFF,0xFF,0x48,0x01,0xF7,0x49,0x89
	.byte 0xBD,0x70,0xFF,0xFF,0xFF,0x49,0x8B,0xBD,0x68,0xFF,0xFF,0xFF,0x49,0x8B,0xB5,0x68
	.byte 0xFF,0xFF,0xFF,0x48,0x01,0xF7,0x49,0x89,0xBD,0x68,0xFF,0xFF,0xFF,0xE9,0xBA,0xFF
	.byte 0xFF,0xFF,0x48,0x89,0xC7,0xFF,0xE0,0x90,0x49,0x83,0xEE,0x10,0x4D,0x39,0xEE,0x0F
	.byte 0x82,0xD7,0xD1,0xFF,0xFF,0x90,0x49,0x8B,0xBD,0x28,0xFF,0xFF,0xFF,0x48,0x83,0xFF
	.byte 0x00,0x0F,0x84,0x87,0x00,0x00,0x00,0x49,0x8B,0xBD,0x28,0xFF,0xFF,0xFF,0x48,0x83
	.byte 0xC7,0xFF,0x49,0x89,0xBD,0x28,0xFF,0xFF,0xFF,0x48,0xC1,0xE7,0x03,0x49,0x8B,0xB5
	.byte 0x80,0xFE,0xFF,0xFF,0x48,0x01,0xF7,0x48,0x8B,0x37,0x49,0x89,0xB5,0x78,0xFF,0xFF
	.byte 0xFF,0x49,0x8B,0x95,0x30,0xFF,0xFF,0xFF,0x49,0x8B,0xBD,0x68,0xFF,0xFF,0xFF,0x49
	.byte 0x89,0x46,0x08,0x41,0xBB,0x27,0x00,0x00,0x00,0x4D,0x89,0x1E,0x48,0x8D,0x05,0x05
	.byte 0x00,0x00,0x00,0xE9,0x1C,0xE1,0xFF,0xFF,0x49,0x8B,0x46,0x08,0x49,0x8B,0xB5,0x98
	.byte 0xFE,0xFF,0xFF,0x49,0x89,0xBD,0x78,0xFF,0xFF,0xFF,0x49,0x89,0xB5,0x68,0xFF,0xFF
	.byte 0xFF,0x49,0x8B,0xB5,0x28,0xFF,0xFF,0xFF,0x48,0xC1,0xE6,0x03,0x49,0x8B,0x95,0x90
	.byte 0xFE,0xFF,0xFF,0x48,0x01,0xD6,0x48,0x89,0x3E,0xE9,0x68,0xFF,0xFF,0xFF,0x48,0x89
	.byte 0xC7,0x49,0x83,0xC6,0x10,0xFF,0xE0,0x90,0x49,0x8B,0xBD,0x28,0xFF,0xFF,0xFF,0x48
	.byte 0x83,0xFF,0x00,0x0F,0x84,0x43,0x00,0x00,0x00,0x49,0x8B,0xBD,0x28,0xFF,0xFF,0xFF
	.byte 0x48,0x83,0xC7,0xFF,0x49,0x89,0xBD,0x28,0xFF,0xFF,0xFF,0x48,0x89,0xFE,0x48,0xC1
	.byte 0xE7,0x03,0x49,0x8B,0x95,0x80,0xFE,0xFF,0xFF,0x48,0x01,0xD7,0x48,0x8B,0x3F,0x49
	.byte 0x89,0xBD,0x78,0xFF,0xFF,0xFF,0x48,0xC1,0xE6,0x03,0x49,0x8B,0x95,0x90,0xFE,0xFF
	.byte 0xFF,0x48,0x01,0xD6,0x48,0x89,0x3E,0xE9,0xAC,0xFF,0xFF,0xFF,0x48,0x89,0xC7,0xFF
	.byte 0xE0,0x90,0x49,0x83,0xEE,0x10,0x4D,0x39,0xEE,0x0F,0x82,0xCD,0xD0,0xFF,0xFF,0x90
	.byte 0x49,0x8B,0xBD,0x40,0xFF,0xFF,0xFF,0x48,0x83,0xFF,0x00,0x0F,0x84,0x8F,0x00,0x00
	.byte 0x00,0x49,0x8B,0xBD,0x40,0xFF,0xFF,0xFF,0x48,0x83,0xC7,0xFF,0x49,0x89,0xBD,0x40
	.byte 0xFF,0xFF,0xFF,0x49,0x8B,0xBD,0x18,0xFF,0xFF,0xFF,0x48,0xC1,0xE7,0x03,0x49,0x8B
	.byte 0xB5,0x80,0xFE,0xFF,0xFF,0x48,0x01,0xF7,0x48,0x8B,0x3F,0x49,0x89,0xBD,0x38,0xFF
	.byte 0xFF,0xFF,0x49,0x8B,0xBD,0x18,0xFF,0xFF,0xFF,0x48,0x83,0xC7,0x01,0x49,0x89,0xBD
	.byte 0x18,0xFF,0xFF,0xFF,0x31,0xFF,0x49,0x89,0xBD,0x20,0xFF,0xFF,0xFF,0x49,0x89,0xBD
	.byte 0x70,0xFF,0xFF,0xFF,0x49,0x89,0x46,0x08,0x41,0xBB,0x28,0x00,0x00,0x00,0x4D,0x89
	.byte 0x1E,0x48,0x8D,0x05,0x06,0x00,0x00,0x00,0xE9,0x45,0x00,0x00,0x00,0x90,0x49,0x8B
	.byte 0x46,0x08,0x49,0x8B,0xBD,0x28,0xFF,0xFF,0xFF,0x49,0x8B,0xB5,0x30,0xFF,0xFF,0xFF
	.byte 0x48,0x29,0xF7,0x49,0x89,0xBD,0x28,0xFF,0xFF,0xFF,0xE9,0x61,0xFF,0xFF,0xFF,0x90
	.byte 0x49,0x8B,0xBD,0x30,0xFF,0xFF,0xFF,0x49,0x8B,0xB5,0x28,0xFF,0xFF,0xFF,0x48,0x01
	.byte 0xF7,0x49,0x89,0xBD,0x28,0xFF,0xFF,0xFF,0x48,0x89,0xC7,0x49,0x83,0xC6,0x10,0xFF
	.byte 0xE0,0x90,0x48,0x89,0xC1,0x49,0x8B,0x85,0x30,0xFF,0xFF,0xFF,0x49,0x8B,0xBD,0x20
	.byte 0xFF,0xFF,0xFF,0x48,0x39,0xF8,0x0F,0x84,0xF8,0x00,0x00,0x00,0x49,0x8B,0x85,0x28
	.byte 0xFF,0xFF,0xFF,0x48,0xC1,0xE0,0x03,0x49,0x8B,0xBD,0x90,0xFE,0xFF,0xFF,0x48,0x01
	.byte 0xF8,0x48,0x8B,0x38,0x49,0x89,0xBD,0x60,0xFF,0xFF,0xFF,0x49,0x8B,0x85,0x20,0xFF
	.byte 0xFF,0xFF,0x48,0xC1,0xE0,0x03,0x49,0x8B,0xB5,0x88,0xFE,0xFF,0xFF,0x48,0x01,0xF0
	.byte 0x48,0x8B,0x30,0x49,0x8B,0x85,0x38,0xFF,0xFF,0xFF,0x48,0xF7,0xE6,0x48,0x89,0xC6
	.byte 0x31,0xC0,0x4D,0x8B,0x85,0x70,0xFF,0xFF,0xFF,0x48,0x83,0xF8,0x01,0xF5,0x4C,0x11
	.byte 0xC6,0xB8,0x00,0x00,0x00,0x00,0x40,0x0F,0x92,0xC0,0x45,0x31,0xC0,0x48,0x83,0xF8
	.byte 0x01,0xF5,0x4C,0x11,0xC2,0xB8,0x00,0x00,0x00,0x00,0x40,0x0F,0x92,0xC0,0x31,0xC0
	.byte 0x48,0x83,0xF8,0x01,0xF5,0x48,0x11,0xFE,0xB8,0x00,0x00,0x00,0x00,0x40,0x0F,0x92
	.byte 0xC0,0x49,0x89,0xB5,0x78,0xFF,0xFF,0xFF,0x31,0xFF,0x48,0x83,0xF8,0x01,0xF5,0x48
	.byte 0x11,0xFA,0xB8,0x00,0x00,0x00,0x00,0x40,0x0F,0x92,0xC0,0x49,0x89,0x95,0x68,0xFF
	.byte 0xFF,0xFF,0x49,0x89,0x85,0x58,0xFF,0xFF,0xFF,0x49,0x8B,0x85,0x28,0xFF,0xFF,0xFF
	.byte 0x48,0xC1,0xE0,0x03,0x49,0x8B,0xBD,0x90,0xFE,0xFF,0xFF,0x48,0x01,0xF8,0x48,0x89
	.byte 0x30,0x49,0x89,0x95,0x70,0xFF,0xFF,0xFF,0x49,0x8B,0x85,0x28,0xFF,0xFF,0xFF,0x48
	.byte 0x83,0xC0,0x01,0x49,0x89,0x85,0x28,0xFF,0xFF,0xFF,0x49,0x8B,0x85,0x20,0xFF,0xFF
	.byte 0xFF,0x48,0x83,0xC0,0x01,0x49,0x89,0x85,0x20,0xFF,0xFF,0xFF,0x48,0x89,0xC8,0xE9
	.byte 0xEE,0xFE,0xFF,0xFF,0x49,0x8B,0xBD,0x70,0xFF,0xFF,0xFF,0x49,0x8B,0x85,0x28,0xFF
	.byte 0xFF,0xFF,0x48,0xC1,0xE0,0x03,0x49,0x8B,0xB5,0x90,0xFE,0xFF,0xFF,0x48,0x01,0xF0
	.byte 0x48,0x89,0x38,0x49,0x8B,0x85,0x28,0xFF,0xFF,0xFF,0x48,0x83,0xC0,0x01,0x49,0x89
	.byte 0x85,0x28,0xFF,0xFF,0xFF,0x48,0x89,0xCF,0xFF,0xE1,0x49,0x8B,0xBD,0x28,0xFF,0xFF
	.byte 0xFF,0x48,0x83,0xFF,0x00,0x0F,0x84,0x2F,0x00,0x00,0x00,0x49,0x8B,0xBD,0x28,0xFF
	.byte 0xFF,0xFF,0x48,0x83,0xC7,0xFF,0x49,0x89,0xBD,0x28,0xFF,0xFF,0xFF,0x49,0x8B,0xB5
	.byte 0x78,0xFF,0xFF,0xFF,0x48,0xC1,0xE7,0x03,0x49,0x8B,0x95,0x90,0xFE,0xFF,0xFF,0x48
	.byte 0x01,0xD7,0x48,0x89,0x37,0xE9,0xC0,0xFF,0xFF,0xFF,0x48,0x89,0xC7,0xFF,0xE0,0x90
	.byte 0x49,0x8B,0xBD,0x28,0xFF,0xFF,0xFF,0x48,0x83,0xFF,0x00,0x0F,0x84,0x4B,0x00,0x00
	.byte 0x00,0x49,0x8B,0xBD,0x28,0xFF,0xFF,0xFF,0x48,0x83,0xC7,0xFF,0x49,0x89,0xBD,0x28
	.byte 0xFF,0xFF,0xFF,0x48,0xC1,0xE7,0x03,0x49,0x8B,0xB5,0x90,0xFE,0xFF,0xFF,0x48,0x01
	.byte 0xF7,0x48,0x8B,0x3F,0x49,0x89,0xBD,0x38,0xFF,0xFF,0xFF,0x48,0x83,0xFF,0x00,0x0F
	.byte 0x85,0x05,0x00,0x00,0x00,0xE9,0xB6,0xFF,0xFF,0xFF,0x49,0x8B,0xBD,0x28,0xFF,0xFF
	.byte 0xFF,0x48,0x83,0xC7,0x01,0x49,0x89,0xBD,0x28,0xFF,0xFF,0xFF,0x48,0x89,0xC7,0xFF
	.byte 0xE0,0x90,0x48,0x89,0xC6,0x49,0x8B,0x85,0x70,0xFF,0xFF,0xFF,0x48,0x83,0xF8,0x01
	.byte 0x0F,0x84,0x8C,0x00,0x00,0x00,0x49,0x8B,0x85,0x70,0xFF,0xFF,0xFF,0x48,0x83,0xC0
	.byte 0xFF,0x49,0x89,0x85,0x70,0xFF,0xFF,0xFF,0x49,0x8B,0x85,0x28,0xFF,0xFF,0xFF,0x48
	.byte 0xC1,0xE0,0x03,0x49,0x8B,0xBD,0x80,0xFE,0xFF,0xFF,0x48,0x01,0xF8,0x48,0x8B,0x38
	.byte 0x49,0x8B,0x85,0x60,0xFF,0xFF,0xFF,0x49,0x8B,0x95,0x30,0xFF,0xFF,0xFF,0x48,0xF7
	.byte 0xD2,0x48,0x83,0xF8,0x01,0xF5,0x48,0x11,0xD7,0xB8,0x00,0x00,0x00,0x00,0x40,0x0F
	.byte 0x92,0xC0,0x49,0x89,0xBD,0x38,0xFF,0xFF,0xFF,0x49,0x89,0x85,0x60,0xFF,0xFF,0xFF
	.byte 0x49,0x8B,0x85,0x28,0xFF,0xFF,0xFF,0x48,0xC1,0xE0,0x03,0x49,0x8B,0x95,0x90,0xFE
	.byte 0xFF,0xFF,0x48,0x01,0xD0,0x48,0x89,0x38,0x49,0x8B,0x85,0x28,0xFF,0xFF,0xFF,0x48
	.byte 0x83,0xC0,0x01,0x49,0x89,0x85,0x28,0xFF,0xFF,0xFF,0x48,0x89,0xF0,0xE9,0x60,0xFF
	.byte 0xFF,0xFF,0x31,0xC0,0x49,0x89,0x85,0x70,0xFF,0xFF,0xFF,0x48,0x89,0xF7,0xFF,0xE6
	.byte 0x48,0x89,0xC6,0x49,0x8B,0x85,0x70,0xFF,0xFF,0xFF,0x48,0x83,0xF8,0x01,0x0F,0x84
	.byte 0xA4,0x00,0x00,0x00,0x49,0x8B,0x85,0x70,0xFF,0xFF,0xFF,0x48,0x83,0xC0,0xFF,0x49
	.byte 0x89,0x85,0x70,0xFF,0xFF,0xFF,0x49,0x8B,0x85,0x28,0xFF,0xFF,0xFF,0x48,0xC1,0xE0
	.byte 0x03,0x49,0x8B,0xBD,0x80,0xFE,0xFF,0xFF,0x48,0x01,0xF8,0x48,0x8B,0x10,0x49,0x8B
	.byte 0x85,0x28,0xFF,0xFF,0xFF,0x48,0xC1,0xE0,0x03,0x49,0x8B,0xBD,0x88,0xFE,0xFF,0xFF
	.byte 0x48,0x01,0xF8,0x48,0x8B,0x38,0x49,0x89,0xBD,0x30,0xFF,0xFF,0xFF,0x49,0x8B,0x85
	.byte 0x60,0xFF,0xFF,0xFF,0x48,0xF7,0xD7,0x48,0x83,0xF8,0x01,0xF5,0x48,0x11,0xFA,0xB8
	.byte 0x00,0x00,0x00,0x00,0x40,0x0F,0x92,0xC0,0x49,0x89,0x95,0x38,0xFF,0xFF,0xFF,0x49
	.byte 0x89,0x85,0x60,0xFF,0xFF,0xFF,0x49,0x8B,0x85,0x28,0xFF,0xFF,0xFF,0x48,0xC1,0xE0
	.byte 0x03,0x49,0x8B,0xBD,0x90,0xFE,0xFF,0xFF,0x48,0x01,0xF8,0x48,0x89,0x10,0x49,0x8B
	.byte 0x85,0x28,0xFF,0xFF,0xFF,0x48,0x83,0xC0,0x01,0x49,0x89,0x85,0x28,0xFF,0xFF,0xFF
	.byte 0x48,0x89,0xF0,0xE9,0x48,0xFF,0xFF,0xFF,0x31,0xC0,0x49,0x89,0x85,0x70,0xFF,0xFF
	.byte 0xFF,0x48,0x89,0xF7,0xFF,0xE6,0x49,0x8B,0xBD,0x28,0xFF,0xFF,0xFF,0x48,0x83,0xFF
	.byte 0x00,0x0F,0x84,0x87,0x00,0x00,0x00,0x49,0x8B,0xBD,0x28,0xFF,0xFF,0xFF,0x48,0x83
	.byte 0xC7,0xFF,0x49,0x89,0xBD,0x28,0xFF,0xFF,0xFF,0x48,0x89,0xFE,0x48,0xC1,0xE7,0x03
	.byte 0x49,0x8B,0x95,0x80,0xFE,0xFF,0xFF,0x48,0x01,0xD7,0x48,0x8B,0x3F,0x49,0x89,0xBD
	.byte 0x38,0xFF,0xFF,0xFF,0x48,0xC1,0xE6,0x03,0x49,0x8B,0x95,0x88,0xFE,0xFF,0xFF,0x48
	.byte 0x01,0xD6,0x48,0x8B,0x36,0x49,0x89,0xB5,0x30,0xFF,0xFF,0xFF,0x48,0x39,0xF7,0x0F
	.byte 0x85,0x05,0x00,0x00,0x00,0xE9,0x9C,0xFF,0xFF,0xFF,0x49,0x8B,0xBD,0x38,0xFF,0xFF
	.byte 0xFF,0x49,0x8B,0xB5,0x30,0xFF,0xFF,0xFF,0x48,0x39,0xF7,0x0F,0x82,0x11,0x00,0x00
	.byte 0x00,0xBF,0x02,0x00,0x00,0x00,0x49,0x89,0xBD,0x28,0xFF,0xFF,0xFF,0xE9,0x0C,0x00
	.byte 0x00,0x00,0xBF,0x01,0x00,0x00,0x00,0x49,0x89,0xBD,0x28,0xFF,0xFF,0xFF,0x48,0x89
	.byte 0xC7,0xFF,0xE0,0x90,0x48,0x89,0xC6,0x49,0x8B,0x85,0x70,0xFF,0xFF,0xFF,0x48,0x83
	.byte 0xF8,0x01,0x0F,0x84,0x8A,0x00,0x00,0x00,0x49,0x8B,0x85,0x70,0xFF,0xFF,0xFF,0x48
	.byte 0x83,0xC0,0xFF,0x49,0x89,0x85,0x70,0xFF,0xFF,0xFF,0x49,0x8B,0x85,0x28,0xFF,0xFF
	.byte 0xFF,0x48,0xC1,0xE0,0x03,0x49,0x8B,0xBD,0x80,0xFE,0xFF,0xFF,0x48,0x01,0xF8,0x48
	.byte 0x8B,0x38,0x49,0x8B,0x85,0x60,0xFF,0xFF,0xFF,0x49,0x8B,0x95,0x30,0xFF,0xFF,0xFF
	.byte 0x48,0x83,0xF8,0x01,0xF5,0x48,0x11,0xD7,0xB8,0x00,0x00,0x00,0x00,0x40,0x0F,0x92
	.byte 0xC0,0x49,0x89,0xBD,0x38,0xFF,0xFF,0xFF,0x49,0x89,0x85,0x60,0xFF,0xFF,0xFF,0x49
	.byte 0x8B,0x85,0x28,0xFF,0xFF,0xFF,0x48,0xC1,0xE0,0x03,0x49,0x8B,0x95,0x90,0xFE,0xFF
	.byte 0xFF,0x48,0x01,0xD0,0x48,0x89,0x38,0x49,0x8B,0x85,0x28,0xFF,0xFF,0xFF,0x48,0x83
	.byte 0xC0,0x01,0x49,0x89,0x85,0x28,0xFF,0xFF,0xFF,0x48,0x89,0xF0,0xE9,0x63,0xFF,0xFF
	.byte 0xFF,0x90,0x31,0xC0,0x49,0x89,0x85,0x70,0xFF,0xFF,0xFF,0x48,0x89,0xF7,0xFF,0xE6
	.byte 0x48,0x89,0xC6,0x49,0x8B,0x85,0x70,0xFF,0xFF,0xFF,0x48,0x83,0xF8,0x01,0x0F,0x84
	.byte 0xA2,0x00,0x00,0x00,0x49,0x8B,0x85,0x70,0xFF,0xFF,0xFF,0x48,0x83,0xC0,0xFF,0x49
	.byte 0x89,0x85,0x70,0xFF,0xFF,0xFF,0x49,0x8B,0x85,0x28,0xFF,0xFF,0xFF,0x48,0xC1,0xE0
	.byte 0x03,0x49,0x8B,0xBD,0x80,0xFE,0xFF,0xFF,0x48,0x01,0xF8,0x48,0x8B,0x38,0x49,0x8B
	.byte 0x85,0x28,0xFF,0xFF,0xFF,0x48,0xC1,0xE0,0x03,0x49,0x8B,0x95,0x88,0xFE,0xFF,0xFF
	.byte 0x48,0x01,0xD0,0x48,0x8B,0x10,0x49,0x89,0x95,0x30,0xFF,0xFF,0xFF,0x49,0x8B,0x85
	.byte 0x60,0xFF,0xFF,0xFF,0x48,0x83,0xF8,0x01,0xF5,0x48,0x11,0xD7,0xB8,0x00,0x00,0x00
	.byte 0x00,0x40,0x0F,0x92,0xC0,0x49,0x89,0xBD,0x38,0xFF,0xFF,0xFF,0x49,0x89,0x85,0x60
	.byte 0xFF,0xFF,0xFF,0x49,0x8B,0x85,0x28,0xFF,0xFF,0xFF,0x48,0xC1,0xE0,0x03,0x49,0x8B
	.byte 0x95,0x90,0xFE,0xFF,0xFF,0x48,0x01,0xD0,0x48,0x89,0x38,0x49,0x8B,0x85,0x28,0xFF
	.byte 0xFF,0xFF,0x48,0x83,0xC0,0x01,0x49,0x89,0x85,0x28,0xFF,0xFF,0xFF,0x48,0x89,0xF0
	.byte 0xE9,0x4B,0xFF,0xFF,0xFF,0x90,0x31,0xC0,0x49,0x89,0x85,0x70,0xFF,0xFF,0xFF,0x48
	.byte 0x89,0xF7,0xFF,0xE6,0x49,0x83,0xEE,0x30,0x4D,0x39,0xEE,0x0F,0x82,0x8B,0xCA,0xFF
	.byte 0xFF,0x90,0x49,0x89,0xC0,0x49,0x8B,0x75,0xC0,0x31,0xC0,0x48,0xD1,0xE0,0x4C,0x01
	.byte 0xE0,0x49,0x89,0x76,0x28,0x48,0xC1,0xEE,0x09,0x48,0x01,0xF0,0x48,0x8B,0x48,0x08
	.byte 0x48,0x89,0xFA,0x48,0x01,0xCA,0xB8,0x00,0x00,0x00,0x00,0x40,0x0F,0x90,0xC0,0x48
	.byte 0x89,0xCE,0x48,0x09,0xF9,0x48,0x09,0xC1,0x48,0xF7,0xC1,0x01,0x00,0x00,0x00,0x0F
	.byte 0x84,0x35,0x00,0x00,0x00,0x4D,0x8B,0x5E,0x28,0x4D,0x89,0x5E,0x20,0x4D,0x89,0x46
	.byte 0x28,0x49,0x89,0x76,0x18,0x49,0x89,0x7E,0x10,0x41,0xBB,0x29,0x00,0x00,0x00,0x4D
	.byte 0x89,0x1E,0x48,0x8D,0x05,0x05,0x00,0x00,0x00,0xE9,0xA0,0xD6,0xFF,0xFF,0x49,0x8B
	.byte 0x76,0x20,0x48,0x89,0xFA,0xE9,0x08,0x00,0x00,0x00,0x49,0x8B,0x76,0x28,0x4D,0x89
	.byte 0x46,0x28,0x48,0x89,0xF0,0x48,0xC1,0xEE,0x09,0x4C,0x01,0xE6,0x48,0x8B,0x0E,0x48
	.byte 0xC1,0xE9,0x20,0x48,0xC1,0xE1,0x02,0x49,0x89,0x46,0x18,0x48,0xC1,0xE8,0x09,0x4C
	.byte 0x01,0xE0,0x48,0x89,0x50,0x08,0xB8,0x02,0x00,0x00,0x00,0x48,0x89,0xD7,0x48,0x89
	.byte 0xCE,0x48,0x09,0xF9,0x48,0xF7,0xC1,0x01,0x00,0x00,0x00,0x0F,0x84,0x33,0x00,0x00
	.byte 0x00,0x49,0x89,0x46,0x20,0x49,0x89,0x76,0x10,0x49,0x89,0x7E,0x08,0x41,0xBB,0x2A
	.byte 0x00,0x00,0x00,0x4D,0x89,0x1E,0x48,0x8D,0x05,0x05,0x00,0x00,0x00,0xE9,0xA4,0xD6
	.byte 0xFF,0xFF,0x49,0x8B,0x46,0x20,0x49,0x8B,0x56,0x08,0xBE,0x01,0x00,0x00,0x00,0xE9
	.byte 0x08,0x00,0x00,0x00,0x49,0x89,0x76,0x10,0x48,0x89,0xFA,0x90,0x48,0x39,0xF7,0x0F
	.byte 0x8D,0x0F,0x00,0x00,0x00,0x48,0x89,0xC7,0x4D,0x8B,0x5E,0x28,0x49,0x83,0xC6,0x30
	.byte 0x41,0xFF,0xE3,0x90,0x31,0xC9,0x48,0x89,0xD7,0x48,0x01,0xD7,0xB8,0x00,0x00,0x00
	.byte 0x00,0x40,0x0F,0x90,0xC0,0x48,0x89,0xD6,0x48,0x09,0xF2,0x48,0x09,0xC2,0x48,0xF7
	.byte 0xC2,0x01,0x00,0x00,0x00,0x0F,0x84,0x27,0x00,0x00,0x00,0x48,0x89,0xF7,0x49,0x89
	.byte 0x76,0x20,0x49,0x89,0x4E,0x08,0x41,0xBB,0x2B,0x00,0x00,0x00,0x4D,0x89,0x1E,0x48
	.byte 0x8D,0x05,0x06,0x00,0x00,0x00,0xE9,0xB3,0xD5,0xFF,0xFF,0x90,0xE9,0x05,0x00,0x00
	.byte 0x00,0x90,0x49,0x89,0x4E,0x08,0x48,0xF7,0xC7,0x01,0x00,0x00,0x00,0x0F,0x84,0x3B
	.byte 0x00,0x00,0x00,0x48,0xBF,0xFF,0xFF,0xFF,0xFF,0xFF,0xFF,0xFF,0xFF,0x41,0xBB,0x2C
	.byte 0x00,0x00,0x00,0x4D,0x89,0x1E,0x48,0x8D,0x05,0x05,0x00,0x00,0x00,0xE9,0x06,0xC9
	.byte 0xFF,0xFF,0x45,0x31,0xDB,0x4D,0x89,0x5E,0x08,0x49,0x8B,0x7E,0x08,0x4D,0x8B,0x5E
	.byte 0x08,0x4D,0x89,0x5E,0x18,0x4D,0x8B,0x5E,0x08,0x4D,0x89,0x5E,0x10,0x90,0x49,0x89
	.byte 0x7E,0x20,0x48,0xC1,0xEF,0x02,0x49,0xBA,0x00,0x00,0x00,0x00,0x01,0x00,0x00,0x00
	.byte 0x4C,0x39,0xD7,0x0F,0x82,0x0F,0x00,0x00,0x00,0x48,0xBF,0xFF,0xFF,0xFF,0xFF,0xFF
	.byte 0xFF,0xFF,0xFF,0xE9,0x08,0x00,0x00,0x00,0x48,0x83,0xC7,0x01,0x48,0xC1,0xE7,0x03
	.byte 0x49,0x8B,0x45,0xD8,0x49,0x8B,0x75,0xF8,0x48,0x29,0xF0,0x48,0x39,0xF8,0x0F,0x82
	.byte 0x1E,0x00,0x00,0x00,0x49,0x8B,0x7E,0x20,0x4D,0x8B,0x5E,0x18,0x4D,0x89,0x5E,0x20
	.byte 0x4D,0x8B,0x5E,0x10,0x4D,0x89,0x5E,0x18,0x49,0x8B,0x76,0x08,0xE9,0x2F,0x00,0x00
	.byte 0x00,0x90,0x41,0xBB,0x2D,0x00,0x00,0x00,0x4D,0x89,0x1E,0x48,0x8D,0x05,0x06,0x00
	.byte 0x00,0x00,0xE9,0x71,0xC8,0xFF,0xFF,0x90,0x49,0x8B,0x7E,0x20,0x4D,0x8B,0x5E,0x18
	.byte 0x4D,0x89,0x5E,0x20,0x4D,0x8B,0x5E,0x10,0x4D,0x89,0x5E,0x18,0x49,0x8B,0x76,0x08
	.byte 0x49,0x89,0x7E,0x10,0x49,0x89,0x76,0x08,0x41,0xBB,0x2E,0x00,0x00,0x00,0x4D,0x89
	.byte 0x1E,0x48,0x8D,0x05,0x06,0x00,0x00,0x00,0xE9,0x1D,0xD0,0xFF,0xFF,0x90,0x48,0x89
	.byte 0xF8,0x49,0x8B,0x7E,0x18,0x49,0x89,0x45,0xC0,0x49,0x89,0x46,0x18,0x48,0xC1,0xE8
	.byte 0x09,0x4C,0x01,0xE0,0x49,0x89,0x45,0xB8,0xB8,0x04,0x00,0x00,0x00,0x48,0x89,0xFA
	.byte 0x48,0x29,0xC2,0xB8,0x00,0x00,0x00,0x00,0x40,0x0F,0x90,0xC0,0x48,0x89,0xFE,0x48
	.byte 0x09,0xC6,0x48,0x83,0xCE,0x04,0x48,0xF7,0xC6,0x01,0x00,0x00,0x00,0x0F,0x84,0x37
	.byte 0x00,0x00,0x00,0xBE,0x04,0x00,0x00,0x00,0x49,0x89,0x7E,0x10,0x49,0x89,0x76,0x08
	.byte 0x41,0xBB,0x2F,0x00,0x00,0x00,0x4D,0x89,0x1E,0x48,0x8D,0x05,0x06,0x00,0x00,0x00
	.byte 0xE9,0x51,0xD4,0xFF,0xFF,0x90,0x48,0x89,0xFA,0x49,0x8B,0x46,0x28,0x49,0x8B,0x76
	.byte 0x20,0x49,0x8B,0x7E,0x18,0xE9,0x0C,0x00,0x00,0x00,0x49,0x8B,0x46,0x28,0x49,0x8B
	.byte 0x76,0x20,0x49,0x8B,0x7E,0x18,0x49,0x83,0xEE,0x08,0x4D,0x39,0xEE,0x0F,0x82,0x99
	.byte 0xC7,0xFF,0xFF,0xE9,0x0E,0x00,0x00,0x00,0x49,0x83,0xEE,0x38,0x4D,0x39,0xEE,0x0F
	.byte 0x82,0x87,0xC7,0xFF,0xFF,0x90,0x48,0x89,0xD1,0x48,0xD1,0xE2,0x4C,0x01,0xE2,0x49
	.byte 0x89,0x76,0x28,0x48,0xC1,0xEE,0x09,0x49,0x89,0xD0,0x49,0x01,0xF0,0x49,0x8B,0x70
	.byte 0x08,0x49,0x89,0x7E,0x20,0x48,0xC1,0xEF,0x09,0x48,0x01,0xFA,0x48,0x89,0x72,0x08
	.byte 0xBA,0x02,0x00,0x00,0x00,0x31,0xF6,0x48,0x89,0xCF,0x48,0xF7,0xC6,0x01,0x00,0x00
	.byte 0x00,0x0F,0x84,0x5F,0x00,0x00,0x00,0x48,0x39,0xF7,0x0F,0x84,0x42,0x00,0x00,0x00
	.byte 0x49,0x89,0x46,0x30,0x49,0x89,0x76,0x08,0x49,0x89,0x56,0x18,0x49,0x89,0x7E,0x10
	.byte 0x41,0xBB,0x30,0x00,0x00,0x00,0x4D,0x89,0x1E,0x48,0x8D,0x05,0x06,0x00,0x00,0x00
	.byte 0xE9,0xBB,0xD5,0xFF,0xFF,0x90,0x49,0x8B,0x56,0x18,0x49,0x8B,0x46,0x10,0xBE,0x01
	.byte 0x00,0x00,0x00,0x49,0x89,0xFA,0x48,0x89,0xC7,0x4C,0x89,0xD0,0xE9,0x09,0x00,0x00
	.byte 0x00,0x90,0x49,0x89,0x46,0x30,0x48,0x89,0xF8,0x90,0x48,0x89,0xF9,0x48,0x89,0xC7
	.byte 0xE9,0x09,0x00,0x00,0x00,0x90,0x49,0x89,0x46,0x30,0x48,0x89,0xF9,0x90,0x48,0x39
	.byte 0xF7,0x0F,0x85,0x0F,0x00,0x00,0x00,0x48,0x89,0xD7,0x4D,0x8B,0x5E,0x30,0x49,0x83
	.byte 0xC6,0x38,0x41,0xFF,0xE3,0x90,0xB8,0x04,0x00,0x00,0x00,0x48,0x89,0xCA,0x48,0x29
	.byte 0xC2,0xB8,0x00,0x00,0x00,0x00,0x40,0x0F,0x90,0xC0,0x48,0x89,0xCF,0x48,0x09,0xC1
	.byte 0x48,0x83,0xC9,0x04,0x48,0xF7,0xC1,0x01,0x00,0x00,0x00,0x0F,0x84,0x37,0x00,0x00
	.byte 0x00,0xBE,0x04,0x00,0x00,0x00,0x49,0x89,0x76,0x10,0x49,0x89,0x7E,0x18,0x41,0xBB
	.byte 0x31,0x00,0x00,0x00,0x4D,0x89,0x1E,0x48,0x8D,0x05,0x06,0x00,0x00,0x00,0xE9,0x03
	.byte 0xD3,0xFF,0xFF,0x90,0x48,0x89,0xFA,0x49,0x8B,0x46,0x30,0x49,0x8B,0x76,0x28,0x49
	.byte 0x8B,0x7E,0x20,0xE9,0x0C,0x00,0x00,0x00,0x49,0x8B,0x46,0x30,0x49,0x8B,0x76,0x28
	.byte 0x49,0x8B,0x7E,0x20,0xE9,0xCD,0xFE,0xFF,0xFF,0x90,0x49,0x83,0xEE,0x20,0x4D,0x39
	.byte 0xEE,0x0F,0x82,0x45,0xC6,0xFF,0xFF,0x90,0x31,0xF6,0xBF,0x0C,0x00,0x00,0x00,0x49
	.byte 0x89,0x7E,0x10,0xBA,0x20,0x00,0x00,0x00,0x49,0x8B,0x7D,0xD8,0x49,0x8B,0x4D,0xF8
	.byte 0x48,0x29,0xCF,0x48,0x39,0xD7,0x0F,0x82,0x0A,0x00,0x00,0x00,0x49,0x89,0x46,0x18
	.byte 0xE9,0x23,0x00,0x00,0x00,0x90,0xBF,0x20,0x00,0x00,0x00,0x49,0x89,0x46,0x18,0x49
	.byte 0x89,0x76,0x08,0x41,0xBB,0x32,0x00,0x00,0x00,0x4D,0x89,0x1E,0x48,0x8D,0x05,0x05
	.byte 0x00,0x00,0x00,0xE9,0x00,0xC6,0xFF,0xFF,0x31,0xF6,0xBF,0x0C,0x00,0x00,0x00,0x49
	.byte 0x89,0x7E,0x10,0x49,0x89,0x76,0x08,0x41,0xBB,0x33,0x00,0x00,0x00,0x4D,0x89,0x1E
	.byte 0x48,0x8D,0x05,0x05,0x00,0x00,0x00,0xE9,0xBE,0xCD,0xFF,0xFF,0xBE,0x04,0x00,0x00
	.byte 0x00,0x48,0x89,0xF8,0x48,0xC1,0xEF,0x09,0x4C,0x01,0xE7,0x48,0x89,0x77,0x08,0x49
	.byte 0x89,0x45,0xC0,0x48,0xC1,0xE8,0x09,0x4C,0x01,0xE0,0x49,0x89,0x45,0xB8,0x41,0xBB
	.byte 0x34,0x00,0x00,0x00,0x4D,0x89,0x1E,0x49,0x83,0xEE,0x18,0x4D,0x39,0xEE,0x0F,0x82
	.byte 0x98,0xC5,0xFF,0xFF,0x41,0xBB,0x01,0x00,0x00,0x00,0x4D,0x89,0x1E,0x4C,0x8D,0x1D
	.byte 0x3C,0x00,0x00,0x00,0x4D,0x89,0x5E,0x08,0x4D,0x8B,0x5D,0xC8,0x4D,0x89,0x5E,0x10
	.byte 0x4D,0x89,0xF3,0x4D,0x29,0xEB,0x49,0xC1,0xEB,0x03,0x4D,0x89,0x5D,0xC8,0x48,0x8D
	.byte 0x05,0x05,0x00,0x00,0x00,0xE9,0x54,0xC6,0x00,0x00,0x4D,0x8B,0x5E,0x10,0x4D,0x89
	.byte 0x5D,0xC8,0x49,0x83,0xC6,0x18,0x49,0x8B,0x46,0x18,0xE9,0x05,0x00,0x00,0x00,0x90
	.byte 0x49,0x8B,0x46,0x18,0x49,0x83,0xC6,0x20,0xFF,0xE0,0x49,0x83,0xEE,0x28,0x4D,0x39
	.byte 0xEE,0x0F,0x82,0x35,0xC5,0xFF,0xFF,0x90,0x49,0x89,0xC0,0x48,0x89,0xF1,0x48,0x83
	.byte 0xFF,0x02,0x0F,0x85,0x0A,0x00,0x00,0x00,0x48,0x89,0xCF,0x49,0x83,0xC6,0x28,0x41
	.byte 0xFF,0xE0,0xB8,0x04,0x00,0x00,0x00,0x48,0x89,0xC6,0x48,0xD1,0xE0,0x4C,0x01,0xE0
	.byte 0x48,0xC1,0xEF,0x09,0x48,0x01,0xF8,0x48,0x8B,0x78,0x08,0x48,0x01,0xCE,0xB8,0x00
	.byte 0x00,0x00,0x00,0x40,0x0F,0x90,0xC0,0x48,0x89,0xCA,0x48,0x09,0xC1,0x48,0x83,0xC9
	.byte 0x04,0x48,0xF7,0xC1,0x01,0x00,0x00,0x00,0x0F,0x84,0x40,0x00,0x00,0x00,0xB8,0x04
	.byte 0x00,0x00,0x00,0x49,0x89,0x7E,0x18,0x48,0x89,0xC7,0x48,0x89,0xD6,0x4D,0x89,0x46
	.byte 0x20,0x49,0x89,0x56,0x10,0x49,0x89,0x46,0x08,0x41,0xBB,0x35,0x00,0x00,0x00,0x4D
	.byte 0x89,0x1E,0x48,0x8D,0x05,0x05,0x00,0x00,0x00,0xE9,0x30,0xD1,0xFF,0xFF,0x48,0x89
	.byte 0xFE,0x49,0x8B,0x46,0x20,0x49,0x8B,0x7E,0x18,0xE9,0x04,0x00,0x00,0x00,0x4C,0x89
	.byte 0xC0,0x90,0xE9,0x61,0xFF,0xFF,0xFF,0x90,0x49,0x83,0xEE,0x30,0x4D,0x39,0xEE,0x0F
	.byte 0x82,0x87,0xC4,0xFF,0xFF,0x90,0x48,0x89,0xC1,0x48,0x83,0xFF,0x02,0x0F,0x85,0x09
	.byte 0x00,0x00,0x00,0x48,0x89,0xD7,0x49,0x83,0xC6,0x30,0xFF,0xE1,0x45,0x31,0xC0,0x49
	.byte 0xD1,0xE0,0x4D,0x01,0xE0,0x48,0x89,0xF8,0x48,0xC1,0xEF,0x09,0x49,0x01,0xF8,0x49
	.byte 0x8B,0x78,0x08,0x49,0x89,0xF0,0x48,0xC1,0xEE,0x02,0x4C,0x01,0xE6,0x49,0x89,0x56
	.byte 0x28,0x48,0xC1,0xEA,0x09,0x48,0x01,0xD6,0x48,0x83,0xC6,0x08,0x48,0xC1,0xEF,0x02
	.byte 0x40,0x88,0x3E,0xBF,0x04,0x00,0x00,0x00,0x48,0xD1,0xE7,0x4C,0x01,0xE7,0x48,0xC1
	.byte 0xE8,0x09,0x48,0x01,0xC7,0x48,0x8B,0x7F,0x08,0xBE,0x04,0x00,0x00,0x00,0x4C,0x01
	.byte 0xC6,0xB8,0x00,0x00,0x00,0x00,0x40,0x0F,0x90,0xC0,0x4C,0x89,0xC2,0x49,0x09,0xC0
	.byte 0x49,0x83,0xC8,0x04,0x49,0xF7,0xC0,0x01,0x00,0x00,0x00,0x0F,0x84,0x4D,0x00,0x00
	.byte 0x00,0xB8,0x04,0x00,0x00,0x00,0x49,0x89,0x7E,0x20,0x48,0x89,0xC7,0x48,0x89,0xD6
	.byte 0x4D,0x8B,0x5E,0x28,0x4D,0x89,0x5E,0x18,0x49,0x89,0x4E,0x28,0x49,0x89,0x56,0x10
	.byte 0x49,0x89,0x46,0x08,0x41,0xBB,0x36,0x00,0x00,0x00,0x4D,0x89,0x1E,0x48,0x8D,0x05
	.byte 0x06,0x00,0x00,0x00,0xE9,0x45,0xD0,0xFF,0xFF,0x90,0x48,0x89,0xFE,0x49,0x8B,0x46
	.byte 0x28,0x49,0x8B,0x7E,0x20,0x49,0x8B,0x56,0x18,0xE9,0x08,0x00,0x00,0x00,0x48,0x89
	.byte 0xC8,0x49,0x8B,0x56,0x28,0x90,0xE9,0x1B,0xFF,0xFF,0xFF,0x90,0x49,0x83,0xEE,0x30
	.byte 0x4D,0x39,0xEE,0x0F,0x82,0x93,0xC3,0xFF,0xFF,0x90,0x49,0x89,0xC0,0x48,0x83,0xFE
	.byte 0x00,0x0F,0x85,0x07,0x00,0x00,0x00,0x49,0x83,0xC6,0x30,0x41,0xFF,0xE0,0xB8,0x04
	.byte 0x00,0x00,0x00,0x49,0x89,0xF1,0x49,0x29,0xC1,0xB8,0x00,0x00,0x00,0x00,0x40,0x0F
	.byte 0x90,0xC0,0x48,0x89,0xF1,0x48,0x09,0xC6,0x48,0x83,0xCE,0x04,0x48,0xF7,0xC6,0x01
	.byte 0x00,0x00,0x00,0x0F,0x84,0x3B,0x00,0x00,0x00,0xBE,0x04,0x00,0x00,0x00,0x49,0x89
	.byte 0x7E,0x20,0x48,0x89,0xCF,0x4D,0x89,0x46,0x28,0x49,0x89,0x4E,0x08,0x49,0x89,0x76
	.byte 0x10,0x49,0x89,0x56,0x18,0x41,0xBB,0x37,0x00,0x00,0x00,0x4D,0x89,0x1E,0x48,0x8D
	.byte 0x05,0x05,0x00,0x00,0x00,0xE9,0xAC,0xCF,0xFF,0xFF,0x49,0x89,0x7E,0x10,0xE9,0x11
	.byte 0x00,0x00,0x00,0x90,0x4D,0x89,0x4E,0x10,0x4D,0x89,0x46,0x28,0x49,0x89,0x7E,0x20
	.byte 0x49,0x89,0x56,0x18,0x49,0x8B,0x45,0xD8,0x49,0x8B,0x7D,0xF8,0x48,0x29,0xF8,0x48
	.byte 0x83,0xF8,0x18,0x0F,0x82,0x15,0x00,0x00,0x00,0x49,0x8B,0x46,0x28,0x4D,0x8B,0x46
	.byte 0x20,0x49,0x8B,0x4E,0x18,0x49,0x8B,0x7E,0x10,0xE9,0x2A,0x00,0x00,0x00,0xBF,0x18
	.byte 0x00,0x00,0x00,0x41,0xBB,0x38,0x00,0x00,0x00,0x4D,0x89,0x1E,0x48,0x8D,0x05,0x05
	.byte 0x00,0x00,0x00,0xE9,0xD0,0xC2,0xFF,0xFF,0x49,0x8B,0x46,0x28,0x4D,0x8B,0x46,0x20
	.byte 0x49,0x8B,0x4E,0x18,0x49,0x8B,0x7E,0x10,0x48,0x89,0xFE,0x48,0xC1,0xEF,0x02,0x4C
	.byte 0x01,0xE7,0x48,0x89,0xCA,0x48,0xC1,0xE9,0x09,0x48,0x01,0xCF,0x48,0x83,0xC7,0x08
	.byte 0x48,0x0F,0xB6,0x3F,0x48,0xC1,0xE7,0x02,0x49,0x8B,0x4D,0xF8,0x49,0xB9,0x03,0x00
	.byte 0x00,0x00,0x02,0x00,0x00,0x00,0x4C,0x89,0x09,0x48,0x89,0x79,0x08,0x4C,0x89,0x41
	.byte 0x10,0x48,0x89,0xCF,0x4C,0x29,0xE7,0x48,0xC1,0xE7,0x09,0x48,0x83,0xCF,0x05,0x48
	.byte 0x83,0xC1,0x18,0x49,0x89,0x4D,0xF8,0xE9,0xCE,0xFE,0xFF,0xFF,0x49,0x83,0xEE,0x28
	.byte 0x4D,0x39,0xEE,0x0F,0x82,0x53,0xC2,0xFF,0xFF,0x90,0x48,0x89,0xC2,0x48,0x89,0xF1
	.byte 0x48,0x83,0xFF,0x02,0x0F,0x85,0x0A,0x00,0x00,0x00,0x48,0x89,0xCF,0x49,0x83,0xC6
	.byte 0x28,0xFF,0xE2,0x90,0xBE,0x04,0x00,0x00,0x00,0x48,0xD1,0xE6,0x4C,0x01,0xE6,0x48
	.byte 0x89,0xF8,0x48,0xC1,0xE8,0x09,0x48,0x01,0xC6,0x48,0x8B,0x7E,0x08,0x31,0xF6,0x48
	.byte 0xD1,0xE6,0x4C,0x01,0xE6,0x48,0x01,0xC6,0x48,0x8B,0x46,0x08,0x48,0xC1,0xE8,0x09
	.byte 0x4C,0x01,0xE0,0x4C,0x8B,0x08,0x49,0xC1,0xE9,0x1D,0x49,0x83,0xC1,0xF8,0x49,0xC1
	.byte 0xE1,0x02,0x4C,0x89,0xCE,0x48,0x01,0xCE,0xB8,0x00,0x00,0x00,0x00,0x40,0x0F,0x90
	.byte 0xC0,0x49,0x89,0xC8,0x4C,0x09,0xC9,0x48,0x09,0xC1,0x48,0xF7,0xC1,0x01,0x00,0x00
	.byte 0x00,0x0F,0x84,0x3B,0x00,0x00,0x00,0x49,0x89,0x7E,0x18,0x4C,0x89,0xCF,0x4C,0x89
	.byte 0xC6,0x49,0x89,0x56,0x20,0x4D,0x89,0x46,0x08,0x4D,0x89,0x4E,0x10,0x41,0xBB,0x39
	.byte 0x00,0x00,0x00,0x4D,0x89,0x1E,0x48,0x8D,0x05,0x05,0x00,0x00,0x00,0xE9,0x2C,0xCE
	.byte 0xFF,0xFF,0x48,0x89,0xFE,0x49,0x8B,0x46,0x20,0x49,0x8B,0x7E,0x18,0xE9,0x04,0x00
	.byte 0x00,0x00,0x48,0x89,0xD0,0x90,0xE9,0x3F,0xFF,0xFF,0xFF,0x90,0x49,0x83,0xEE,0x40
	.byte 0x4D,0x39,0xEE,0x0F,0x82,0x83,0xC1,0xFF,0xFF,0x90,0x48,0x83,0xFF,0x02,0x0F,0x85
	.byte 0x0A,0x00,0x00,0x00,0x48,0x89,0xD7,0x49,0x83,0xC6,0x40,0xFF,0xE0,0x90,0x31,0xC9
	.byte 0x48,0xD1,0xE1,0x4C,0x01,0xE1,0x49,0x89,0x7E,0x20,0x48,0xC1,0xEF,0x09,0x48,0x01
	.byte 0xF9,0x48,0x8B,0x49,0x08,0x48,0x89,0xCF,0x48,0xC1,0xE9,0x09,0x4C,0x01,0xE1,0x4C
	.byte 0x8B,0x01,0x49,0xC1,0xE8,0x1D,0x49,0x83,0xC0,0xF8,0x49,0xC1,0xE0,0x02,0x31,0xC9
	.byte 0x49,0x89,0x4E,0x10,0x49,0x89,0xCA,0x48,0x89,0xD1,0x49,0x89,0x56,0x18,0x4C,0x89
	.byte 0xC2,0x4D,0x89,0x46,0x30,0x49,0x89,0xF0,0x49,0x89,0x76,0x28,0x4C,0x89,0xD6,0x49
	.byte 0x89,0x46,0x38,0x49,0x89,0x7E,0x08,0x41,0xBB,0x3A,0x00,0x00,0x00,0x4D,0x89,0x1E
	.byte 0x48,0x8D,0x05,0x05,0x00,0x00,0x00,0xE9,0x82,0xD3,0xFF,0xFF,0x4D,0x8B,0x46,0x30
	.byte 0x49,0x8B,0x4E,0x28,0x49,0x8B,0x7E,0x20,0x4D,0x8B,0x5E,0x18,0x4D,0x89,0x5E,0x30
	.byte 0xB8,0x04,0x00,0x00,0x00,0x48,0xD1,0xE0,0x4C,0x01,0xE0,0x48,0xC1,0xEF,0x09,0x48
	.byte 0x01,0xF8,0x48,0x8B,0x78,0x08,0x4C,0x89,0xC6,0x48,0x01,0xCE,0xB8,0x00,0x00,0x00
	.byte 0x00,0x40,0x0F,0x90,0xC0,0x48,0x89,0xCA,0x4C,0x09,0xC2,0x48,0x09,0xC2,0x48,0xF7
	.byte 0xC2,0x01,0x00,0x00,0x00,0x0F,0x84,0x43,0x00,0x00,0x00,0x4D,0x8B,0x5E,0x30,0x4D
	.byte 0x89,0x5E,0x28,0x49,0x89,0x7E,0x30,0x4C,0x89,0xC7,0x48,0x89,0xCE,0x4D,0x89,0x46
	.byte 0x20,0x49,0x89,0x4E,0x18,0x41,0xBB,0x3B,0x00,0x00,0x00,0x4D,0x89,0x1E,0x48,0x8D
	.byte 0x05,0x05,0x00,0x00,0x00,0xE9,0x04,0xCD,0xFF,0xFF,0x48,0x89,0xFE,0x49,0x8B,0x46
	.byte 0x38,0x49,0x8B,0x7E,0x30,0x49,0x8B,0x56,0x28,0xE9,0x08,0x00,0x00,0x00,0x49,0x8B
	.byte 0x46,0x38,0x49,0x8B,0x56,0x30,0xE9,0xDF,0xFE,0xFF,0xFF,0x90,0x49,0x83,0xEE,0x50
	.byte 0x4D,0x39,0xEE,0x0F,0x82,0x53,0xC0,0xFF,0xFF,0x90,0x48,0x89,0xF1,0x49,0x89,0xC1
	.byte 0x49,0x89,0xF8,0x48,0xC1,0xEE,0x09,0x4C,0x01,0xE6,0x48,0x8B,0x56,0x10,0x48,0xBF
	.byte 0xFC,0xFF,0xFF,0xFF,0xFF,0xFF,0xFF,0xFF,0x48,0x01,0xD7,0xB8,0x00,0x00,0x00,0x00
	.byte 0x40,0x0F,0x90,0xC0,0x48,0x89,0xD6,0x48,0x09,0xC2,0x48,0x83,0xCA,0xFC,0x48,0xF7
	.byte 0xC2,0x01,0x00,0x00,0x00,0x0F,0x84,0x39,0x00,0x00,0x00,0x48,0xBF,0xFC,0xFF,0xFF
	.byte 0xFF,0xFF,0xFF,0xFF,0xFF,0x4D,0x89,0x4E,0x48,0x49,0x89,0x7E,0x30,0x49,0x89,0x4E
	.byte 0x40,0x4D,0x89,0x46,0x38,0x49,0x89,0x76,0x28,0x41,0xBB,0x3C,0x00,0x00,0x00,0x4D
	.byte 0x89,0x1E,0x48,0x8D,0x05,0x05,0x00,0x00,0x00,0xE9,0x60,0xCC,0xFF,0xFF,0xE9,0x0D
	.byte 0x00,0x00,0x00,0x90,0x4D,0x89,0x4E,0x48,0x49,0x89,0x4E,0x40,0x4D,0x89,0x46,0x38
	.byte 0x31,0xD2,0x31,0xC0,0x48,0xF7,0xC7,0x01,0x00,0x00,0x00,0x0F,0x84,0x3D,0x00,0x00
	.byte 0x00,0x31,0xF6,0x49,0x89,0x56,0x28,0x49,0x89,0x7E,0x30,0x41,0xBB,0x3D,0x00,0x00
	.byte 0x00,0x4D,0x89,0x1E,0x48,0x8D,0x05,0x05,0x00,0x00,0x00,0xE9,0x96,0xCC,0xFF,0xFF
	.byte 0x49,0x8B,0x76,0x40,0x4D,0x8B,0x5E,0x38,0x4D,0x89,0x5E,0x40,0x4D,0x8B,0x5E,0x30
	.byte 0x4D,0x89,0x5E,0x38,0xB8,0x01,0x00,0x00,0x00,0xE9,0x10,0x00,0x00,0x00,0x49,0x8B
	.byte 0x76,0x40,0x4D,0x8B,0x5E,0x38,0x4D,0x89,0x5E,0x40,0x49,0x89,0x7E,0x38,0x48,0x39
	.byte 0xC7,0x0F,0x8D,0x13,0x05,0x00,0x00,0x48,0x89,0xF0,0x48,0xC1,0xEE,0x09,0x4C,0x01
	.byte 0xE6,0x48,0x8B,0x7E,0x10,0x48,0x83,0xFF,0x14,0x0F,0x8D,0x07,0x02,0x00,0x00,0x48
	.byte 0x83,0xFF,0x08,0x0F,0x8D,0xC3,0x00,0x00,0x00,0x48,0x83,0xFF,0x04,0x0F,0x8D,0x5B
	.byte 0x00,0x00,0x00,0x48,0x89,0xC6,0x48,0xC1,0xE8,0x09,0x4C,0x01,0xE0,0x48,0x8B,0x50
	.byte 0x08,0x49,0x8B,0x7E,0x40,0x41,0xBB,0x3E,0x00,0x00,0x00,0x4D,0x89,0x1E,0x48,0x8D
	.byte 0x05,0x03,0x00,0x00,0x00,0xFF,0xE2,0x90,0x49,0x8B,0x46,0x48,0x48,0x89,0xFE,0x48
	.byte 0xC1,0xEE,0x09,0x4C,0x01,0xE6,0x48,0x8B,0x76,0x10,0x48,0x83,0xFE,0x00,0x0F,0x85
	.byte 0x14,0x00,0x00,0x00,0x48,0x89,0xFE,0x48,0xC1,0xEE,0x09,0x4C,0x01,0xE6,0x48,0x8B
	.byte 0x76,0x08,0x49,0x83,0xC6,0x50,0xFF,0xE6,0xE9,0x8D,0xFE,0xFF,0xFF,0x90,0x48,0x89
	.byte 0xC2,0x48,0xC1,0xE8,0x09,0x4C,0x01,0xE0,0x48,0x8B,0x48,0x08,0x49,0x8B,0x7E,0x38
	.byte 0x49,0x8B,0x76,0x40,0x41,0xBB,0x3F,0x00,0x00,0x00,0x4D,0x89,0x1E,0x48,0x8D,0x05
	.byte 0x02,0x00,0x00,0x00,0xFF,0xE1,0x49,0x8B,0x46,0x48,0x48,0x89,0xFE,0x48,0xC1,0xEE
	.byte 0x09,0x4C,0x01,0xE6,0x48,0x8B,0x76,0x10,0x48,0x83,0xFE,0x00,0x0F,0x85,0x14,0x00
	.byte 0x00,0x00,0x48,0x89,0xFE,0x48,0xC1,0xEE,0x09,0x4C,0x01,0xE6,0x48,0x8B,0x76,0x08
	.byte 0x49,0x83,0xC6,0x50,0xFF,0xE6,0xE9,0x2F,0xFE,0xFF,0xFF,0x90,0x48,0x83,0xFF,0x0C
	.byte 0x0F,0x8D,0x60,0x00,0x00,0x00,0x48,0x89,0xC1,0x48,0xC1,0xE8,0x09,0x4C,0x01,0xE0
	.byte 0x4C,0x8B,0x40,0x08,0x49,0x8B,0x76,0x38,0x49,0x8B,0x56,0x40,0x41,0xBB,0x40,0x00
	.byte 0x00,0x00,0x4D,0x89,0x1E,0x48,0x8D,0x05,0x04,0x00,0x00,0x00,0x41,0xFF,0xE0,0x90
	.byte 0x49,0x8B,0x46,0x48,0x48,0x89,0xFE,0x48,0xC1,0xEE,0x09,0x4C,0x01,0xE6,0x48,0x8B
	.byte 0x76,0x10,0x48,0x83,0xFE,0x00,0x0F,0x85,0x14,0x00,0x00,0x00,0x48,0x89,0xFE,0x48
	.byte 0xC1,0xEE,0x09,0x4C,0x01,0xE6,0x48,0x8B,0x76,0x08,0x49,0x83,0xC6,0x50,0xFF,0xE6
	.byte 0xE9,0xC5,0xFD,0xFF,0xFF,0x90,0x48,0x83,0xFF,0x10,0x0F,0x8D,0x62,0x00,0x00,0x00
	.byte 0x49,0x89,0xC0,0x48,0xC1,0xE8,0x09,0x4C,0x01,0xE0,0x4C,0x8B,0x48,0x08,0x48,0x89
	.byte 0xFE,0x49,0x8B,0x56,0x38,0x49,0x8B,0x4E,0x40,0x41,0xBB,0x41,0x00,0x00,0x00,0x4D
	.byte 0x89,0x1E,0x48,0x8D,0x05,0x03,0x00,0x00,0x00,0x41,0xFF,0xE1,0x49,0x8B,0x46,0x48
	.byte 0x48,0x89,0xFE,0x48,0xC1,0xEE,0x09,0x4C,0x01,0xE6,0x48,0x8B,0x76,0x10,0x48,0x83
	.byte 0xFE,0x00,0x0F,0x85,0x14,0x00,0x00,0x00,0x48,0x89,0xFE,0x48,0xC1,0xEE,0x09,0x4C
	.byte 0x01,0xE6,0x48,0x8B,0x76,0x08,0x49,0x83,0xC6,0x50,0xFF,0xE6,0xE9,0x59,0xFD,0xFF
	.byte 0xFF,0x90,0x49,0x89,0xC1,0x48,0xC1,0xE8,0x09,0x4C,0x01,0xE0,0x48,0x8B,0x58,0x08
	.byte 0x48,0x89,0xFE,0x48,0x89,0xFA,0x49,0x8B,0x4E,0x38,0x4D,0x8B,0x46,0x40,0x41,0xBB
	.byte 0x42,0x00,0x00,0x00,0x4D,0x89,0x1E,0x48,0x8D,0x05,0x02,0x00,0x00,0x00,0xFF,0xE3
	.byte 0x49,0x8B,0x46,0x48,0x48,0x89,0xFE,0x48,0xC1,0xEE,0x09,0x4C,0x01,0xE6,0x48,0x8B
	.byte 0x76,0x10,0x48,0x83,0xFE,0x00,0x0F,0x85,0x14,0x00,0x00,0x00,0x48,0x89,0xFE,0x48
	.byte 0xC1,0xEE,0x09,0x4C,0x01,0xE6,0x48,0x8B,0x76,0x08,0x49,0x83,0xC6,0x50,0xFF,0xE6
	.byte 0xE9,0xF5,0xFC,0xFF,0xFF,0x90,0x48,0x83,0xFF,0x1C,0x0F,0x8D,0xEE,0x00,0x00,0x00
	.byte 0x48,0x83,0xFF,0x18,0x0F,0x8D,0x68,0x00,0x00,0x00,0x48,0x89,0xC3,0x48,0xC1,0xE8
	.byte 0x09,0x4C,0x01,0xE0,0x4C,0x8B,0x78,0x08,0x48,0x89,0xFE,0x48,0x89,0xFA,0x48,0x89
	.byte 0xF9,0x4D,0x8B,0x46,0x38,0x4D,0x8B,0x4E,0x40,0x41,0xBB,0x43,0x00,0x00,0x00,0x4D
	.byte 0x89,0x1E,0x48,0x8D,0x05,0x03,0x00,0x00,0x00,0x41,0xFF,0xE7,0x49,0x8B,0x46,0x48
	.byte 0x48,0x89,0xFE,0x48,0xC1,0xEE,0x09,0x4C,0x01,0xE6,0x48,0x8B,0x76,0x10,0x48,0x83
	.byte 0xFE,0x00,0x0F,0x85,0x14,0x00,0x00,0x00,0x48,0x89,0xFE,0x48,0xC1,0xEE,0x09,0x4C
	.byte 0x01,0xE6,0x48,0x8B,0x76,0x08,0x49,0x83,0xC6,0x50,0xFF,0xE6,0xE9,0x79,0xFC,0xFF
	.byte 0xFF,0x90,0x49,0x89,0xC7,0x48,0xC1,0xE8,0x09,0x4C,0x01,0xE0,0x48,0x8B,0x40,0x08
	.byte 0x48,0x89,0xFE,0x48,0x89,0xFA,0x48,0x89,0xF9,0x49,0x89,0xF8,0x4D,0x8B,0x4E,0x38
	.byte 0x49,0x8B,0x5E,0x40,0x4D,0x8B,0x5E,0x48,0x4D,0x89,0x5E,0x40,0x49,0x89,0x46,0x48
	.byte 0x4D,0x8B,0x56,0x48,0x41,0xBB,0x44,0x00,0x00,0x00,0x4D,0x89,0x1E,0x48,0x8D,0x05
	.byte 0x04,0x00,0x00,0x00,0x41,0xFF,0xE2,0x90,0x49,0x8B,0x46,0x40,0x48,0x89,0xFE,0x48
	.byte 0xC1,0xEE,0x09,0x4C,0x01,0xE6,0x48,0x8B,0x76,0x10,0x48,0x83,0xFE,0x00,0x0F,0x85
	.byte 0x14,0x00,0x00,0x00,0x48,0x89,0xFE,0x48,0xC1,0xEE,0x09,0x4C,0x01,0xE6,0x48,0x8B
	.byte 0x76,0x08,0x49,0x83,0xC6,0x50,0xFF,0xE6,0xE9,0xFD,0xFB,0xFF,0xFF,0x90,0x48,0x83
	.byte 0xFF,0x20,0x0F,0x8D,0x96,0x00,0x00,0x00,0x48,0x89,0xC6,0x48,0xC1,0xE8,0x09,0x4C
	.byte 0x01,0xE0,0x48,0x8B,0x40,0x08,0x49,0x8B,0x5E,0x38,0x4D,0x8B,0x5E,0x48,0x4D,0x89
	.byte 0x5E,0x38,0x49,0x89,0x76,0x48,0x48,0x89,0xFE,0x48,0x89,0xFA,0x48,0x89,0xF9,0x49
	.byte 0x89,0xF8,0x49,0x89,0xF9,0x4D,0x8B,0x7E,0x40,0x49,0x89,0x46,0x40,0x4D,0x8B,0x56
	.byte 0x40,0x41,0xBB,0x45,0x00,0x00,0x00,0x4D,0x89,0x1E,0x49,0x83,0xEE,0x08,0x4D,0x39
	.byte 0xEE,0x0F,0x82,0xF5,0xBB,0xFF,0xFF,0x4D,0x8B,0x5E,0x50,0x4D,0x89,0x1E,0x48,0x8D
	.byte 0x05,0x03,0x00,0x00,0x00,0x41,0xFF,0xE2,0x49,0x8B,0x46,0x38,0x48,0x89,0xFE,0x48
	.byte 0xC1,0xEE,0x09,0x4C,0x01,0xE6,0x48,0x8B,0x76,0x10,0x48,0x83,0xFE,0x00,0x0F,0x85
	.byte 0x14,0x00,0x00,0x00,0x48,0x89,0xFE,0x48,0xC1,0xEE,0x09,0x4C,0x01,0xE6,0x48,0x8B
	.byte 0x76,0x08,0x49,0x83,0xC6,0x50,0xFF,0xE6,0xE9,0x5D,0xFB,0xFF,0xFF,0x90,0x48,0x83
	.byte 0xFF,0x24,0x0F,0x8D,0xA6,0x00,0x00,0x00,0x48,0x89,0xC6,0x48,0xC1,0xE8,0x09,0x4C
	.byte 0x01,0xE0,0x48,0x8B,0x40,0x08,0x4D,0x8B,0x5E,0x48,0x4D,0x89,0x5E,0x30,0x4D,0x8B
	.byte 0x5E,0x40,0x4D,0x89,0x5E,0x48,0x49,0x89,0x76,0x40,0x48,0x89,0xFE,0x48,0x89,0xFA
	.byte 0x48,0x89,0xF9,0x49,0x89,0xF8,0x49,0x89,0xF9,0x48,0x89,0xFB,0x4D,0x8B,0x7E,0x38
	.byte 0x49,0x89,0x46,0x38,0x4D,0x8B,0x56,0x38,0x41,0xBB,0x46,0x00,0x00,0x00,0x4D,0x89
	.byte 0x1E,0x49,0x83,0xEE,0x10,0x4D,0x39,0xEE,0x0F,0x82,0x4E,0xBB,0xFF,0xFF,0x4D,0x8B
	.byte 0x5E,0x58,0x4D,0x89,0x5E,0x08,0x4D,0x8B,0x5E,0x50,0x4D,0x89,0x1E,0x48,0x8D,0x05
	.byte 0x04,0x00,0x00,0x00,0x41,0xFF,0xE2,0x90,0x49,0x8B,0x46,0x30,0x48,0x89,0xFE,0x48
	.byte 0xC1,0xEE,0x09,0x4C,0x01,0xE6,0x48,0x8B,0x76,0x10,0x48,0x83,0xFE,0x00,0x0F,0x85
	.byte 0x14,0x00,0x00,0x00,0x48,0x89,0xFE,0x48,0xC1,0xEE,0x09,0x4C,0x01,0xE6,0x48,0x8B
	.byte 0x76,0x08,0x49,0x83,0xC6,0x50,0xFF,0xE6,0xE9,0xAD,0xFA,0xFF,0xFF,0x90,0x48,0x89
	.byte 0xC6,0x48,0xC1,0xE8,0x09,0x4C,0x01,0xE0,0x48,0x8B,0x40,0x08,0x4D,0x8B,0x5E,0x48
	.byte 0x4D,0x89,0x5E,0x28,0x4D,0x8B,0x5E,0x38,0x4D,0x89,0x5E,0x48,0x49,0x89,0x76,0x38
	.byte 0x48,0x89,0xFE,0x48,0x89,0xFA,0x48,0x89,0xF9,0x49,0x89,0xF8,0x49,0x89,0xF9,0x48
	.byte 0x89,0xFB,0x49,0x89,0xFF,0x49,0x89,0x46,0x30,0x4D,0x8B,0x56,0x30,0x41,0xBB,0x47
	.byte 0x00,0x00,0x00,0x4D,0x89,0x1E,0x49,0x83,0xEE,0x18,0x4D,0x39,0xEE,0x0F,0x82,0xA9
	.byte 0xBA,0xFF,0xFF,0x4D,0x8B,0x5E,0x60,0x4D,0x89,0x5E,0x10,0x4D,0x8B,0x5E,0x58,0x4D
	.byte 0x89,0x5E,0x08,0x4D,0x8B,0x5E,0x50,0x4D,0x89,0x1E,0x48,0x8D,0x05,0x03,0x00,0x00
	.byte 0x00,0x41,0xFF,0xE2,0x49,0x8B,0x46,0x28,0x48,0x89,0xFE,0x48,0xC1,0xEE,0x09,0x4C
	.byte 0x01,0xE6,0x48,0x8B,0x76,0x10,0x48,0x83,0xFE,0x00,0x0F,0x85,0x14,0x00,0x00,0x00
	.byte 0x48,0x89,0xFE,0x48,0xC1,0xEE,0x09,0x4C,0x01,0xE6,0x48,0x8B,0x76,0x08,0x49,0x83
	.byte 0xC6,0x50,0xFF,0xE6,0xE9,0x01,0xFA,0xFF,0xFF,0x90,0x48,0xF7,0xC6,0x01,0x00,0x00
	.byte 0x00,0x0F,0x84,0x1F,0x00,0x00,0x00,0x48,0x89,0xF0,0x48,0xC1,0xEE,0x09,0x4C,0x01
	.byte 0xE6,0x48,0x8B,0x36,0x48,0xBF,0xFE,0xFF,0xFF,0xFF,0x00,0x00,0x00,0x00,0x48,0x21
	.byte 0xFE,0xE9,0x04,0x00,0x00,0x00,0x48,0x89,0xF0,0x90,0x48,0x81,0xFE,0xE2,0x01,0x00
	.byte 0x00,0x0F,0x85,0x21,0x02,0x00,0x00,0x49,0x89,0x46,0x30,0x48,0xC1,0xE8,0x09,0x4C
	.byte 0x01,0xE0,0x48,0x8B,0x48,0x10,0xBA,0x08,0x00,0x00,0x00,0x48,0xBF,0xFC,0xFF,0xFF
	.byte 0xFF,0xFF,0xFF,0xFF,0xFF,0x48,0x01,0xCF,0xB8,0x00,0x00,0x00,0x00,0x40,0x0F,0x90
	.byte 0xC0,0x48,0x89,0xCE,0x48,0x09,0xC6,0x48,0x83,0xCE,0xFC,0x48,0xF7,0xC6,0x01,0x00
	.byte 0x00,0x00,0x0F,0x84,0x58,0x00,0x00,0x00,0x48,0xBF,0xFC,0xFF,0xFF,0xFF,0xFF,0xFF
	.byte 0xFF,0xFF,0x48,0x89,0xCE,0x4D,0x8B,0x5E,0x38,0x4D,0x89,0x5E,0x28,0x4D,0x8B,0x5E
	.byte 0x40,0x4D,0x89,0x5E,0x38,0x49,0x89,0x4E,0x40,0x49,0x89,0x7E,0x18,0x49,0x89,0x56
	.byte 0x20,0x41,0xBB,0x48,0x00,0x00,0x00,0x4D,0x89,0x1E,0x48,0x8D,0x05,0x05,0x00,0x00
	.byte 0x00,0xE9,0x18,0xC6,0xFF,0xFF,0x49,0x8B,0x4E,0x40,0x4D,0x8B,0x5E,0x30,0x4D,0x89
	.byte 0x5E,0x40,0x4D,0x8B,0x5E,0x20,0x4D,0x89,0x5E,0x30,0xE9,0x1D,0x00,0x00,0x00,0x90
	.byte 0x4D,0x8B,0x5E,0x38,0x4D,0x89,0x5E,0x28,0x4D,0x8B,0x5E,0x40,0x4D,0x89,0x5E,0x38
	.byte 0x4D,0x8B,0x5E,0x30,0x4D,0x89,0x5E,0x40,0x49,0x89,0x56,0x30,0x49,0x89,0xF8,0x48
	.byte 0xD1,0xEF,0x48,0x89,0xF8,0x48,0x89,0xCE,0x48,0xF7,0xE6,0x48,0x89,0xCE,0x4C,0x09
	.byte 0xC1,0x48,0x83,0xE1,0x01,0x48,0x09,0xD1,0x48,0x89,0xC7,0x48,0xD1,0xEF,0x48,0x83
	.byte 0xF9,0x00,0x0F,0x84,0x2A,0x00,0x00,0x00,0x4C,0x89,0xC7,0x49,0x89,0x76,0x18,0x4D
	.byte 0x89,0x46,0x20,0x41,0xBB,0x49,0x00,0x00,0x00,0x4D,0x89,0x1E,0x48,0x8D,0x05,0x05
	.byte 0x00,0x00,0x00,0xE9,0xA8,0xC5,0xFF,0xFF,0x49,0x8B,0x4E,0x30,0xE9,0x05,0x00,0x00
	.byte 0x00,0x90,0x49,0x8B,0x4E,0x30,0x48,0x89,0xF8,0x48,0x83,0xCF,0x08,0x48,0x89,0xFE
	.byte 0x48,0xC1,0xEE,0x3F,0x48,0x09,0xFE,0x48,0xF7,0xC6,0x01,0x00,0x00,0x00,0x0F,0x84
	.byte 0x30,0x00,0x00,0x00,0xBE,0x08,0x00,0x00,0x00,0x48,0x89,0xC7,0x49,0x89,0x46,0x30
	.byte 0x49,0x89,0x76,0x20,0x41,0xBB,0x4A,0x00,0x00,0x00,0x4D,0x89,0x1E,0x48,0x8D,0x05
	.byte 0x06,0x00,0x00,0x00,0xE9,0x61,0xC5,0xFF,0xFF,0x90,0x49,0x89,0x7E,0x30,0xE9,0x0F
	.byte 0x00,0x00,0x00,0x90,0x31,0xD2,0x48,0xF7,0xF1,0x48,0xC1,0xE0,0x02,0x49,0x89,0x46
	.byte 0x30,0x90,0x49,0x8B,0x45,0xD8,0x49,0x8B,0x7D,0xF8,0x48,0x29,0xF8,0x48,0x83,0xF8
	.byte 0x28,0x0F,0x82,0x19,0x00,0x00,0x00,0x49,0x8B,0x76,0x48,0x49,0x8B,0x4E,0x40,0x4D
	.byte 0x8B,0x46,0x38,0x49,0x8B,0x46,0x30,0x49,0x8B,0x56,0x28,0xE9,0x2E,0x00,0x00,0x00
	.byte 0xBF,0x28,0x00,0x00,0x00,0x41,0xBB,0x4B,0x00,0x00,0x00,0x4D,0x89,0x1E,0x48,0x8D
	.byte 0x05,0x05,0x00,0x00,0x00,0xE9,0x6E,0xB8,0xFF,0xFF,0x49,0x8B,0x76,0x48,0x49,0x8B
	.byte 0x4E,0x40,0x4D,0x8B,0x46,0x38,0x49,0x8B,0x46,0x30,0x49,0x8B,0x56,0x28,0x49,0x8B
	.byte 0x7D,0xB8,0x48,0x8B,0x7F,0x10,0x48,0xD1,0xE0,0x4C,0x01,0xE0,0x48,0xC1,0xEF,0x09
	.byte 0x48,0x01,0xF8,0x48,0x8B,0x78,0x08,0x49,0x8B,0x45,0xF8,0x49,0xB9,0xF3,0x01,0x00
	.byte 0x00,0x04,0x00,0x00,0x00,0x4C,0x89,0x08,0x48,0x89,0x78,0x08,0x48,0x89,0x50,0x10
	.byte 0x48,0x89,0x48,0x18,0x4C,0x89,0x40,0x20,0x48,0x89,0xC7,0x4C,0x29,0xE7,0x48,0xC1
	.byte 0xE7,0x09,0x48,0x81,0xCF,0xE9,0x01,0x00,0x00,0x48,0x83,0xC0,0x28,0x49,0x89,0x45
	.byte 0xF8,0x49,0x83,0xC6,0x50,0xFF,0xE6,0x90,0x48,0xA9,0x01,0x00,0x00,0x00,0x0F,0x84
	.byte 0x1C,0x00,0x00,0x00,0x49,0x89,0x46,0x30,0x48,0xC1,0xE8,0x09,0x4C,0x01,0xE0,0x48
	.byte 0x8B,0x30,0x48,0xC1,0xEE,0x20,0x48,0xC1,0xE6,0x02,0xE9,0x07,0x00,0x00,0x00,0x90
	.byte 0x31,0xF6,0x49,0x89,0x46,0x30,0x48,0xBF,0xF4,0xFF,0xFF,0xFF,0xFF,0xFF,0xFF,0xFF
	.byte 0x48,0x01,0xF7,0xB8,0x00,0x00,0x00,0x00,0x40,0x0F,0x90,0xC0,0x48,0x89,0xF2,0x48
	.byte 0x09,0xC2,0x48,0x83,0xCA,0xF4,0x48,0xF7,0xC2,0x01,0x00,0x00,0x00,0x0F,0x84,0x39
	.byte 0x00,0x00,0x00,0x48,0xBF,0xF4,0xFF,0xFF,0xFF,0xFF,0xFF,0xFF,0xFF,0x49,0x89,0x7E
	.byte 0x20,0x49,0x89,0x76,0x28,0x41,0xBB,0x4C,0x00,0x00,0x00,0x4D,0x89,0x1E,0x48,0x8D
	.byte 0x05,0x05,0x00,0x00,0x00,0xE9,0xF4,0xC3,0xFF,0xFF,0x49,0x8B,0x46,0x30,0x49,0x8B
	.byte 0x76,0x38,0x49,0x89,0x7E,0x30,0xE9,0x0D,0x00,0x00,0x00,0x90,0x49,0x8B,0x46,0x30
	.byte 0x49,0x89,0x7E,0x30,0x49,0x8B,0x76,0x38,0x49,0x89,0x46,0x38,0x48,0xC1,0xE8,0x09
	.byte 0x4C,0x01,0xE0,0x48,0x8B,0x50,0x18,0xB9,0x04,0x00,0x00,0x00,0x48,0x01,0xF1,0xB8
	.byte 0x00,0x00,0x00,0x00,0x40,0x0F,0x90,0xC0,0x49,0x89,0x76,0x28,0x48,0x09,0xC6,0x48
	.byte 0x83,0xCE,0x04,0x48,0xF7,0xC6,0x01,0x00,0x00,0x00,0x0F,0x84,0x42,0x00,0x00,0x00
	.byte 0xBF,0x04,0x00,0x00,0x00,0x49,0x8B,0x76,0x28,0x49,0x89,0x56,0x08,0x4D,0x8B,0x56
	.byte 0x40,0x4D,0x8B,0x5E,0x30,0x4D,0x89,0x5E,0x40,0x4D,0x89,0x56,0x30,0x49,0x89,0x7E
	.byte 0x20,0x41,0xBB,0x4D,0x00,0x00,0x00,0x4D,0x89,0x1E,0x48,0x8D,0x05,0x05,0x00,0x00
	.byte 0x00,0xE9,0x68,0xC3,0xFF,0xFF,0x48,0x89,0xF9,0x49,0x8B,0x76,0x40,0xE9,0x10,0x00
	.byte 0x00,0x00,0x49,0x89,0x56,0x08,0x49,0x8B,0x76,0x30,0x4D,0x8B,0x5E,0x40,0x4D,0x89
	.byte 0x5E,0x30,0x48,0x89,0xCF,0x48,0x01,0xF1,0xB8,0x00,0x00,0x00,0x00,0x40,0x0F,0x90
	.byte 0xC0,0x49,0x89,0x76,0x20,0x48,0x09,0xFE,0x48,0x09,0xC6,0x48,0xF7,0xC6,0x01,0x00
	.byte 0x00,0x00,0x0F,0x84,0x22,0x00,0x00,0x00,0x49,0x8B,0x76,0x20,0x49,0x89,0x7E,0x40
	.byte 0x41,0xBB,0x4E,0x00,0x00,0x00,0x4D,0x89,0x1E,0x48,0x8D,0x05,0x06,0x00,0x00,0x00
	.byte 0xE9,0x09,0xC3,0xFF,0xFF,0x90,0x48,0x89,0xF9,0x90,0xBA,0x08,0x00,0x00,0x00,0x48
	.byte 0xBF,0xFC,0xFF,0xFF,0xFF,0xFF,0xFF,0xFF,0xFF,0x48,0x01,0xCF,0xB8,0x00,0x00,0x00
	.byte 0x00,0x40,0x0F,0x90,0xC0,0x48,0x89,0xCE,0x48,0x09,0xC6,0x48,0x83,0xCE,0xFC,0x48
	.byte 0xF7,0xC6,0x01,0x00,0x00,0x00,0x0F,0x84,0x48,0x00,0x00,0x00,0x48,0xBF,0xFC,0xFF
	.byte 0xFF,0xFF,0xFF,0xFF,0xFF,0xFF,0x48,0x89,0xCE,0x49,0x89,0x56,0x40,0x49,0x89,0x7E
	.byte 0x10,0x4D,0x8B,0x5E,0x20,0x4D,0x89,0x5E,0x18,0x49,0x89,0x4E,0x20,0x41,0xBB,0x4F
	.byte 0x00,0x00,0x00,0x4D,0x89,0x1E,0x48,0x8D,0x05,0x05,0x00,0x00,0x00,0xE9,0x9C,0xC2
	.byte 0xFF,0xFF,0x49,0x8B,0x4E,0x20,0x4D,0x8B,0x5E,0x18,0x4D,0x89,0x5E,0x20,0xE9,0x05
	.byte 0x00,0x00,0x00,0x90,0x49,0x89,0x56,0x40,0x48,0x89,0xF8,0x48,0xD1,0xE8,0x48,0x89
	.byte 0xCE,0x48,0xF7,0xE6,0x48,0x89,0xCE,0x48,0x09,0xF9,0x48,0x83,0xE1,0x01,0x48,0x09
	.byte 0xD1,0x48,0xD1,0xE8,0x48,0x83,0xF9,0x00,0x0F,0x84,0x42,0x00,0x00,0x00,0x49,0x89
	.byte 0x7E,0x10,0x49,0x89,0x76,0x18,0x41,0xBB,0x50,0x00,0x00,0x00,0x4D,0x89,0x1E,0x48
	.byte 0x8D,0x05,0x06,0x00,0x00,0x00,0xE9,0x55,0xC2,0xFF,0xFF,0x90,0x48,0x89,0xF8,0x49
	.byte 0x8B,0x4E,0x40,0x4D,0x8B,0x5E,0x38,0x4D,0x89,0x5E,0x40,0x4D,0x8B,0x5E,0x28,0x4D
	.byte 0x89,0x5E,0x38,0x4D,0x8B,0x5E,0x20,0x4D,0x89,0x5E,0x28,0xE9,0x1C,0x00,0x00,0x00
	.byte 0x49,0x8B,0x4E,0x40,0x4D,0x8B,0x5E,0x38,0x4D,0x89,0x5E,0x40,0x4D,0x8B,0x5E,0x28
	.byte 0x4D,0x89,0x5E,0x38,0x4D,0x8B,0x5E,0x20,0x4D,0x89,0x5E,0x28,0x48,0x89,0xC6,0x48
	.byte 0x83,0xCE,0x08,0x48,0x89,0xF7,0x48,0xC1,0xEF,0x3F,0x48,0x09,0xF7,0x48,0xF7,0xC7
	.byte 0x01,0x00,0x00,0x00,0x0F,0x84,0x32,0x00,0x00,0x00,0xBE,0x08,0x00,0x00,0x00,0x48
	.byte 0x89,0xC7,0x49,0x89,0x76,0x20,0x49,0x89,0x46,0x18,0x41,0xBB,0x51,0x00,0x00,0x00
	.byte 0x4D,0x89,0x1E,0x48,0x8D,0x05,0x06,0x00,0x00,0x00,0xE9,0xDB,0xC1,0xFF,0xFF,0x90
	.byte 0x48,0x89,0xFA,0x49,0x8B,0x76,0x28,0xE9,0x10,0x00,0x00,0x00,0x31,0xD2,0x48,0xF7
	.byte 0xF1,0x48,0x89,0xC2,0x48,0xC1,0xE2,0x02,0x49,0x8B,0x76,0x28,0x48,0x89,0xD7,0x48
	.byte 0x01,0xF7,0xB8,0x00,0x00,0x00,0x00,0x40,0x0F,0x90,0xC0,0x48,0x89,0xF1,0x48,0x09
	.byte 0xD1,0x48,0x09,0xC1,0x48,0xF7,0xC1,0x01,0x00,0x00,0x00,0x0F,0x84,0x25,0x00,0x00
	.byte 0x00,0x48,0x89,0xD7,0x49,0x89,0x56,0x20,0x49,0x89,0x76,0x28,0x41,0xBB,0x52,0x00
	.byte 0x00,0x00,0x4D,0x89,0x1E,0x48,0x8D,0x05,0x06,0x00,0x00,0x00,0xE9,0x5D,0xC1,0xFF
	.byte 0xFF,0x90,0x49,0x8B,0x76,0x28,0x49,0x8B,0x45,0xB8,0x48,0x8B,0x40,0x10,0x48,0xD1
	.byte 0xE7,0x4C,0x01,0xE7,0x48,0xC1,0xE8,0x09,0x48,0x01,0xC7,0x48,0x8B,0x57,0x08,0xBF
	.byte 0x10,0x00,0x00,0x00,0x48,0x01,0xF7,0xB8,0x00,0x00,0x00,0x00,0x40,0x0F,0x90,0xC0
	.byte 0x49,0x89,0x76,0x10,0x48,0x09,0xC6,0x48,0x83,0xCE,0x10,0x48,0xF7,0xC6,0x01,0x00
	.byte 0x00,0x00,0x0F,0x84,0x2C,0x00,0x00,0x00,0xBF,0x10,0x00,0x00,0x00,0x49,0x8B,0x76
	.byte 0x10,0x49,0x89,0x7E,0x28,0x49,0x89,0x56,0x18,0x41,0xBB,0x53,0x00,0x00,0x00,0x4D
	.byte 0x89,0x1E,0x48,0x8D,0x05,0x05,0x00,0x00,0x00,0xE9,0xF0,0xC0,0xFF,0xFF,0xE9,0x05
	.byte 0x00,0x00,0x00,0x90,0x49,0x89,0x56,0x18,0xB8,0x0C,0x00,0x00,0x00,0x48,0xF7,0xC7
	.byte 0x01,0x00,0x00,0x00,0x0F,0x84,0x60,0x00,0x00,0x00,0x48,0xBF,0xFF,0xFF,0xFF,0xFF
	.byte 0xFF,0xFF,0xFF,0xFF,0x41,0xBB,0x54,0x00,0x00,0x00,0x4D,0x89,0x1E,0x48,0x8D,0x05
	.byte 0x06,0x00,0x00,0x00,0xE9,0x3F,0xB4,0xFF,0xFF,0x90,0x45,0x31,0xDB,0x4D,0x89,0x5E
	.byte 0x10,0x4D,0x8B,0x5E,0x10,0x4D,0x89,0x5E,0x08,0x4D,0x8B,0x5E,0x10,0x4D,0x89,0x5E
	.byte 0x40,0x4D,0x8B,0x5E,0x10,0x4D,0x89,0x5E,0x20,0x4D,0x8B,0x5E,0x10,0x4D,0x89,0x5E
	.byte 0x30,0x4D,0x8B,0x5E,0x10,0x4D,0x89,0x5E,0x38,0x49,0x8B,0x7E,0x10,0x4D,0x8B,0x5E
	.byte 0x10,0x4D,0x89,0x5E,0x18,0xE9,0x04,0x00,0x00,0x00,0x49,0x89,0x46,0x20,0x49,0x89
	.byte 0x7E,0x28,0x48,0xC1,0xEF,0x02,0x49,0xBA,0x00,0x00,0x00,0x00,0x01,0x00,0x00,0x00
	.byte 0x4C,0x39,0xD7,0x0F,0x82,0x0F,0x00,0x00,0x00,0x48,0xBF,0xFF,0xFF,0xFF,0xFF,0xFF
	.byte 0xFF,0xFF,0xFF,0xE9,0x08,0x00,0x00,0x00,0x48,0x83,0xC7,0x01,0x48,0xC1,0xE7,0x03
	.byte 0x49,0x8B,0x45,0xD8,0x49,0x8B,0x75,0xF8,0x48,0x29,0xF0,0x48,0x39,0xF8,0x0F,0x82
	.byte 0x1E,0x00,0x00,0x00,0x4D,0x8B,0x7E,0x40,0x49,0x8B,0x5E,0x38,0x49,0x8B,0x46,0x28
	.byte 0x4D,0x8B,0x4E,0x18,0x4D,0x8B,0x5E,0x10,0x4D,0x89,0x5E,0x40,0xE9,0x2F,0x00,0x00
	.byte 0x00,0x90,0x41,0xBB,0x55,0x00,0x00,0x00,0x4D,0x89,0x1E,0x48,0x8D,0x05,0x06,0x00
	.byte 0x00,0x00,0xE9,0x81,0xB3,0xFF,0xFF,0x90,0x4D,0x8B,0x7E,0x40,0x49,0x8B,0x5E,0x38
	.byte 0x49,0x8B,0x46,0x28,0x4D,0x8B,0x4E,0x18,0x4D,0x8B,0x5E,0x10,0x4D,0x89,0x5E,0x40
	.byte 0x49,0x8B,0x7D,0xF8,0x48,0x89,0xC6,0x48,0xC1,0xE6,0x1E,0x48,0x81,0xCE,0xF3,0x01
	.byte 0x00,0x00,0x48,0x89,0xC2,0x49,0x89,0x46,0x38,0x48,0xC1,0xEA,0x02,0x48,0x89,0xF8
	.byte 0x48,0x89,0x30,0x49,0x89,0xC0,0x4D,0x89,0x48,0x08,0x49,0x89,0x58,0x10,0x4D,0x8B
	.byte 0x56,0x08,0x4D,0x89,0x50,0x18,0x4D,0x8B,0x56,0x30,0x4D,0x89,0x50,0x20,0x49,0x8B
	.byte 0x45,0xF8,0x4C,0x29,0xE0,0x48,0xC1,0xE0,0x09,0x48,0x83,0xC8,0x01,0x48,0x0D,0xE0
	.byte 0x01,0x00,0x00,0x48,0x83,0xFA,0x0F,0x0F,0x82,0x0F,0x00,0x00,0x00,0x48,0x83,0xC8
	.byte 0x1E,0x48,0x89,0xC1,0x48,0x89,0xD0,0xE9,0x12,0x00,0x00,0x00,0x48,0x89,0xD7,0x48
	.byte 0x89,0xD6,0x48,0xD1,0xE7,0x48,0x09,0xC7,0x48,0x89,0xF0,0x48,0x89,0xF9,0x48,0xC1
	.byte 0xE0,0x03,0x4C,0x89,0xC7,0x48,0x01,0xF8,0x48,0x83,0xC0,0x08,0x49,0x89,0x45,0xF8
	.byte 0x48,0x89,0xFA,0x49,0x8B,0x7E,0x40,0x48,0x83,0xC2,0x28,0x49,0x8B,0x76,0x20,0x48
	.byte 0xD1,0xE6,0x4C,0x01,0xE6,0x4D,0x89,0x7E,0x40,0x49,0xC1,0xEF,0x09,0x4C,0x01,0xFE
	.byte 0x48,0x83,0xC6,0x08,0x48,0x85,0xFF,0x0F,0x84,0x2B,0x00,0x00,0x00,0x49,0x89,0x5E
	.byte 0x10,0x4D,0x89,0x4E,0x18,0x49,0x89,0x7E,0x28,0x41,0xBB,0x56,0x00,0x00,0x00,0x4D
	.byte 0x89,0x1E,0x48,0x8D,0x05,0x05,0x00,0x00,0x00,0xE9,0xDA,0xC4,0xFF,0xFF,0x49,0x8B
	.byte 0x46,0x48,0xE9,0x09,0x00,0x00,0x00,0x90,0x49,0x8B,0x46,0x48,0x48,0x89,0xCF,0x90
	.byte 0x49,0x83,0xC6,0x50,0xFF,0xE0,0x49,0x83,0xEE,0x60,0x4D,0x39,0xEE,0x0F,0x82,0x59
	.byte 0xB2,0xFF,0xFF,0x90,0x49,0x89,0xC1,0x48,0x89,0xD0,0x49,0x89,0xF8,0x48,0xC1,0xE8
	.byte 0x09,0x4C,0x01,0xE0,0x48,0x8B,0x58,0x10,0x48,0xBF,0xF8,0xFF,0xFF,0xFF,0xFF,0xFF
	.byte 0xFF,0xFF,0x48,0x01,0xDF,0xB8,0x00,0x00,0x00,0x00,0x40,0x0F,0x90,0xC0,0x48,0x89
	.byte 0xD9,0x48,0x09,0xC3,0x48,0x83,0xCB,0xF8,0x48,0xF7,0xC3,0x01,0x00,0x00,0x00,0x0F
	.byte 0x84,0x41,0x00,0x00,0x00,0x48,0xBF,0xF8,0xFF,0xFF,0xFF,0xFF,0xFF,0xFF,0xFF,0x49
	.byte 0x89,0x76,0x50,0x48,0x89,0xCE,0x4D,0x89,0x4E,0x58,0x49,0x89,0x4E,0x30,0x4D,0x89
	.byte 0x46,0x48,0x49,0x89,0x7E,0x38,0x49,0x89,0x56,0x40,0x41,0xBB,0x57,0x00,0x00,0x00
	.byte 0x4D,0x89,0x1E,0x48,0x8D,0x05,0x06,0x00,0x00,0x00,0xE9,0x5F,0xBE,0xFF,0xFF,0x90
	.byte 0xE9,0x11,0x00,0x00,0x00,0x90,0x4D,0x89,0x4E,0x58,0x49,0x89,0x76,0x50,0x4D,0x89
	.byte 0x46,0x48,0x49,0x89,0x56,0x40,0x31,0xD2,0x31,0xC0,0x48,0xF7,0xC7,0x01,0x00,0x00
	.byte 0x00,0x0F,0x84,0x35,0x00,0x00,0x00,0x31,0xF6,0x4D,0x8B,0x5E,0x40,0x4D,0x89,0x5E
	.byte 0x38,0x49,0x89,0x7E,0x40,0x49,0x89,0x56,0x30,0x41,0xBB,0x58,0x00,0x00,0x00,0x4D
	.byte 0x89,0x1E,0x48,0x8D,0x05,0x05,0x00,0x00,0x00,0xE9,0x88,0xBE,0xFF,0xFF,0x49,0x8B
	.byte 0x76,0x38,0xB8,0x01,0x00,0x00,0x00,0xE9,0x08,0x00,0x00,0x00,0x49,0x8B,0x76,0x40
	.byte 0x49,0x89,0x7E,0x40,0x48,0x39,0xC7,0x0F,0x8D,0x5B,0x05,0x00,0x00,0x48,0x89,0xF0
	.byte 0x48,0xC1,0xEE,0x09,0x4C,0x01,0xE6,0x48,0x8B,0x7E,0x10,0x48,0x83,0xFF,0x14,0x0F
	.byte 0x8D,0x35,0x02,0x00,0x00,0x48,0x83,0xFF,0x08,0x0F,0x8D,0xDD,0x00,0x00,0x00,0x48
	.byte 0x83,0xFF,0x04,0x0F,0x8D,0x71,0x00,0x00,0x00,0x48,0x89,0xC6,0x48,0xC1,0xE8,0x09
	.byte 0x4C,0x01,0xE0,0x48,0x8B,0x50,0x08,0x49,0x8B,0x7E,0x50,0x4D,0x8B,0x5E,0x48,0x4D
	.byte 0x89,0x5E,0x50,0x41,0xBB,0x59,0x00,0x00,0x00,0x4D,0x89,0x1E,0x48,0x8D,0x05,0x03
	.byte 0x00,0x00,0x00,0xFF,0xE2,0x90,0x49,0x8B,0x46,0x58,0x49,0x8B,0x4E,0x50,0x48,0x89
	.byte 0xFE,0x48,0xC1,0xEF,0x09,0x4C,0x01,0xE7,0x48,0x8B,0x7F,0x10,0x48,0x83,0xFF,0x00
	.byte 0x0F,0x85,0x18,0x00,0x00,0x00,0x48,0x89,0xF7,0x48,0xC1,0xEF,0x09,0x4C,0x01,0xE7
	.byte 0x48,0x8B,0x57,0x08,0x48,0x89,0xCF,0x49,0x83,0xC6,0x60,0xFF,0xE2,0x90,0x48,0x89
	.byte 0xCF,0x49,0x83,0xC6,0x10,0xE9,0x80,0xF0,0xFF,0xFF,0x48,0x89,0xC2,0x48,0xC1,0xE8
	.byte 0x09,0x4C,0x01,0xE0,0x48,0x8B,0x48,0x08,0x49,0x8B,0x7E,0x48,0x49,0x8B,0x76,0x50
	.byte 0x41,0xBB,0x5A,0x00,0x00,0x00,0x4D,0x89,0x1E,0x48,0x8D,0x05,0x02,0x00,0x00,0x00
	.byte 0xFF,0xE1,0x49,0x8B,0x46,0x58,0x48,0x89,0xFE,0x48,0xC1,0xEE,0x09,0x4C,0x01,0xE6
	.byte 0x48,0x8B,0x76,0x10,0x48,0x83,0xFE,0x00,0x0F,0x85,0x14,0x00,0x00,0x00,0x48,0x89
	.byte 0xFE,0x48,0xC1,0xEE,0x09,0x4C,0x01,0xE6,0x48,0x8B,0x76,0x08,0x49,0x83,0xC6,0x60
	.byte 0xFF,0xE6,0x49,0x83,0xC6,0x10,0xE9,0x1F,0xF0,0xFF,0xFF,0x90,0x48,0x83,0xFF,0x0C
	.byte 0x0F,0x8D,0x68,0x00,0x00,0x00,0x48,0x89,0xC1,0x48,0xC1,0xE8,0x09,0x4C,0x01,0xE0
	.byte 0x4C,0x8B,0x40,0x08,0x49,0x8B,0x7E,0x40,0x49,0x8B,0x76,0x48,0x49,0x8B,0x56,0x50
	.byte 0x41,0xBB,0x5B,0x00,0x00,0x00,0x4D,0x89,0x1E,0x48,0x8D,0x05,0x04,0x00,0x00,0x00
	.byte 0x41,0xFF,0xE0,0x90,0x49,0x8B,0x46,0x58,0x48,0x89,0xFE,0x48,0xC1,0xEE,0x09,0x4C
	.byte 0x01,0xE6,0x48,0x8B,0x76,0x10,0x48,0x83,0xFE,0x00,0x0F,0x85,0x14,0x00,0x00,0x00
	.byte 0x48,0x89,0xFE,0x48,0xC1,0xEE,0x09,0x4C,0x01,0xE6,0x48,0x8B,0x76,0x08,0x49,0x83
	.byte 0xC6,0x60,0xFF,0xE6,0x49,0x83,0xC6,0x10,0xE9,0xAD,0xEF,0xFF,0xFF,0x90,0x48,0x83
	.byte 0xFF,0x10,0x0F,0x8D,0x68,0x00,0x00,0x00,0x49,0x89,0xC0,0x48,0xC1,0xE8,0x09,0x4C
	.byte 0x01,0xE0,0x4C,0x8B,0x48,0x08,0x49,0x8B,0x76,0x40,0x49,0x8B,0x56,0x48,0x49,0x8B
	.byte 0x4E,0x50,0x41,0xBB,0x5C,0x00,0x00,0x00,0x4D,0x89,0x1E,0x48,0x8D,0x05,0x04,0x00
	.byte 0x00,0x00,0x41,0xFF,0xE1,0x90,0x49,0x8B,0x46,0x58,0x48,0x89,0xFE,0x48,0xC1,0xEE
	.byte 0x09,0x4C,0x01,0xE6,0x48,0x8B,0x76,0x10,0x48,0x83,0xFE,0x00,0x0F,0x85,0x14,0x00
	.byte 0x00,0x00,0x48,0x89,0xFE,0x48,0xC1,0xEE,0x09,0x4C,0x01,0xE6,0x48,0x8B,0x76,0x08
	.byte 0x49,0x83,0xC6,0x60,0xFF,0xE6,0x49,0x83,0xC6,0x10,0xE9,0x3B,0xEF,0xFF,0xFF,0x90
	.byte 0x49,0x89,0xC1,0x48,0xC1,0xE8,0x09,0x4C,0x01,0xE0,0x48,0x8B,0x58,0x08,0x48,0x89
	.byte 0xFE,0x49,0x8B,0x56,0x40,0x49,0x8B,0x4E,0x48,0x4D,0x8B,0x46,0x50,0x41,0xBB,0x5D
	.byte 0x00,0x00,0x00,0x4D,0x89,0x1E,0x48,0x8D,0x05,0x03,0x00,0x00,0x00,0xFF,0xE3,0x90
	.byte 0x49,0x8B,0x46,0x58,0x48,0x89,0xFE,0x48,0xC1,0xEE,0x09,0x4C,0x01,0xE6,0x48,0x8B
	.byte 0x76,0x10,0x48,0x83,0xFE,0x00,0x0F,0x85,0x14,0x00,0x00,0x00,0x48,0x89,0xFE,0x48
	.byte 0xC1,0xEE,0x09,0x4C,0x01,0xE6,0x48,0x8B,0x76,0x08,0x49,0x83,0xC6,0x60,0xFF,0xE6
	.byte 0x49,0x83,0xC6,0x10,0xE9,0xD1,0xEE,0xFF,0xFF,0x90,0x48,0x83,0xFF,0x1C,0x0F,0x8D
	.byte 0xF8,0x00,0x00,0x00,0x48,0x83,0xFF,0x18,0x0F,0x8D,0x6E,0x00,0x00,0x00,0x48,0x89
	.byte 0xC3,0x48,0xC1,0xE8,0x09,0x4C,0x01,0xE0,0x4C,0x8B,0x78,0x08,0x48,0x89,0xFE,0x48
	.byte 0x89,0xFA,0x49,0x8B,0x4E,0x40,0x4D,0x8B,0x46,0x48,0x4D,0x8B,0x4E,0x50,0x41,0xBB
	.byte 0x5E,0x00,0x00,0x00,0x4D,0x89,0x1E,0x48,0x8D,0x05,0x04,0x00,0x00,0x00,0x41,0xFF
	.byte 0xE7,0x90,0x49,0x8B,0x46,0x58,0x48,0x89,0xFE,0x48,0xC1,0xEE,0x09,0x4C,0x01,0xE6
	.byte 0x48,0x8B,0x76,0x10,0x48,0x83,0xFE,0x00,0x0F,0x85,0x14,0x00,0x00,0x00,0x48,0x89
	.byte 0xFE,0x48,0xC1,0xEE,0x09,0x4C,0x01,0xE6,0x48,0x8B,0x76,0x08,0x49,0x83,0xC6,0x60
	.byte 0xFF,0xE6,0x49,0x83,0xC6,0x10,0xE9,0x4F,0xEE,0xFF,0xFF,0x90,0x49,0x89,0xC7,0x48
	.byte 0xC1,0xE8,0x09,0x4C,0x01,0xE0,0x48,0x8B,0x40,0x08,0x48,0x89,0xFE,0x48,0x89,0xFA
	.byte 0x48,0x89,0xF9,0x4D,0x8B,0x46,0x40,0x4D,0x8B,0x4E,0x48,0x49,0x8B,0x5E,0x50,0x4D
	.byte 0x8B,0x5E,0x58,0x4D,0x89,0x5E,0x50,0x49,0x89,0x46,0x58,0x4D,0x8B,0x56,0x58,0x41
	.byte 0xBB,0x5F,0x00,0x00,0x00,0x4D,0x89,0x1E,0x48,0x8D,0x05,0x03,0x00,0x00,0x00,0x41
	.byte 0xFF,0xE2,0x49,0x8B,0x46,0x50,0x48,0x89,0xFE,0x48,0xC1,0xEE,0x09,0x4C,0x01,0xE6
	.byte 0x48,0x8B,0x76,0x10,0x48,0x83,0xFE,0x00,0x0F,0x85,0x14,0x00,0x00,0x00,0x48,0x89
	.byte 0xFE,0x48,0xC1,0xEE,0x09,0x4C,0x01,0xE6,0x48,0x8B,0x76,0x08,0x49,0x83,0xC6,0x60
	.byte 0xFF,0xE6,0x49,0x83,0xC6,0x10,0xE9,0xCF,0xED,0xFF,0xFF,0x90,0x48,0x83,0xFF,0x20
	.byte 0x0F,0x8D,0x9C,0x00,0x00,0x00,0x48,0x89,0xC6,0x48,0xC1,0xE8,0x09,0x4C,0x01,0xE0
	.byte 0x48,0x8B,0x40,0x08,0x49,0x8B,0x5E,0x48,0x4D,0x8B,0x5E,0x58,0x4D,0x89,0x5E,0x48
	.byte 0x49,0x89,0x76,0x58,0x48,0x89,0xFE,0x48,0x89,0xFA,0x48,0x89,0xF9,0x49,0x89,0xF8
	.byte 0x4D,0x8B,0x4E,0x40,0x4D,0x8B,0x7E,0x50,0x49,0x89,0x46,0x50,0x4D,0x8B,0x56,0x50
	.byte 0x41,0xBB,0x60,0x00,0x00,0x00,0x4D,0x89,0x1E,0x49,0x83,0xEE,0x08,0x4D,0x39,0xEE
	.byte 0x0F,0x82,0xC6,0xAD,0xFF,0xFF,0x4D,0x8B,0x5E,0x60,0x4D,0x89,0x1E,0x48,0x8D,0x05
	.byte 0x04,0x00,0x00,0x00,0x41,0xFF,0xE2,0x90,0x49,0x8B,0x46,0x48,0x48,0x89,0xFE,0x48
	.byte 0xC1,0xEE,0x09,0x4C,0x01,0xE6,0x48,0x8B,0x76,0x10,0x48,0x83,0xFE,0x00,0x0F,0x85
	.byte 0x14,0x00,0x00,0x00,0x48,0x89,0xFE,0x48,0xC1,0xEE,0x09,0x4C,0x01,0xE6,0x48,0x8B
	.byte 0x76,0x08,0x49,0x83,0xC6,0x60,0xFF,0xE6,0x49,0x83,0xC6,0x10,0xE9,0x29,0xED,0xFF
	.byte 0xFF,0x90,0x48,0x83,0xFF,0x24,0x0F,0x8D,0xAA,0x00,0x00,0x00,0x48,0x89,0xC6,0x48
	.byte 0xC1,0xE8,0x09,0x4C,0x01,0xE0,0x48,0x8B,0x40,0x08,0x49,0x8B,0x5E,0x40,0x4D,0x8B
	.byte 0x5E,0x58,0x4D,0x89,0x5E,0x40,0x4D,0x8B,0x5E,0x50,0x4D,0x89,0x5E,0x58,0x49,0x89
	.byte 0x76,0x50,0x48,0x89,0xFE,0x48,0x89,0xFA,0x48,0x89,0xF9,0x49,0x89,0xF8,0x49,0x89
	.byte 0xF9,0x4D,0x8B,0x7E,0x48,0x49,0x89,0x46,0x48,0x4D,0x8B,0x56,0x48,0x41,0xBB,0x61
	.byte 0x00,0x00,0x00,0x4D,0x89,0x1E,0x49,0x83,0xEE,0x10,0x4D,0x39,0xEE,0x0F,0x82,0x19
	.byte 0xAD,0xFF,0xFF,0x4D,0x8B,0x5E,0x68,0x4D,0x89,0x5E,0x08,0x4D,0x8B,0x5E,0x60,0x4D
	.byte 0x89,0x1E,0x48,0x8D,0x05,0x03,0x00,0x00,0x00,0x41,0xFF,0xE2,0x49,0x8B,0x46,0x40
	.byte 0x48,0x89,0xFE,0x48,0xC1,0xEE,0x09,0x4C,0x01,0xE6,0x48,0x8B,0x76,0x10,0x48,0x83
	.byte 0xFE,0x00,0x0F,0x85,0x14,0x00,0x00,0x00,0x48,0x89,0xFE,0x48,0xC1,0xEE,0x09,0x4C
	.byte 0x01,0xE6,0x48,0x8B,0x76,0x08,0x49,0x83,0xC6,0x60,0xFF,0xE6,0x49,0x83,0xC6,0x10
	.byte 0xE9,0x75,0xEC,0xFF,0xFF,0x90,0x48,0x89,0xC6,0x48,0xC1,0xE8,0x09,0x4C,0x01,0xE0
	.byte 0x48,0x8B,0x40,0x08,0x4D,0x8B,0x5E,0x58,0x4D,0x89,0x5E,0x38,0x4D,0x8B,0x5E,0x48
	.byte 0x4D,0x89,0x5E,0x58,0x49,0x89,0x76,0x48,0x48,0x89,0xFE,0x48,0x89,0xFA,0x48,0x89
	.byte 0xF9,0x49,0x89,0xF8,0x49,0x89,0xF9,0x48,0x89,0xFB,0x4D,0x8B,0x7E,0x40,0x49,0x89
	.byte 0x46,0x40,0x4D,0x8B,0x56,0x40,0x41,0xBB,0x62,0x00,0x00,0x00,0x4D,0x89,0x1E,0x49
	.byte 0x83,0xEE,0x18,0x4D,0x39,0xEE,0x0F,0x82,0x70,0xAC,0xFF,0xFF,0x4D,0x8B,0x5E,0x70
	.byte 0x4D,0x89,0x5E,0x10,0x4D,0x8B,0x5E,0x68,0x4D,0x89,0x5E,0x08,0x4D,0x8B,0x5E,0x60
	.byte 0x4D,0x89,0x1E,0x48,0x8D,0x05,0x04,0x00,0x00,0x00,0x41,0xFF,0xE2,0x90,0x49,0x8B
	.byte 0x46,0x38,0x48,0x89,0xFE,0x48,0xC1,0xEE,0x09,0x4C,0x01,0xE6,0x48,0x8B,0x76,0x10
	.byte 0x48,0x83,0xFE,0x00,0x0F,0x85,0x14,0x00,0x00,0x00,0x48,0x89,0xFE,0x48,0xC1,0xEE
	.byte 0x09,0x4C,0x01,0xE6,0x48,0x8B,0x76,0x08,0x49,0x83,0xC6,0x60,0xFF,0xE6,0x49,0x83
	.byte 0xC6,0x10,0xE9,0xC3,0xEB,0xFF,0xFF,0x90,0x48,0xF7,0xC6,0x01,0x00,0x00,0x00,0x0F
	.byte 0x84,0x1F,0x00,0x00,0x00,0x48,0x89,0xF0,0x48,0xC1,0xEE,0x09,0x4C,0x01,0xE6,0x48
	.byte 0x8B,0x36,0x48,0xBF,0xFE,0xFF,0xFF,0xFF,0x00,0x00,0x00,0x00,0x48,0x21,0xFE,0xE9
	.byte 0x04,0x00,0x00,0x00,0x48,0x89,0xF0,0x90,0x48,0x81,0xFE,0xE2,0x01,0x00,0x00,0x0F
	.byte 0x85,0x81,0x02,0x00,0x00,0x49,0x89,0x46,0x30,0x48,0xC1,0xE8,0x09,0x4C,0x01,0xE0
	.byte 0x48,0x8B,0x48,0x10,0xBA,0x08,0x00,0x00,0x00,0x48,0xBF,0xFC,0xFF,0xFF,0xFF,0xFF
	.byte 0xFF,0xFF,0xFF,0x48,0x01,0xCF,0xB8,0x00,0x00,0x00,0x00,0x40,0x0F,0x90,0xC0,0x48
	.byte 0x89,0xCE,0x48,0x09,0xC6,0x48,0x83,0xCE,0xFC,0x48,0xF7,0xC6,0x01,0x00,0x00,0x00
	.byte 0x0F,0x84,0x50,0x00,0x00,0x00,0x48,0xBF,0xFC,0xFF,0xFF,0xFF,0xFF,0xFF,0xFF,0xFF
	.byte 0x48,0x89,0xCE,0x4D,0x8B,0x5E,0x48,0x4D,0x89,0x5E,0x38,0x49,0x89,0x56,0x48,0x4D
	.byte 0x8B,0x5E,0x30,0x4D,0x89,0x5E,0x28,0x49,0x89,0x4E,0x30,0x49,0x89,0x7E,0x20,0x41
	.byte 0xBB,0x63,0x00,0x00,0x00,0x4D,0x89,0x1E,0x48,0x8D,0x05,0x05,0x00,0x00,0x00,0xE9
	.byte 0xDA,0xB7,0xFF,0xFF,0x49,0x8B,0x4E,0x30,0x4D,0x8B,0x5E,0x28,0x4D,0x89,0x5E,0x30
	.byte 0xE9,0x0D,0x00,0x00,0x00,0x90,0x4D,0x8B,0x5E,0x48,0x4D,0x89,0x5E,0x38,0x49,0x89
	.byte 0x56,0x48,0x49,0x89,0xF8,0x48,0xD1,0xEF,0x48,0x89,0xF8,0x48,0x89,0xCE,0x48,0xF7
	.byte 0xE6,0x48,0x89,0xCE,0x4C,0x09,0xC1,0x48,0x83,0xE1,0x01,0x48,0x09,0xD1,0x48,0x89
	.byte 0xC7,0x48,0xD1,0xEF,0x48,0x83,0xF9,0x00,0x0F,0x84,0x3A,0x00,0x00,0x00,0x4C,0x89
	.byte 0xC7,0x4D,0x89,0x46,0x28,0x4D,0x8B,0x56,0x50,0x4D,0x8B,0x5E,0x48,0x4D,0x89,0x5E
	.byte 0x50,0x4D,0x89,0x56,0x48,0x49,0x89,0x76,0x20,0x41,0xBB,0x64,0x00,0x00,0x00,0x4D
	.byte 0x89,0x1E,0x48,0x8D,0x05,0x05,0x00,0x00,0x00,0xE9,0x72,0xB7,0xFF,0xFF,0x49,0x8B
	.byte 0x4E,0x50,0xE9,0x0D,0x00,0x00,0x00,0x90,0x49,0x8B,0x4E,0x48,0x4D,0x8B,0x5E,0x50
	.byte 0x4D,0x89,0x5E,0x48,0x48,0x89,0xF8,0x48,0x83,0xCF,0x08,0x48,0x89,0xFE,0x48,0xC1
	.byte 0xEE,0x3F,0x48,0x09,0xFE,0x48,0xF7,0xC6,0x01,0x00,0x00,0x00,0x0F,0x84,0x2E,0x00
	.byte 0x00,0x00,0xBE,0x08,0x00,0x00,0x00,0x48,0x89,0xC7,0x49,0x89,0x76,0x50,0x49,0x89
	.byte 0x46,0x28,0x41,0xBB,0x65,0x00,0x00,0x00,0x4D,0x89,0x1E,0x48,0x8D,0x05,0x06,0x00
	.byte 0x00,0x00,0xE9,0x23,0xB7,0xFF,0xFF,0x90,0x48,0x89,0xFE,0xE9,0x0C,0x00,0x00,0x00
	.byte 0x31,0xD2,0x48,0xF7,0xF1,0x48,0x89,0xC6,0x48,0xC1,0xE6,0x02,0xBF,0x04,0x00,0x00
	.byte 0x00,0x48,0x01,0xF7,0xB8,0x00,0x00,0x00,0x00,0x40,0x0F,0x90,0xC0,0x48,0x89,0xF2
	.byte 0x48,0x09,0xC2,0x48,0x83,0xCA,0x04,0x48,0xF7,0xC2,0x01,0x00,0x00,0x00,0x0F,0x84
	.byte 0x2C,0x00,0x00,0x00,0xBF,0x04,0x00,0x00,0x00,0x49,0x89,0x76,0x28,0x49,0x89,0x7E
	.byte 0x50,0x41,0xBB,0x66,0x00,0x00,0x00,0x4D,0x89,0x1E,0x48,0x8D,0x05,0x05,0x00,0x00
	.byte 0x00,0xE9,0xA8,0xB6,0xFF,0xFF,0x49,0x89,0x7E,0x50,0xE9,0x05,0x00,0x00,0x00,0x90
	.byte 0x49,0x89,0x7E,0x50,0x49,0x8B,0x45,0xD8,0x49,0x8B,0x7D,0xF8,0x48,0x29,0xF8,0x48
	.byte 0x83,0xF8,0x30,0x0F,0x82,0x1D,0x00,0x00,0x00,0x49,0x8B,0x76,0x58,0x49,0x8B,0x46
	.byte 0x50,0x4D,0x8B,0x4E,0x48,0x49,0x8B,0x56,0x40,0x4D,0x8B,0x46,0x38,0x49,0x8B,0x4E
	.byte 0x30,0xE9,0x32,0x00,0x00,0x00,0xBF,0x30,0x00,0x00,0x00,0x41,0xBB,0x67,0x00,0x00
	.byte 0x00,0x4D,0x89,0x1E,0x48,0x8D,0x05,0x05,0x00,0x00,0x00,0xE9,0xD8,0xA9,0xFF,0xFF
	.byte 0x49,0x8B,0x76,0x58,0x49,0x8B,0x46,0x50,0x4D,0x8B,0x4E,0x48,0x49,0x8B,0x56,0x40
	.byte 0x4D,0x8B,0x46,0x38,0x49,0x8B,0x4E,0x30,0x49,0x8B,0x7D,0xB8,0x48,0x8B,0x7F,0x10
	.byte 0x48,0xD1,0xE0,0x4C,0x01,0xE0,0x48,0xC1,0xEF,0x09,0x48,0x01,0xF8,0x48,0x8B,0x78
	.byte 0x08,0x49,0x8B,0x45,0xF8,0x48,0xBB,0xF3,0x01,0x00,0x00,0x05,0x00,0x00,0x00,0x48
	.byte 0x89,0x18,0x48,0x89,0x78,0x08,0x48,0x89,0x50,0x10,0x48,0x89,0x48,0x18,0x4C,0x89
	.byte 0x40,0x20,0x4C,0x89,0x48,0x28,0x48,0x89,0xC7,0x4C,0x29,0xE7,0x48,0xC1,0xE7,0x09
	.byte 0x48,0x81,0xCF,0xEB,0x01,0x00,0x00,0x48,0x83,0xC0,0x30,0x49,0x89,0x45,0xF8,0x49
	.byte 0x83,0xC6,0x60,0xFF,0xE6,0x90,0x48,0xA9,0x01,0x00,0x00,0x00,0x0F,0x84,0x1C,0x00
	.byte 0x00,0x00,0x49,0x89,0x46,0x38,0x48,0xC1,0xE8,0x09,0x4C,0x01,0xE0,0x48,0x8B,0x30
	.byte 0x48,0xC1,0xEE,0x20,0x48,0xC1,0xE6,0x02,0xE9,0x07,0x00,0x00,0x00,0x90,0x31,0xF6
	.byte 0x49,0x89,0x46,0x38,0x48,0xBF,0xF4,0xFF,0xFF,0xFF,0xFF,0xFF,0xFF,0xFF,0x48,0x01
	.byte 0xF7,0xB8,0x00,0x00,0x00,0x00,0x40,0x0F,0x90,0xC0,0x48,0x89,0xF2,0x48,0x09,0xC2
	.byte 0x48,0x83,0xCA,0xF4,0x48,0xF7,0xC2,0x01,0x00,0x00,0x00,0x0F,0x84,0x41,0x00,0x00
	.byte 0x00,0x48,0xBF,0xF4,0xFF,0xFF,0xFF,0xFF,0xFF,0xFF,0xFF,0x49,0x89,0x76,0x30,0x4D
	.byte 0x8B,0x5E,0x48,0x4D,0x89,0x5E,0x18,0x49,0x89,0x7E,0x48,0x41,0xBB,0x68,0x00,0x00
	.byte 0x00,0x4D,0x89,0x1E,0x48,0x8D,0x05,0x05,0x00,0x00,0x00,0xE9,0x4E,0xB5,0xFF,0xFF
	.byte 0x49,0x8B,0x76,0x40,0x49,0x8B,0x46,0x38,0x49,0x89,0x7E,0x48,0xE9,0x15,0x00,0x00
	.byte 0x00,0x90,0x4D,0x8B,0x5E,0x48,0x4D,0x89,0x5E,0x18,0x49,0x89,0x7E,0x48,0x49,0x8B
	.byte 0x76,0x40,0x49,0x8B,0x46,0x38,0x49,0x89,0x46,0x30,0x48,0xC1,0xE8,0x09,0x4C,0x01
	.byte 0xE0,0x48,0x8B,0x50,0x18,0xBF,0x08,0x00,0x00,0x00,0x48,0x01,0xF7,0xB8,0x00,0x00
	.byte 0x00,0x00,0x40,0x0F,0x90,0xC0,0x49,0x89,0x76,0x40,0x48,0x09,0xC6,0x48,0x83,0xCE
	.byte 0x08,0x48,0xF7,0xC6,0x01,0x00,0x00,0x00,0x0F,0x84,0x38,0x00,0x00,0x00,0xBF,0x08
	.byte 0x00,0x00,0x00,0x49,0x8B,0x76,0x40,0x4D,0x8B,0x5E,0x50,0x4D,0x89,0x5E,0x10,0x49
	.byte 0x89,0x7E,0x50,0x49,0x89,0x56,0x20,0x41,0xBB,0x69,0x00,0x00,0x00,0x4D,0x89,0x1E
	.byte 0x48,0x8D,0x05,0x05,0x00,0x00,0x00,0xE9,0xC2,0xB4,0xFF,0xFF,0x49,0x8B,0x76,0x48
	.byte 0xE9,0x11,0x00,0x00,0x00,0x90,0x4D,0x8B,0x5E,0x50,0x4D,0x89,0x5E,0x10,0x49,0x8B
	.byte 0x76,0x48,0x49,0x89,0x56,0x20,0x48,0x89,0xF9,0x48,0x01,0xF1,0xB8,0x00,0x00,0x00
	.byte 0x00,0x40,0x0F,0x90,0xC0,0x48,0x89,0xF2,0x48,0x09,0xFA,0x48,0x09,0xC2,0x48,0xF7
	.byte 0xC2,0x01,0x00,0x00,0x00,0x0F,0x84,0x2B,0x00,0x00,0x00,0x49,0x89,0x76,0x50,0x49
	.byte 0x89,0x7E,0x48,0x41,0xBB,0x6A,0x00,0x00,0x00,0x4D,0x89,0x1E,0x48,0x8D,0x05,0x05
	.byte 0x00,0x00,0x00,0xE9,0x66,0xB4,0xFF,0xFF,0x49,0x8B,0x76,0x50,0x49,0x89,0x7E,0x50
	.byte 0xE9,0x05,0x00,0x00,0x00,0x90,0x49,0x89,0x4E,0x50,0xBF,0x04,0x00,0x00,0x00,0x48
	.byte 0x01,0xF7,0xB8,0x00,0x00,0x00,0x00,0x40,0x0F,0x90,0xC0,0x49,0x89,0x76,0x48,0x48
	.byte 0x09,0xC6,0x48,0x83,0xCE,0x04,0x48,0xF7,0xC6,0x01,0x00,0x00,0x00,0x0F,0x84,0x31
	.byte 0x00,0x00,0x00,0xBF,0x04,0x00,0x00,0x00,0x49,0x8B,0x76,0x48,0x49,0x89,0x7E,0x38
	.byte 0x41,0xBB,0x6B,0x00,0x00,0x00,0x4D,0x89,0x1E,0x48,0x8D,0x05,0x06,0x00,0x00,0x00
	.byte 0xE9,0x09,0xB4,0xFF,0xFF,0x90,0x49,0x8B,0x4E,0x50,0x49,0x89,0x7E,0x50,0xE9,0x09
	.byte 0x00,0x00,0x00,0x90,0x49,0x8B,0x4E,0x50,0x49,0x89,0x7E,0x50,0xBA,0x08,0x00,0x00
	.byte 0x00,0x48,0xBF,0xFC,0xFF,0xFF,0xFF,0xFF,0xFF,0xFF,0xFF,0x48,0x01,0xCF,0xB8,0x00
	.byte 0x00,0x00,0x00,0x40,0x0F,0x90,0xC0,0x48,0x89,0xCE,0x48,0x09,0xC6,0x48,0x83,0xCE
	.byte 0xFC,0x48,0xF7,0xC6,0x01,0x00,0x00,0x00,0x0F,0x84,0x50,0x00,0x00,0x00,0x48,0xBF
	.byte 0xFC,0xFF,0xFF,0xFF,0xFF,0xFF,0xFF,0xFF,0x48,0x89,0xCE,0x49,0x89,0x7E,0x08,0x49
	.byte 0x89,0x4E,0x38,0x4D,0x8B,0x5E,0x30,0x4D,0x89,0x5E,0x28,0x49,0x89,0x56,0x30,0x41
	.byte 0xBB,0x6C,0x00,0x00,0x00,0x4D,0x89,0x1E,0x48,0x8D,0x05,0x05,0x00,0x00,0x00,0xE9
	.byte 0x8A,0xB3,0xFF,0xFF,0x49,0x8B,0x4E,0x38,0x4D,0x8B,0x5E,0x30,0x4D,0x89,0x5E,0x38
	.byte 0x4D,0x8B,0x5E,0x28,0x4D,0x89,0x5E,0x30,0xE9,0x05,0x00,0x00,0x00,0x90,0x49,0x89
	.byte 0x56,0x38,0x48,0x89,0xF8,0x48,0xD1,0xE8,0x48,0x89,0xCE,0x48,0xF7,0xE6,0x48,0x89
	.byte 0xCE,0x48,0x09,0xF9,0x48,0x83,0xE1,0x01,0x48,0x09,0xD1,0x48,0xD1,0xE8,0x48,0x83
	.byte 0xF9,0x00,0x0F,0x84,0x32,0x00,0x00,0x00,0x49,0x89,0x76,0x08,0x49,0x89,0x7E,0x28
	.byte 0x41,0xBB,0x6D,0x00,0x00,0x00,0x4D,0x89,0x1E,0x48,0x8D,0x05,0x06,0x00,0x00,0x00
	.byte 0xE9,0x3B,0xB3,0xFF,0xFF,0x90,0x48,0x89,0xF8,0x49,0x8B,0x4E,0x38,0x4D,0x8B,0x5E
	.byte 0x30,0x4D,0x89,0x5E,0x38,0xE9,0x0C,0x00,0x00,0x00,0x49,0x8B,0x4E,0x38,0x4D,0x8B
	.byte 0x5E,0x30,0x4D,0x89,0x5E,0x38,0x48,0x89,0xC6,0x48,0x83,0xCE,0x08,0x48,0x89,0xF7
	.byte 0x48,0xC1,0xEF,0x3F,0x48,0x09,0xF7,0x48,0xF7,0xC7,0x01,0x00,0x00,0x00,0x0F,0x84
	.byte 0x3A,0x00,0x00,0x00,0xBE,0x08,0x00,0x00,0x00,0x48,0x89,0xC7,0x49,0x89,0x46,0x28
	.byte 0x49,0x89,0x76,0x30,0x41,0xBB,0x6E,0x00,0x00,0x00,0x4D,0x89,0x1E,0x48,0x8D,0x05
	.byte 0x06,0x00,0x00,0x00,0xE9,0xE1,0xB2,0xFF,0xFF,0x90,0x48,0x89,0xFA,0x49,0x8B,0x76
	.byte 0x50,0x4D,0x8B,0x5E,0x48,0x4D,0x89,0x5E,0x50,0xE9,0x18,0x00,0x00,0x00,0x31,0xD2
	.byte 0x48,0xF7,0xF1,0x48,0x89,0xC2,0x48,0xC1,0xE2,0x02,0x49,0x8B,0x76,0x50,0x4D,0x8B
	.byte 0x5E,0x48,0x4D,0x89,0x5E,0x50,0x48,0x89,0xD7,0x48,0x01,0xF7,0xB8,0x00,0x00,0x00
	.byte 0x00,0x40,0x0F,0x90,0xC0,0x48,0x89,0xF1,0x48,0x09,0xD1,0x48,0x09,0xC1,0x48,0xF7
	.byte 0xC1,0x01,0x00,0x00,0x00,0x0F,0x84,0x2B,0x00,0x00,0x00,0x48,0x89,0xD7,0x49,0x89
	.byte 0x76,0x30,0x49,0x89,0x56,0x48,0x41,0xBB,0x6F,0x00,0x00,0x00,0x4D,0x89,0x1E,0x48
	.byte 0x8D,0x05,0x06,0x00,0x00,0x00,0xE9,0x53,0xB2,0xFF,0xFF,0x90,0x49,0x8B,0x76,0x50
	.byte 0xE9,0x05,0x00,0x00,0x00,0x90,0x49,0x8B,0x76,0x50,0x49,0x8B,0x45,0xB8,0x48,0x8B
	.byte 0x40,0x10,0x48,0xD1,0xE7,0x4C,0x01,0xE7,0x48,0xC1,0xE8,0x09,0x48,0x01,0xC7,0x48
	.byte 0x8B,0x57,0x08,0xBF,0x14,0x00,0x00,0x00,0x48,0x01,0xF7,0xB8,0x00,0x00,0x00,0x00
	.byte 0x40,0x0F,0x90,0xC0,0x49,0x89,0x76,0x48,0x48,0x09,0xC6,0x48,0x83,0xCE,0x14,0x48
	.byte 0xF7,0xC6,0x01,0x00,0x00,0x00,0x0F,0x84,0x2C,0x00,0x00,0x00,0xBF,0x14,0x00,0x00
	.byte 0x00,0x49,0x8B,0x76,0x48,0x49,0x89,0x56,0x30,0x49,0x89,0x7E,0x50,0x41,0xBB,0x70
	.byte 0x00,0x00,0x00,0x4D,0x89,0x1E,0x48,0x8D,0x05,0x05,0x00,0x00,0x00,0xE9,0xDC,0xB1
	.byte 0xFF,0xFF,0xE9,0x05,0x00,0x00,0x00,0x90,0x49,0x89,0x56,0x30,0xB8,0x0C,0x00,0x00
	.byte 0x00,0x48,0xF7,0xC7,0x01,0x00,0x00,0x00,0x0F,0x84,0x68,0x00,0x00,0x00,0x48,0xBF
	.byte 0xFF,0xFF,0xFF,0xFF,0xFF,0xFF,0xFF,0xFF,0x41,0xBB,0x71,0x00,0x00,0x00,0x4D,0x89
	.byte 0x1E,0x48,0x8D,0x05,0x06,0x00,0x00,0x00,0xE9,0x2B,0xA5,0xFF,0xFF,0x90,0x45,0x31
	.byte 0xDB,0x4D,0x89,0x5E,0x20,0x4D,0x8B,0x5E,0x20,0x4D,0x89,0x5E,0x30,0x4D,0x8B,0x5E
	.byte 0x20,0x4D,0x89,0x5E,0x10,0x49,0x8B,0x7E,0x20,0x4D,0x8B,0x5E,0x20,0x4D,0x89,0x5E
	.byte 0x48,0x4D,0x8B,0x5E,0x20,0x4D,0x89,0x5E,0x40,0x4D,0x8B,0x5E,0x20,0x4D,0x89,0x5E
	.byte 0x18,0x4D,0x8B,0x5E,0x20,0x4D,0x89,0x5E,0x38,0x4D,0x8B,0x5E,0x20,0x4D,0x89,0x5E
	.byte 0x28,0xE9,0x04,0x00,0x00,0x00,0x49,0x89,0x46,0x28,0x49,0x89,0x7E,0x50,0x48,0xC1
	.byte 0xEF,0x02,0x49,0xBA,0x00,0x00,0x00,0x00,0x01,0x00,0x00,0x00,0x4C,0x39,0xD7,0x0F
	.byte 0x82,0x0F,0x00,0x00,0x00,0x48,0xBF,0xFF,0xFF,0xFF,0xFF,0xFF,0xFF,0xFF,0xFF,0xE9
	.byte 0x08,0x00,0x00,0x00,0x48,0x83,0xC7,0x01,0x48,0xC1,0xE7,0x03,0x49,0x8B,0x45,0xD8
	.byte 0x49,0x8B,0x75,0xF8,0x48,0x29,0xF0,0x48,0x39,0xF8,0x0F,0x82,0x22,0x00,0x00,0x00
	.byte 0x49,0x8B,0x46,0x50,0x4D,0x8B,0x46,0x48,0x4D,0x8B,0x7E,0x40,0x49,0x8B,0x5E,0x38
	.byte 0x4D,0x8B,0x4E,0x28,0x4D,0x8B,0x5E,0x20,0x4D,0x89,0x5E,0x38,0xE9,0x33,0x00,0x00
	.byte 0x00,0x90,0x41,0xBB,0x72,0x00,0x00,0x00,0x4D,0x89,0x1E,0x48,0x8D,0x05,0x06,0x00
	.byte 0x00,0x00,0xE9,0x61,0xA4,0xFF,0xFF,0x90,0x49,0x8B,0x46,0x50,0x4D,0x8B,0x46,0x48
	.byte 0x4D,0x8B,0x7E,0x40,0x49,0x8B,0x5E,0x38,0x4D,0x8B,0x4E,0x28,0x4D,0x8B,0x5E,0x20
	.byte 0x4D,0x89,0x5E,0x38,0x49,0x8B,0x7D,0xF8,0x48,0x89,0xC6,0x48,0xC1,0xE6,0x1E,0x48
	.byte 0x81,0xCE,0xF3,0x01,0x00,0x00,0x48,0x89,0xC2,0x49,0x89,0x46,0x50,0x48,0xC1,0xEA
	.byte 0x02,0x48,0x89,0xF8,0x48,0x89,0x30,0x48,0x89,0xC6,0x4D,0x8B,0x56,0x30,0x4C,0x89
	.byte 0x56,0x08,0x4C,0x89,0x7E,0x10,0x4D,0x8B,0x56,0x38,0x4C,0x89,0x56,0x18,0x4D,0x8B
	.byte 0x56,0x18,0x4C,0x89,0x56,0x20,0x4D,0x8B,0x56,0x10,0x4C,0x89,0x56,0x28,0x49,0x8B
	.byte 0x7D,0xF8,0x4C,0x29,0xE7,0x48,0xC1,0xE7,0x09,0x48,0x83,0xCF,0x01,0x48,0x81,0xCF
	.byte 0xE0,0x01,0x00,0x00,0x48,0x83,0xFA,0x0F,0x0F,0x82,0x10,0x00,0x00,0x00,0x48,0x83
	.byte 0xCF,0x1E,0x48,0x89,0xD0,0x48,0x89,0xF9,0xE9,0x19,0x00,0x00,0x00,0x90,0x48,0x89
	.byte 0xD0,0x48,0xD1,0xE0,0x49,0x89,0xC2,0x48,0x89,0xF8,0x4C,0x89,0xD7,0x48,0x09,0xC7
	.byte 0x48,0x89,0xD0,0x48,0x89,0xF9,0x48,0xC1,0xE0,0x03,0x48,0x89,0xF7,0x48,0x01,0xF8
	.byte 0x48,0x83,0xC0,0x08,0x49,0x89,0x45,0xF8,0x48,0x89,0xFA,0x4C,0x89,0xC6,0x48,0x83
	.byte 0xC2,0x30,0x4C,0x89,0xC8,0x4D,0x89,0x4E,0x20,0x48,0xD1,0xE0,0x4C,0x01,0xE0,0x48
	.byte 0x89,0xDF,0x49,0x89,0x5E,0x48,0x48,0xC1,0xEF,0x09,0x48,0x01,0xF8,0x48,0x83,0xC0
	.byte 0x08,0x48,0x85,0xF6,0x0F,0x84,0x2E,0x00,0x00,0x00,0x48,0x89,0xF7,0x49,0x89,0x76
	.byte 0x28,0x48,0x89,0xC6,0x4D,0x89,0x7E,0x40,0x41,0xBB,0x73,0x00,0x00,0x00,0x4D,0x89
	.byte 0x1E,0x48,0x8D,0x05,0x06,0x00,0x00,0x00,0xE9,0x9B,0xB5,0xFF,0xFF,0x90,0x49,0x8B
	.byte 0x46,0x58,0xE9,0x09,0x00,0x00,0x00,0x90,0x49,0x8B,0x46,0x58,0x48,0x89,0xCF,0x90
	.byte 0x49,0x83,0xC6,0x60,0xFF,0xE0,0x49,0x83,0xEE,0x68,0x4D,0x39,0xEE,0x0F,0x82,0x19
	.byte 0xA3,0xFF,0xFF,0x90,0x48,0x89,0xC3,0x48,0x89,0xC8,0x49,0x89,0xF8,0x48,0xC1,0xE8
	.byte 0x09,0x4C,0x01,0xE0,0x4C,0x8B,0x48,0x10,0x48,0xBF,0xF4,0xFF,0xFF,0xFF,0xFF,0xFF
	.byte 0xFF,0xFF,0x4C,0x01,0xCF,0xB8,0x00,0x00,0x00,0x00,0x40,0x0F,0x90,0xC0,0x49,0x89
	.byte 0xC7,0x4C,0x89,0xC8,0x4D,0x09,0xF9,0x49,0x83,0xC9,0xF4,0x49,0xF7,0xC1,0x01,0x00
	.byte 0x00,0x00,0x0F,0x84,0x44,0x00,0x00,0x00,0x48,0xBF,0xF4,0xFF,0xFF,0xFF,0xFF,0xFF
	.byte 0xFF,0xFF,0x49,0x89,0x76,0x50,0x48,0x89,0xC6,0x49,0x89,0x5E,0x60,0x49,0x89,0x4E
	.byte 0x58,0x49,0x89,0x7E,0x38,0x4D,0x89,0x46,0x48,0x49,0x89,0x46,0x30,0x49,0x89,0x56
	.byte 0x40,0x41,0xBB,0x74,0x00,0x00,0x00,0x4D,0x89,0x1E,0x48,0x8D,0x05,0x05,0x00,0x00
	.byte 0x00,0xE9,0x18,0xAF,0xFF,0xFF,0xE9,0x15,0x00,0x00,0x00,0x90,0x49,0x89,0x5E,0x60
	.byte 0x49,0x89,0x4E,0x58,0x49,0x89,0x76,0x50,0x4D,0x89,0x46,0x48,0x49,0x89,0x56,0x40
	.byte 0x31,0xD2,0x31,0xC0,0x48,0xF7,0xC7,0x01,0x00,0x00,0x00,0x0F,0x84,0x3D,0x00,0x00
	.byte 0x00,0x31,0xF6,0x49,0x89,0x56,0x30,0x49,0x89,0x7E,0x38,0x41,0xBB,0x75,0x00,0x00
	.byte 0x00,0x4D,0x89,0x1E,0x48,0x8D,0x05,0x05,0x00,0x00,0x00,0xE9,0x46,0xAF,0xFF,0xFF
	.byte 0x49,0x8B,0x76,0x58,0x4D,0x8B,0x5E,0x40,0x4D,0x89,0x5E,0x58,0x4D,0x8B,0x5E,0x38
	.byte 0x4D,0x89,0x5E,0x40,0xB8,0x01,0x00,0x00,0x00,0xE9,0x10,0x00,0x00,0x00,0x49,0x8B
	.byte 0x76,0x58,0x4D,0x8B,0x5E,0x40,0x4D,0x89,0x5E,0x58,0x49,0x89,0x7E,0x40,0x48,0x39
	.byte 0xC7,0x0F,0x8D,0x77,0x05,0x00,0x00,0x48,0x89,0xF0,0x48,0xC1,0xEE,0x09,0x4C,0x01
	.byte 0xE6,0x48,0x8B,0x7E,0x10,0x48,0x83,0xFF,0x14,0x0F,0x8D,0x4D,0x02,0x00,0x00,0x48
	.byte 0x83,0xFF,0x08,0x0F,0x8D,0xF1,0x00,0x00,0x00,0x48,0x83,0xFF,0x04,0x0F,0x8D,0x7D
	.byte 0x00,0x00,0x00,0x48,0x89,0xC6,0x48,0xC1,0xE8,0x09,0x4C,0x01,0xE0,0x48,0x8B,0x50
	.byte 0x08,0x49,0x8B,0x7E,0x58,0x4D,0x8B,0x5E,0x50,0x4D,0x89,0x5E,0x58,0x4D,0x8B,0x5E
	.byte 0x48,0x4D,0x89,0x5E,0x50,0x41,0xBB,0x76,0x00,0x00,0x00,0x4D,0x89,0x1E,0x48,0x8D
	.byte 0x05,0x03,0x00,0x00,0x00,0xFF,0xE2,0x90,0x49,0x8B,0x46,0x60,0x49,0x8B,0x76,0x58
	.byte 0x4D,0x8B,0x46,0x50,0x48,0x89,0xFA,0x48,0xC1,0xEF,0x09,0x4C,0x01,0xE7,0x48,0x8B
	.byte 0x7F,0x10,0x48,0x83,0xFF,0x04,0x0F,0x85,0x18,0x00,0x00,0x00,0x48,0x89,0xD7,0x48
	.byte 0xC1,0xEF,0x09,0x4C,0x01,0xE7,0x48,0x8B,0x4F,0x08,0x4C,0x89,0xC7,0x49,0x83,0xC6
	.byte 0x68,0xFF,0xE1,0x90,0x4C,0x89,0xC7,0x49,0x83,0xC6,0x08,0xE9,0x14,0xEF,0xFF,0xFF
	.byte 0x48,0x89,0xC2,0x48,0xC1,0xE8,0x09,0x4C,0x01,0xE0,0x48,0x8B,0x48,0x08,0x49,0x8B
	.byte 0x7E,0x50,0x49,0x8B,0x76,0x58,0x41,0xBB,0x77,0x00,0x00,0x00,0x4D,0x89,0x1E,0x48
	.byte 0x8D,0x05,0x02,0x00,0x00,0x00,0xFF,0xE1,0x48,0x89,0xFA,0x49,0x8B,0x46,0x60,0x49
	.byte 0x8B,0x7E,0x48,0x48,0x89,0xD6,0x48,0xC1,0xEA,0x09,0x4C,0x01,0xE2,0x48,0x8B,0x52
	.byte 0x10,0x48,0x83,0xFA,0x00,0x0F,0x85,0x15,0x00,0x00,0x00,0x48,0x89,0xF2,0x48,0xC1
	.byte 0xEA,0x09,0x4C,0x01,0xE2,0x48,0x8B,0x52,0x08,0x49,0x83,0xC6,0x68,0xFF,0xE2,0x90
	.byte 0x49,0x83,0xC6,0x18,0xE9,0xB1,0xE0,0xFF,0xFF,0x90,0x48,0x83,0xFF,0x0C,0x0F,0x8D
	.byte 0x68,0x00,0x00,0x00,0x48,0x89,0xC1,0x48,0xC1,0xE8,0x09,0x4C,0x01,0xE0,0x4C,0x8B
	.byte 0x40,0x08,0x49,0x8B,0x7E,0x48,0x49,0x8B,0x76,0x50,0x49,0x8B,0x56,0x58,0x41,0xBB
	.byte 0x78,0x00,0x00,0x00,0x4D,0x89,0x1E,0x48,0x8D,0x05,0x04,0x00,0x00,0x00,0x41,0xFF
	.byte 0xE0,0x90,0x49,0x8B,0x46,0x60,0x48,0x89,0xFE,0x48,0xC1,0xEE,0x09,0x4C,0x01,0xE6
	.byte 0x48,0x8B,0x76,0x10,0x48,0x83,0xFE,0x00,0x0F,0x85,0x14,0x00,0x00,0x00,0x48,0x89
	.byte 0xFE,0x48,0xC1,0xEE,0x09,0x4C,0x01,0xE6,0x48,0x8B,0x76,0x08,0x49,0x83,0xC6,0x68
	.byte 0xFF,0xE6,0x49,0x83,0xC6,0x18,0xE9,0x3F,0xE0,0xFF,0xFF,0x90,0x48,0x83,0xFF,0x10
	.byte 0x0F,0x8D,0x6C,0x00,0x00,0x00,0x49,0x89,0xC0,0x48,0xC1,0xE8,0x09,0x4C,0x01,0xE0
	.byte 0x4C,0x8B,0x48,0x08,0x49,0x8B,0x7E,0x40,0x49,0x8B,0x76,0x48,0x49,0x8B,0x56,0x50
	.byte 0x49,0x8B,0x4E,0x58,0x41,0xBB,0x79,0x00,0x00,0x00,0x4D,0x89,0x1E,0x48,0x8D,0x05
	.byte 0x04,0x00,0x00,0x00,0x41,0xFF,0xE1,0x90,0x49,0x8B,0x46,0x60,0x48,0x89,0xFE,0x48
	.byte 0xC1,0xEE,0x09,0x4C,0x01,0xE6,0x48,0x8B,0x76,0x10,0x48,0x83,0xFE,0x00,0x0F,0x85
	.byte 0x14,0x00,0x00,0x00,0x48,0x89,0xFE,0x48,0xC1,0xEE,0x09,0x4C,0x01,0xE6,0x48,0x8B
	.byte 0x76,0x08,0x49,0x83,0xC6,0x68,0xFF,0xE6,0x49,0x83,0xC6,0x18,0xE9,0xC9,0xDF,0xFF
	.byte 0xFF,0x90,0x49,0x89,0xC1,0x48,0xC1,0xE8,0x09,0x4C,0x01,0xE0,0x48,0x8B,0x58,0x08
	.byte 0x49,0x8B,0x76,0x40,0x49,0x8B,0x56,0x48,0x49,0x8B,0x4E,0x50,0x4D,0x8B,0x46,0x58
	.byte 0x41,0xBB,0x7A,0x00,0x00,0x00,0x4D,0x89,0x1E,0x48,0x8D,0x05,0x02,0x00,0x00,0x00
	.byte 0xFF,0xE3,0x49,0x8B,0x46,0x60,0x48,0x89,0xFE,0x48,0xC1,0xEE,0x09,0x4C,0x01,0xE6
	.byte 0x48,0x8B,0x76,0x10,0x48,0x83,0xFE,0x00,0x0F,0x85,0x14,0x00,0x00,0x00,0x48,0x89
	.byte 0xFE,0x48,0xC1,0xEE,0x09,0x4C,0x01,0xE6,0x48,0x8B,0x76,0x08,0x49,0x83,0xC6,0x68
	.byte 0xFF,0xE6,0x49,0x83,0xC6,0x18,0xE9,0x5F,0xDF,0xFF,0xFF,0x90,0x48,0x83,0xFF,0x1C
	.byte 0x0F,0x8D,0xFA,0x00,0x00,0x00,0x48,0x83,0xFF,0x18,0x0F,0x8D,0x6E,0x00,0x00,0x00
	.byte 0x48,0x89,0xC3,0x48,0xC1,0xE8,0x09,0x4C,0x01,0xE0,0x4C,0x8B,0x78,0x08,0x48,0x89
	.byte 0xFE,0x49,0x8B,0x56,0x40,0x49,0x8B,0x4E,0x48,0x4D,0x8B,0x46,0x50,0x4D,0x8B,0x4E
	.byte 0x58,0x41,0xBB,0x7B,0x00,0x00,0x00,0x4D,0x89,0x1E,0x48,0x8D,0x05,0x03,0x00,0x00
	.byte 0x00,0x41,0xFF,0xE7,0x49,0x8B,0x46,0x60,0x48,0x89,0xFE,0x48,0xC1,0xEE,0x09,0x4C
	.byte 0x01,0xE6,0x48,0x8B,0x76,0x10,0x48,0x83,0xFE,0x00,0x0F,0x85,0x14,0x00,0x00,0x00
	.byte 0x48,0x89,0xFE,0x48,0xC1,0xEE,0x09,0x4C,0x01,0xE6,0x48,0x8B,0x76,0x08,0x49,0x83
	.byte 0xC6,0x68,0xFF,0xE6,0x49,0x83,0xC6,0x18,0xE9,0xDD,0xDE,0xFF,0xFF,0x90,0x49,0x89
	.byte 0xC7,0x48,0xC1,0xE8,0x09,0x4C,0x01,0xE0,0x48,0x8B,0x40,0x08,0x48,0x89,0xFE,0x48
	.byte 0x89,0xFA,0x49,0x8B,0x4E,0x40,0x4D,0x8B,0x46,0x48,0x4D,0x8B,0x4E,0x50,0x49,0x8B
	.byte 0x5E,0x58,0x4D,0x8B,0x5E,0x60,0x4D,0x89,0x5E,0x58,0x49,0x89,0x46,0x60,0x4D,0x8B
	.byte 0x56,0x60,0x41,0xBB,0x7C,0x00,0x00,0x00,0x4D,0x89,0x1E,0x48,0x8D,0x05,0x04,0x00
	.byte 0x00,0x00,0x41,0xFF,0xE2,0x90,0x49,0x8B,0x46,0x58,0x48,0x89,0xFE,0x48,0xC1,0xEE
	.byte 0x09,0x4C,0x01,0xE6,0x48,0x8B,0x76,0x10,0x48,0x83,0xFE,0x00,0x0F,0x85,0x14,0x00
	.byte 0x00,0x00,0x48,0x89,0xFE,0x48,0xC1,0xEE,0x09,0x4C,0x01,0xE6,0x48,0x8B,0x76,0x08
	.byte 0x49,0x83,0xC6,0x68,0xFF,0xE6,0x49,0x83,0xC6,0x18,0xE9,0x5B,0xDE,0xFF,0xFF,0x90
	.byte 0x48,0x83,0xFF,0x20,0x0F,0x8D,0x9C,0x00,0x00,0x00,0x48,0x89,0xC6,0x48,0xC1,0xE8
	.byte 0x09,0x4C,0x01,0xE0,0x48,0x8B,0x40,0x08,0x49,0x8B,0x5E,0x50,0x4D,0x8B,0x5E,0x60
	.byte 0x4D,0x89,0x5E,0x50,0x49,0x89,0x76,0x60,0x48,0x89,0xFE,0x48,0x89,0xFA,0x48,0x89
	.byte 0xF9,0x4D,0x8B,0x46,0x40,0x4D,0x8B,0x4E,0x48,0x4D,0x8B,0x7E,0x58,0x49,0x89,0x46
	.byte 0x58,0x4D,0x8B,0x56,0x58,0x41,0xBB,0x7D,0x00,0x00,0x00,0x4D,0x89,0x1E,0x49,0x83
	.byte 0xEE,0x08,0x4D,0x39,0xEE,0x0F,0x82,0x51,0x9E,0xFF,0xFF,0x4D,0x8B,0x5E,0x68,0x4D
	.byte 0x89,0x1E,0x48,0x8D,0x05,0x03,0x00,0x00,0x00,0x41,0xFF,0xE2,0x49,0x8B,0x46,0x50
	.byte 0x48,0x89,0xFE,0x48,0xC1,0xEE,0x09,0x4C,0x01,0xE6,0x48,0x8B,0x76,0x10,0x48,0x83
	.byte 0xFE,0x00,0x0F,0x85,0x14,0x00,0x00,0x00,0x48,0x89,0xFE,0x48,0xC1,0xEE,0x09,0x4C
	.byte 0x01,0xE6,0x48,0x8B,0x76,0x08,0x49,0x83,0xC6,0x68,0xFF,0xE6,0x49,0x83,0xC6,0x18
	.byte 0xE9,0xB5,0xDD,0xFF,0xFF,0x90,0x48,0x83,0xFF,0x24,0x0F,0x8D,0xAC,0x00,0x00,0x00
	.byte 0x48,0x89,0xC6,0x48,0xC1,0xE8,0x09,0x4C,0x01,0xE0,0x48,0x8B,0x40,0x08,0x49,0x8B
	.byte 0x5E,0x48,0x4D,0x8B,0x5E,0x60,0x4D,0x89,0x5E,0x48,0x4D,0x8B,0x5E,0x58,0x4D,0x89
	.byte 0x5E,0x60,0x49,0x89,0x76,0x58,0x48,0x89,0xFE,0x48,0x89,0xFA,0x48,0x89,0xF9,0x49
	.byte 0x89,0xF8,0x4D,0x8B,0x4E,0x40,0x4D,0x8B,0x7E,0x50,0x49,0x89,0x46,0x50,0x4D,0x8B
	.byte 0x56,0x50,0x41,0xBB,0x7E,0x00,0x00,0x00,0x4D,0x89,0x1E,0x49,0x83,0xEE,0x10,0x4D
	.byte 0x39,0xEE,0x0F,0x82,0xA4,0x9D,0xFF,0xFF,0x4D,0x8B,0x5E,0x70,0x4D,0x89,0x5E,0x08
	.byte 0x4D,0x8B,0x5E,0x68,0x4D,0x89,0x1E,0x48,0x8D,0x05,0x04,0x00,0x00,0x00,0x41,0xFF
	.byte 0xE2,0x90,0x49,0x8B,0x46,0x48,0x48,0x89,0xFE,0x48,0xC1,0xEE,0x09,0x4C,0x01,0xE6
	.byte 0x48,0x8B,0x76,0x10,0x48,0x83,0xFE,0x00,0x0F,0x85,0x14,0x00,0x00,0x00,0x48,0x89
	.byte 0xFE,0x48,0xC1,0xEE,0x09,0x4C,0x01,0xE6,0x48,0x8B,0x76,0x08,0x49,0x83,0xC6,0x68
	.byte 0xFF,0xE6,0x49,0x83,0xC6,0x18,0xE9,0xFF,0xDC,0xFF,0xFF,0x90,0x48,0x89,0xC6,0x48
	.byte 0xC1,0xE8,0x09,0x4C,0x01,0xE0,0x48,0x8B,0x40,0x08,0x49,0x8B,0x5E,0x40,0x4D,0x8B
	.byte 0x5E,0x60,0x4D,0x89,0x5E,0x40,0x4D,0x8B,0x5E,0x50,0x4D,0x89,0x5E,0x60,0x49,0x89
	.byte 0x76,0x50,0x48,0x89,0xFE,0x48,0x89,0xFA,0x48,0x89,0xF9,0x49,0x89,0xF8,0x49,0x89
	.byte 0xF9,0x4D,0x8B,0x7E,0x48,0x49,0x89,0x46,0x48,0x4D,0x8B,0x56,0x48,0x41,0xBB,0x7F
	.byte 0x00,0x00,0x00,0x4D,0x89,0x1E,0x49,0x83,0xEE,0x18,0x4D,0x39,0xEE,0x0F,0x82,0xF9
	.byte 0x9C,0xFF,0xFF,0x4D,0x8B,0x5E,0x78,0x4D,0x89,0x5E,0x10,0x4D,0x8B,0x5E,0x70,0x4D
	.byte 0x89,0x5E,0x08,0x4D,0x8B,0x5E,0x68,0x4D,0x89,0x1E,0x48,0x8D,0x05,0x03,0x00,0x00
	.byte 0x00,0x41,0xFF,0xE2,0x49,0x8B,0x46,0x40,0x48,0x89,0xFE,0x48,0xC1,0xEE,0x09,0x4C
	.byte 0x01,0xE6,0x48,0x8B,0x76,0x10,0x48,0x83,0xFE,0x00,0x0F,0x85,0x14,0x00,0x00,0x00
	.byte 0x48,0x89,0xFE,0x48,0xC1,0xEE,0x09,0x4C,0x01,0xE6,0x48,0x8B,0x76,0x08,0x49,0x83
	.byte 0xC6,0x68,0xFF,0xE6,0x49,0x83,0xC6,0x18,0xE9,0x4D,0xDC,0xFF,0xFF,0x90,0x48,0xF7
	.byte 0xC6,0x01,0x00,0x00,0x00,0x0F,0x84,0x1F,0x00,0x00,0x00,0x48,0x89,0xF0,0x48,0xC1
	.byte 0xEE,0x09,0x4C,0x01,0xE6,0x48,0x8B,0x36,0x48,0xBF,0xFE,0xFF,0xFF,0xFF,0x00,0x00
	.byte 0x00,0x00,0x48,0x21,0xFE,0xE9,0x04,0x00,0x00,0x00,0x48,0x89,0xF0,0x90,0x48,0x81
	.byte 0xFE,0xE2,0x01,0x00,0x00,0x0F,0x85,0xB5,0x02,0x00,0x00,0x49,0x89,0x46,0x38,0x48
	.byte 0xC1,0xE8,0x09,0x4C,0x01,0xE0,0x48,0x8B,0x48,0x10,0xBA,0x08,0x00,0x00,0x00,0x48
	.byte 0xBF,0xFC,0xFF,0xFF,0xFF,0xFF,0xFF,0xFF,0xFF,0x48,0x01,0xCF,0xB8,0x00,0x00,0x00
	.byte 0x00,0x40,0x0F,0x90,0xC0,0x48,0x89,0xCE,0x48,0x09,0xC6,0x48,0x83,0xCE,0xFC,0x48
	.byte 0xF7,0xC6,0x01,0x00,0x00,0x00,0x0F,0x84,0x70,0x00,0x00,0x00,0x48,0xBF,0xFC,0xFF
	.byte 0xFF,0xFF,0xFF,0xFF,0xFF,0xFF,0x48,0x89,0xCE,0x49,0x89,0x7E,0x20,0x4D,0x8B,0x56
	.byte 0x38,0x4D,0x8B,0x5E,0x58,0x4D,0x89,0x5E,0x38,0x4D,0x89,0x56,0x58,0x4D,0x8B,0x5E
	.byte 0x40,0x4D,0x89,0x5E,0x30,0x4D,0x8B,0x5E,0x48,0x4D,0x89,0x5E,0x40,0x49,0x89,0x4E
	.byte 0x48,0x49,0x89,0x56,0x28,0x41,0xBB,0x80,0x00,0x00,0x00,0x4D,0x89,0x1E,0x48,0x8D
	.byte 0x05,0x05,0x00,0x00,0x00,0xE9,0x54,0xA8,0xFF,0xFF,0x49,0x8B,0x4E,0x48,0x4D,0x8B
	.byte 0x5E,0x40,0x4D,0x89,0x5E,0x48,0x4D,0x8B,0x5E,0x30,0x4D,0x89,0x5E,0x40,0x4D,0x8B
	.byte 0x5E,0x28,0x4D,0x89,0x5E,0x30,0xE9,0x15,0x00,0x00,0x00,0x90,0x4D,0x8B,0x56,0x38
	.byte 0x4D,0x8B,0x5E,0x58,0x4D,0x89,0x5E,0x38,0x4D,0x89,0x56,0x58,0x49,0x89,0x56,0x30
	.byte 0x49,0x89,0xF8,0x48,0xD1,0xEF,0x48,0x89,0xF8,0x48,0x89,0xCE,0x48,0xF7,0xE6,0x48
	.byte 0x89,0xCE,0x4C,0x09,0xC1,0x48,0x83,0xE1,0x01,0x48,0x09,0xD1,0x48,0x89,0xC7,0x48
	.byte 0xD1,0xEF,0x48,0x83,0xF9,0x00,0x0F,0x84,0x3A,0x00,0x00,0x00,0x4C,0x89,0xC7,0x49
	.byte 0x89,0x76,0x20,0x4D,0x89,0x46,0x28,0x4D,0x8B,0x56,0x40,0x4D,0x8B,0x5E,0x30,0x4D
	.byte 0x89,0x5E,0x40,0x4D,0x89,0x56,0x30,0x41,0xBB,0x81,0x00,0x00,0x00,0x4D,0x89,0x1E
	.byte 0x48,0x8D,0x05,0x05,0x00,0x00,0x00,0xE9,0xD4,0xA7,0xFF,0xFF,0x49,0x8B,0x4E,0x40
	.byte 0xE9,0x0D,0x00,0x00,0x00,0x90,0x49,0x8B,0x4E,0x30,0x4D,0x8B,0x5E,0x40,0x4D,0x89
	.byte 0x5E,0x30,0x48,0x89,0xF8,0x48,0x83,0xCF,0x08,0x48,0x89,0xFE,0x48,0xC1,0xEE,0x3F
	.byte 0x48,0x09,0xFE,0x48,0xF7,0xC6,0x01,0x00,0x00,0x00,0x0F,0x84,0x2E,0x00,0x00,0x00
	.byte 0xBE,0x08,0x00,0x00,0x00,0x48,0x89,0xC7,0x49,0x89,0x46,0x28,0x49,0x89,0x76,0x40
	.byte 0x41,0xBB,0x82,0x00,0x00,0x00,0x4D,0x89,0x1E,0x48,0x8D,0x05,0x06,0x00,0x00,0x00
	.byte 0xE9,0x85,0xA7,0xFF,0xFF,0x90,0x48,0x89,0xFE,0xE9,0x0C,0x00,0x00,0x00,0x31,0xD2
	.byte 0x48,0xF7,0xF1,0x48,0x89,0xC6,0x48,0xC1,0xE6,0x02,0xBF,0x08,0x00,0x00,0x00,0x48
	.byte 0x01,0xF7,0xB8,0x00,0x00,0x00,0x00,0x40,0x0F,0x90,0xC0,0x48,0x89,0xF2,0x48,0x09
	.byte 0xC2,0x48,0x83,0xCA,0x08,0x48,0xF7,0xC2,0x01,0x00,0x00,0x00,0x0F,0x84,0x2C,0x00
	.byte 0x00,0x00,0xBF,0x08,0x00,0x00,0x00,0x49,0x89,0x7E,0x28,0x49,0x89,0x76,0x40,0x41
	.byte 0xBB,0x83,0x00,0x00,0x00,0x4D,0x89,0x1E,0x48,0x8D,0x05,0x05,0x00,0x00,0x00,0xE9
	.byte 0x0A,0xA7,0xFF,0xFF,0x49,0x89,0x7E,0x40,0xE9,0x05,0x00,0x00,0x00,0x90,0x49,0x89
	.byte 0x7E,0x40,0x49,0x8B,0x45,0xD8,0x49,0x8B,0x7D,0xF8,0x48,0x29,0xF8,0x48,0x83,0xF8
	.byte 0x38,0x0F,0x82,0x21,0x00,0x00,0x00,0x49,0x8B,0x76,0x60,0x49,0x8B,0x4E,0x58,0x4D
	.byte 0x8B,0x4E,0x50,0x4D,0x8B,0x46,0x48,0x49,0x8B,0x46,0x40,0x49,0x8B,0x5E,0x38,0x49
	.byte 0x8B,0x56,0x30,0xE9,0x36,0x00,0x00,0x00,0xBF,0x38,0x00,0x00,0x00,0x41,0xBB,0x84
	.byte 0x00,0x00,0x00,0x4D,0x89,0x1E,0x48,0x8D,0x05,0x05,0x00,0x00,0x00,0xE9,0x36,0x9A
	.byte 0xFF,0xFF,0x49,0x8B,0x76,0x60,0x49,0x8B,0x4E,0x58,0x4D,0x8B,0x4E,0x50,0x4D,0x8B
	.byte 0x46,0x48,0x49,0x8B,0x46,0x40,0x49,0x8B,0x5E,0x38,0x49,0x8B,0x56,0x30,0x49,0x8B
	.byte 0x7D,0xB8,0x48,0x8B,0x7F,0x10,0x48,0xD1,0xE0,0x4C,0x01,0xE0,0x48,0xC1,0xEF,0x09
	.byte 0x48,0x01,0xF8,0x48,0x8B,0x78,0x08,0x49,0x8B,0x45,0xF8,0x49,0xBF,0xF3,0x01,0x00
	.byte 0x00,0x06,0x00,0x00,0x00,0x4C,0x89,0x38,0x48,0x89,0x78,0x08,0x48,0x89,0x50,0x10
	.byte 0x48,0x89,0x48,0x18,0x4C,0x89,0x40,0x20,0x4C,0x89,0x48,0x28,0x48,0x89,0x58,0x30
	.byte 0x48,0x89,0xC7,0x4C,0x29,0xE7,0x48,0xC1,0xE7,0x09,0x48,0x81,0xCF,0xED,0x01,0x00
	.byte 0x00,0x48,0x83,0xC0,0x38,0x49,0x89,0x45,0xF8,0x49,0x83,0xC6,0x68,0xFF,0xE6,0x90
	.byte 0x48,0xA9,0x01,0x00,0x00,0x00,0x0F,0x84,0x1C,0x00,0x00,0x00,0x49,0x89,0x46,0x38
	.byte 0x48,0xC1,0xE8,0x09,0x4C,0x01,0xE0,0x48,0x8B,0x30,0x48,0xC1,0xEE,0x20,0x48,0xC1
	.byte 0xE6,0x02,0xE9,0x07,0x00,0x00,0x00,0x90,0x31,0xF6,0x49,0x89,0x46,0x38,0x48,0xBF
	.byte 0xF4,0xFF,0xFF,0xFF,0xFF,0xFF,0xFF,0xFF,0x48,0x01,0xF7,0xB8,0x00,0x00,0x00,0x00
	.byte 0x40,0x0F,0x90,0xC0,0x48,0x89,0xF2,0x48,0x09,0xC2,0x48,0x83,0xCA,0xF4,0x48,0xF7
	.byte 0xC2,0x01,0x00,0x00,0x00,0x0F,0x84,0x41,0x00,0x00,0x00,0x48,0xBF,0xF4,0xFF,0xFF
	.byte 0xFF,0xFF,0xFF,0xFF,0xFF,0x4D,0x8B,0x5E,0x58,0x4D,0x89,0x5E,0x18,0x49,0x89,0x7E
	.byte 0x58,0x49,0x89,0x76,0x30,0x41,0xBB,0x85,0x00,0x00,0x00,0x4D,0x89,0x1E,0x48,0x8D
	.byte 0x05,0x05,0x00,0x00,0x00,0xE9,0xA4,0xA5,0xFF,0xFF,0x49,0x8B,0x46,0x38,0x49,0x8B
	.byte 0x76,0x40,0x49,0x89,0x7E,0x40,0xE9,0x15,0x00,0x00,0x00,0x90,0x49,0x8B,0x76,0x40
	.byte 0x49,0x89,0x7E,0x40,0x49,0x8B,0x46,0x38,0x4D,0x8B,0x5E,0x58,0x4D,0x89,0x5E,0x18
	.byte 0x49,0x89,0x46,0x58,0x48,0xC1,0xE8,0x09,0x4C,0x01,0xE0,0x48,0x8B,0x50,0x18,0xBF
	.byte 0x0C,0x00,0x00,0x00,0x48,0x01,0xF7,0xB8,0x00,0x00,0x00,0x00,0x40,0x0F,0x90,0xC0
	.byte 0x49,0x89,0x76,0x20,0x48,0x09,0xC6,0x48,0x83,0xCE,0x0C,0x48,0xF7,0xC6,0x01,0x00
	.byte 0x00,0x00,0x0F,0x84,0x40,0x00,0x00,0x00,0xBF,0x0C,0x00,0x00,0x00,0x49,0x8B,0x76
	.byte 0x20,0x49,0x89,0x56,0x10,0x4D,0x8B,0x5E,0x48,0x4D,0x89,0x5E,0x30,0x4D,0x8B,0x5E
	.byte 0x50,0x4D,0x89,0x5E,0x48,0x49,0x89,0x7E,0x50,0x41,0xBB,0x86,0x00,0x00,0x00,0x4D
	.byte 0x89,0x1E,0x48,0x8D,0x05,0x05,0x00,0x00,0x00,0xE9,0x10,0xA5,0xFF,0xFF,0x49,0x8B
	.byte 0x76,0x40,0xE9,0x19,0x00,0x00,0x00,0x90,0x49,0x89,0x56,0x10,0x4D,0x8B,0x5E,0x48
	.byte 0x4D,0x89,0x5E,0x30,0x4D,0x8B,0x5E,0x50,0x4D,0x89,0x5E,0x48,0x49,0x8B,0x76,0x40
	.byte 0x48,0x89,0xF9,0x48,0x01,0xF1,0xB8,0x00,0x00,0x00,0x00,0x40,0x0F,0x90,0xC0,0x48
	.byte 0x89,0xF2,0x48,0x09,0xFA,0x48,0x09,0xC2,0x48,0xF7,0xC2,0x01,0x00,0x00,0x00,0x0F
	.byte 0x84,0x2B,0x00,0x00,0x00,0x49,0x89,0x7E,0x40,0x49,0x89,0x76,0x50,0x41,0xBB,0x87
	.byte 0x00,0x00,0x00,0x4D,0x89,0x1E,0x48,0x8D,0x05,0x05,0x00,0x00,0x00,0xE9,0xAC,0xA4
	.byte 0xFF,0xFF,0x49,0x8B,0x76,0x50,0x49,0x89,0x7E,0x50,0xE9,0x05,0x00,0x00,0x00,0x90
	.byte 0x49,0x89,0x4E,0x50,0xBF,0x08,0x00,0x00,0x00,0x48,0x01,0xF7,0xB8,0x00,0x00,0x00
	.byte 0x00,0x40,0x0F,0x90,0xC0,0x49,0x89,0x76,0x38,0x48,0x09,0xC6,0x48,0x83,0xCE,0x08
	.byte 0x48,0xF7,0xC6,0x01,0x00,0x00,0x00,0x0F,0x84,0x31,0x00,0x00,0x00,0xBF,0x08,0x00
	.byte 0x00,0x00,0x49,0x8B,0x76,0x38,0x49,0x89,0x7E,0x40,0x41,0xBB,0x88,0x00,0x00,0x00
	.byte 0x4D,0x89,0x1E,0x48,0x8D,0x05,0x06,0x00,0x00,0x00,0xE9,0x4F,0xA4,0xFF,0xFF,0x90
	.byte 0x49,0x8B,0x4E,0x50,0x49,0x89,0x7E,0x40,0xE9,0x09,0x00,0x00,0x00,0x90,0x49,0x89
	.byte 0x7E,0x40,0x49,0x8B,0x4E,0x50,0xBA,0x08,0x00,0x00,0x00,0x48,0xBF,0xFC,0xFF,0xFF
	.byte 0xFF,0xFF,0xFF,0xFF,0xFF,0x48,0x01,0xCF,0xB8,0x00,0x00,0x00,0x00,0x40,0x0F,0x90
	.byte 0xC0,0x48,0x89,0xCE,0x48,0x09,0xC6,0x48,0x83,0xCE,0xFC,0x48,0xF7,0xC6,0x01,0x00
	.byte 0x00,0x00,0x0F,0x84,0x38,0x00,0x00,0x00,0x48,0xBF,0xFC,0xFF,0xFF,0xFF,0xFF,0xFF
	.byte 0xFF,0xFF,0x48,0x89,0xCE,0x49,0x89,0x56,0x50,0x49,0x89,0x7E,0x08,0x49,0x89,0x4E
	.byte 0x28,0x41,0xBB,0x89,0x00,0x00,0x00,0x4D,0x89,0x1E,0x48,0x8D,0x05,0x05,0x00,0x00
	.byte 0x00,0xE9,0xD8,0xA3,0xFF,0xFF,0x49,0x8B,0x4E,0x28,0xE9,0x05,0x00,0x00,0x00,0x90
	.byte 0x49,0x89,0x56,0x50,0x48,0x89,0xF8,0x48,0xD1,0xE8,0x48,0x89,0xCE,0x48,0xF7,0xE6
	.byte 0x48,0x89,0xCE,0x48,0x09,0xF9,0x48,0x83,0xE1,0x01,0x48,0x09,0xD1,0x48,0xD1,0xE8
	.byte 0x48,0x83,0xF9,0x00,0x0F,0x84,0x3A,0x00,0x00,0x00,0x49,0x89,0x7E,0x08,0x49,0x89
	.byte 0x76,0x28,0x41,0xBB,0x8A,0x00,0x00,0x00,0x4D,0x89,0x1E,0x48,0x8D,0x05,0x06,0x00
	.byte 0x00,0x00,0xE9,0x99,0xA3,0xFF,0xFF,0x90,0x48,0x89,0xF8,0x49,0x8B,0x4E,0x50,0x4D
	.byte 0x8B,0x5E,0x40,0x4D,0x89,0x5E,0x50,0x4D,0x8B,0x5E,0x38,0x4D,0x89,0x5E,0x40,0xE9
	.byte 0x14,0x00,0x00,0x00,0x49,0x8B,0x4E,0x50,0x4D,0x8B,0x5E,0x40,0x4D,0x89,0x5E,0x50
	.byte 0x4D,0x8B,0x5E,0x38,0x4D,0x89,0x5E,0x40,0x48,0x89,0xC6,0x48,0x83,0xCE,0x08,0x48
	.byte 0x89,0xF7,0x48,0xC1,0xEF,0x3F,0x48,0x09,0xF7,0x48,0xF7,0xC7,0x01,0x00,0x00,0x00
	.byte 0x0F,0x84,0x3A,0x00,0x00,0x00,0xBE,0x08,0x00,0x00,0x00,0x48,0x89,0xC7,0x49,0x89
	.byte 0x76,0x38,0x49,0x89,0x46,0x28,0x41,0xBB,0x8B,0x00,0x00,0x00,0x4D,0x89,0x1E,0x48
	.byte 0x8D,0x05,0x06,0x00,0x00,0x00,0xE9,0x2F,0xA3,0xFF,0xFF,0x90,0x48,0x89,0xFA,0x49
	.byte 0x8B,0x76,0x50,0x4D,0x8B,0x5E,0x40,0x4D,0x89,0x5E,0x50,0xE9,0x18,0x00,0x00,0x00
	.byte 0x31,0xD2,0x48,0xF7,0xF1,0x48,0x89,0xC2,0x48,0xC1,0xE2,0x02,0x49,0x8B,0x76,0x50
	.byte 0x4D,0x8B,0x5E,0x40,0x4D,0x89,0x5E,0x50,0x48,0x89,0xD7,0x48,0x01,0xF7,0xB8,0x00
	.byte 0x00,0x00,0x00,0x40,0x0F,0x90,0xC0,0x48,0x89,0xF1,0x48,0x09,0xD1,0x48,0x09,0xC1
	.byte 0x48,0xF7,0xC1,0x01,0x00,0x00,0x00,0x0F,0x84,0x2B,0x00,0x00,0x00,0x48,0x89,0xD7
	.byte 0x49,0x89,0x56,0x38,0x49,0x89,0x76,0x40,0x41,0xBB,0x8C,0x00,0x00,0x00,0x4D,0x89
	.byte 0x1E,0x48,0x8D,0x05,0x06,0x00,0x00,0x00,0xE9,0xA1,0xA2,0xFF,0xFF,0x90,0x49,0x8B
	.byte 0x76,0x50,0xE9,0x05,0x00,0x00,0x00,0x90,0x49,0x8B,0x76,0x50,0x49,0x8B,0x45,0xB8
	.byte 0x48,0x8B,0x40,0x10,0x48,0xD1,0xE7,0x4C,0x01,0xE7,0x48,0xC1,0xE8,0x09,0x48,0x01
	.byte 0xC7,0x48,0x8B,0x57,0x08,0xBF,0x18,0x00,0x00,0x00,0x48,0x01,0xF7,0xB8,0x00,0x00
	.byte 0x00,0x00,0x40,0x0F,0x90,0xC0,0x49,0x89,0x76,0x28,0x48,0x09,0xC6,0x48,0x83,0xCE
	.byte 0x18,0x48,0xF7,0xC6,0x01,0x00,0x00,0x00,0x0F,0x84,0x2C,0x00,0x00,0x00,0xBF,0x18
	.byte 0x00,0x00,0x00,0x49,0x8B,0x76,0x28,0x49,0x89,0x7E,0x50,0x49,0x89,0x56,0x40,0x41
	.byte 0xBB,0x8D,0x00,0x00,0x00,0x4D,0x89,0x1E,0x48,0x8D,0x05,0x05,0x00,0x00,0x00,0xE9
	.byte 0x2A,0xA2,0xFF,0xFF,0xE9,0x05,0x00,0x00,0x00,0x90,0x49,0x89,0x56,0x40,0xB8,0x0C
	.byte 0x00,0x00,0x00,0x48,0xF7,0xC7,0x01,0x00,0x00,0x00,0x0F,0x84,0x70,0x00,0x00,0x00
	.byte 0x48,0xBF,0xFF,0xFF,0xFF,0xFF,0xFF,0xFF,0xFF,0xFF,0x41,0xBB,0x8E,0x00,0x00,0x00
	.byte 0x4D,0x89,0x1E,0x48,0x8D,0x05,0x06,0x00,0x00,0x00,0xE9,0x79,0x95,0xFF,0xFF,0x90
	.byte 0x45,0x31,0xDB,0x4D,0x89,0x5E,0x20,0x4D,0x8B,0x5E,0x20,0x4D,0x89,0x5E,0x58,0x4D
	.byte 0x8B,0x5E,0x20,0x4D,0x89,0x5E,0x50,0x4D,0x8B,0x5E,0x20,0x4D,0x89,0x5E,0x10,0x4D
	.byte 0x8B,0x5E,0x20,0x4D,0x89,0x5E,0x48,0x4D,0x8B,0x5E,0x20,0x4D,0x89,0x5E,0x30,0x4D
	.byte 0x8B,0x5E,0x20,0x4D,0x89,0x5E,0x40,0x4D,0x8B,0x5E,0x20,0x4D,0x89,0x5E,0x18,0x49
	.byte 0x8B,0x7E,0x20,0x4D,0x8B,0x5E,0x20,0x4D,0x89,0x5E,0x28,0xE9,0x04,0x00,0x00,0x00
	.byte 0x49,0x89,0x46,0x50,0x49,0x89,0x7E,0x38,0x48,0xC1,0xEF,0x02,0x49,0xBA,0x00,0x00
	.byte 0x00,0x00,0x01,0x00,0x00,0x00,0x4C,0x39,0xD7,0x0F,0x82,0x0F,0x00,0x00,0x00,0x48
	.byte 0xBF,0xFF,0xFF,0xFF,0xFF,0xFF,0xFF,0xFF,0xFF,0xE9,0x08,0x00,0x00,0x00,0x48,0x83
	.byte 0xC7,0x01,0x48,0xC1,0xE7,0x03,0x49,0x8B,0x45,0xD8,0x49,0x8B,0x75,0xF8,0x48,0x29
	.byte 0xF0,0x48,0x39,0xF8,0x0F,0x82,0x2A,0x00,0x00,0x00,0x49,0x8B,0x5E,0x58,0x4D,0x8B
	.byte 0x4E,0x50,0x4D,0x8B,0x5E,0x48,0x4D,0x89,0x5E,0x58,0x4D,0x8B,0x7E,0x40,0x49,0x8B
	.byte 0x46,0x38,0x4D,0x8B,0x46,0x28,0x4D,0x8B,0x5E,0x20,0x4D,0x89,0x5E,0x40,0xE9,0x3B
	.byte 0x00,0x00,0x00,0x90,0x41,0xBB,0x8F,0x00,0x00,0x00,0x4D,0x89,0x1E,0x48,0x8D,0x05
	.byte 0x06,0x00,0x00,0x00,0xE9,0x9F,0x94,0xFF,0xFF,0x90,0x49,0x8B,0x5E,0x58,0x4D,0x8B
	.byte 0x4E,0x50,0x4D,0x8B,0x5E,0x48,0x4D,0x89,0x5E,0x58,0x4D,0x8B,0x7E,0x40,0x49,0x8B
	.byte 0x46,0x38,0x4D,0x8B,0x46,0x28,0x4D,0x8B,0x5E,0x20,0x4D,0x89,0x5E,0x40,0x49,0x8B
	.byte 0x7D,0xF8,0x48,0x89,0xC6,0x48,0xC1,0xE6,0x1E,0x48,0x81,0xCE,0xF3,0x01,0x00,0x00
	.byte 0x48,0x89,0xC2,0x49,0x89,0x46,0x50,0x48,0xC1,0xEA,0x02,0x48,0x89,0xF8,0x48,0x89
	.byte 0x30,0x48,0x89,0xC6,0x4C,0x89,0x7E,0x08,0x4D,0x8B,0x56,0x40,0x4C,0x89,0x56,0x10
	.byte 0x4D,0x8B,0x56,0x10,0x4C,0x89,0x56,0x18,0x4D,0x8B,0x56,0x30,0x4C,0x89,0x56,0x20
	.byte 0x4D,0x8B,0x56,0x58,0x4C,0x89,0x56,0x28,0x4D,0x8B,0x56,0x18,0x4C,0x89,0x56,0x30
	.byte 0x49,0x8B,0x7D,0xF8,0x4C,0x29,0xE7,0x48,0xC1,0xE7,0x09,0x48,0x83,0xCF,0x01,0x48
	.byte 0x81,0xCF,0xE0,0x01,0x00,0x00,0x48,0x83,0xFA,0x0F,0x0F,0x82,0x10,0x00,0x00,0x00
	.byte 0x48,0x83,0xCF,0x1E,0x48,0x89,0xD0,0x48,0x89,0xF9,0xE9,0x11,0x00,0x00,0x00,0x90
	.byte 0x48,0x89,0xD0,0x48,0xD1,0xE0,0x48,0x09,0xF8,0x48,0x89,0xC1,0x48,0x89,0xD0,0x90
	.byte 0x48,0xC1,0xE0,0x03,0x48,0x89,0xF7,0x48,0x01,0xF8,0x48,0x83,0xC0,0x08,0x49,0x89
	.byte 0x45,0xF8,0x48,0x89,0xFA,0x4C,0x89,0xC7,0x48,0x83,0xC2,0x38,0x4C,0x89,0xCE,0x4D
	.byte 0x89,0x4E,0x38,0x48,0xD1,0xE6,0x4C,0x01,0xE6,0x48,0x89,0xD8,0x49,0x89,0x5E,0x20
	.byte 0x48,0xC1,0xE8,0x09,0x48,0x01,0xC6,0x48,0x83,0xC6,0x08,0x48,0x85,0xFF,0x0F,0x84
	.byte 0x28,0x00,0x00,0x00,0x4D,0x89,0x7E,0x48,0x49,0x89,0x7E,0x28,0x41,0xBB,0x90,0x00
	.byte 0x00,0x00,0x4D,0x89,0x1E,0x48,0x8D,0x05,0x06,0x00,0x00,0x00,0xE9,0xD7,0xA5,0xFF
	.byte 0xFF,0x90,0x49,0x8B,0x46,0x60,0xE9,0x09,0x00,0x00,0x00,0x90,0x49,0x8B,0x46,0x60
	.byte 0x48,0x89,0xCF,0x90,0x49,0x83,0xC6,0x68,0xFF,0xE0,0x49,0x83,0xEE,0x70,0x4D,0x39
	.byte 0xEE,0x0F,0x82,0x55,0x93,0xFF,0xFF,0x90,0x49,0x89,0x56,0x40,0x48,0x89,0xC2,0x4C
	.byte 0x89,0xC0,0x4D,0x89,0xC7,0x48,0x89,0xFB,0x49,0x89,0xF0,0x48,0xC1,0xE8,0x09,0x4C
	.byte 0x01,0xE0,0x48,0x8B,0x70,0x10,0x49,0xB9,0xF0,0xFF,0xFF,0xFF,0xFF,0xFF,0xFF,0xFF
	.byte 0x49,0x01,0xF1,0xB8,0x00,0x00,0x00,0x00,0x40,0x0F,0x90,0xC0,0x48,0x89,0xF7,0x48
	.byte 0x09,0xC7,0x48,0x83,0xCF,0xF0,0x48,0xF7,0xC7,0x01,0x00,0x00,0x00,0x0F,0x84,0x41
	.byte 0x00,0x00,0x00,0x48,0xBF,0xF0,0xFF,0xFF,0xFF,0xFF,0xFF,0xFF,0xFF,0x49,0x89,0x56
	.byte 0x68,0x49,0x89,0x4E,0x60,0x4D,0x89,0x46,0x58,0x49,0x89,0x76,0x30,0x49,0x89,0x5E
	.byte 0x50,0x4D,0x89,0x7E,0x48,0x49,0x89,0x7E,0x38,0x41,0xBB,0x91,0x00,0x00,0x00,0x4D
	.byte 0x89,0x1E,0x48,0x8D,0x05,0x05,0x00,0x00,0x00,0xE9,0x50,0x9F,0xFF,0xFF,0xE9,0x19
	.byte 0x00,0x00,0x00,0x90,0x4C,0x89,0xCF,0x49,0x89,0x56,0x68,0x49,0x89,0x4E,0x60,0x4D
	.byte 0x89,0x46,0x58,0x49,0x89,0x5E,0x50,0x4D,0x89,0x7E,0x48,0x90,0x31,0xD2,0x31,0xC0
	.byte 0x48,0xF7,0xC7,0x01,0x00,0x00,0x00,0x0F,0x84,0x3D,0x00,0x00,0x00,0x31,0xF6,0x4D
	.byte 0x8B,0x5E,0x40,0x4D,0x89,0x5E,0x38,0x49,0x89,0x7E,0x40,0x49,0x89,0x56,0x30,0x41
	.byte 0xBB,0x92,0x00,0x00,0x00,0x4D,0x89,0x1E,0x48,0x8D,0x05,0x05,0x00,0x00,0x00,0xE9
	.byte 0x72,0x9F,0xFF,0xFF,0x49,0x8B,0x76,0x48,0x4D,0x8B,0x5E,0x38,0x4D,0x89,0x5E,0x48
	.byte 0xB8,0x01,0x00,0x00,0x00,0xE9,0x10,0x00,0x00,0x00,0x49,0x8B,0x76,0x48,0x4D,0x8B
	.byte 0x5E,0x40,0x4D,0x89,0x5E,0x48,0x49,0x89,0x7E,0x40,0x48,0x39,0xC7,0x0F,0x8D,0x9F
	.byte 0x05,0x00,0x00,0x48,0x89,0xF0,0x48,0xC1,0xEE,0x09,0x4C,0x01,0xE6,0x48,0x8B,0x7E
	.byte 0x10,0x48,0x83,0xFF,0x14,0x0F,0x8D,0x6D,0x02,0x00,0x00,0x48,0x83,0xFF,0x08,0x0F
	.byte 0x8D,0x05,0x01,0x00,0x00,0x48,0x83,0xFF,0x04,0x0F,0x8D,0x8B,0x00,0x00,0x00,0x48
	.byte 0x89,0xC6,0x48,0xC1,0xE8,0x09,0x4C,0x01,0xE0,0x48,0x8B,0x50,0x08,0x49,0x8B,0x7E
	.byte 0x60,0x4D,0x8B,0x5E,0x58,0x4D,0x89,0x5E,0x60,0x4D,0x8B,0x5E,0x50,0x4D,0x89,0x5E
	.byte 0x58,0x4D,0x8B,0x5E,0x48,0x4D,0x89,0x5E,0x50,0x41,0xBB,0x93,0x00,0x00,0x00,0x4D
	.byte 0x89,0x1E,0x48,0x8D,0x05,0x03,0x00,0x00,0x00,0xFF,0xE2,0x90,0x49,0x89,0xF8,0x49
	.byte 0x8B,0x46,0x68,0x49,0x8B,0x76,0x60,0x49,0x8B,0x7E,0x58,0x49,0x8B,0x56,0x50,0x4C
	.byte 0x89,0xC1,0x49,0xC1,0xE8,0x09,0x4D,0x01,0xE0,0x4D,0x8B,0x40,0x10,0x49,0x83,0xF8
	.byte 0x08,0x0F,0x85,0x19,0x00,0x00,0x00,0x49,0x89,0xC9,0x48,0xC1,0xE9,0x09,0x4C,0x01
	.byte 0xE1,0x4C,0x8B,0x41,0x08,0x4C,0x89,0xC9,0x49,0x83,0xC6,0x70,0x41,0xFF,0xE0,0x90
	.byte 0x49,0x83,0xC6,0x08,0xE9,0x7B,0xEE,0xFF,0xFF,0x90,0x48,0x89,0xC2,0x48,0xC1,0xE8
	.byte 0x09,0x4C,0x01,0xE0,0x48,0x8B,0x48,0x08,0x49,0x8B,0x7E,0x48,0x49,0x8B,0x76,0x60
	.byte 0x41,0xBB,0x94,0x00,0x00,0x00,0x4D,0x89,0x1E,0x48,0x8D,0x05,0x02,0x00,0x00,0x00
	.byte 0xFF,0xE1,0x49,0x8B,0x46,0x68,0x49,0x8B,0x76,0x58,0x4D,0x8B,0x46,0x50,0x48,0x89
	.byte 0xFA,0x48,0xC1,0xEF,0x09,0x4C,0x01,0xE7,0x48,0x8B,0x7F,0x10,0x48,0x83,0xFF,0x04
	.byte 0x0F,0x85,0x18,0x00,0x00,0x00,0x48,0x89,0xD7,0x48,0xC1,0xEF,0x09,0x4C,0x01,0xE7
	.byte 0x48,0x8B,0x4F,0x08,0x4C,0x89,0xC7,0x49,0x83,0xC6,0x70,0xFF,0xE1,0x90,0x4C,0x89
	.byte 0xC7,0x49,0x83,0xC6,0x10,0xE9,0xCA,0xDE,0xFF,0xFF,0x48,0x83,0xFF,0x0C,0x0F,0x8D
	.byte 0x70,0x00,0x00,0x00,0x48,0x89,0xC1,0x48,0xC1,0xE8,0x09,0x4C,0x01,0xE0,0x4C,0x8B
	.byte 0x40,0x08,0x49,0x8B,0x7E,0x58,0x49,0x8B,0x76,0x48,0x49,0x8B,0x56,0x60,0x41,0xBB
	.byte 0x95,0x00,0x00,0x00,0x4D,0x89,0x1E,0x48,0x8D,0x05,0x04,0x00,0x00,0x00,0x41,0xFF
	.byte 0xE0,0x90,0x48,0x89,0xFA,0x49,0x8B,0x46,0x68,0x49,0x8B,0x7E,0x50,0x48,0x89,0xD6
	.byte 0x48,0xC1,0xEA,0x09,0x4C,0x01,0xE2,0x48,0x8B,0x52,0x10,0x48,0x83,0xFA,0x00,0x0F
	.byte 0x85,0x15,0x00,0x00,0x00,0x48,0x89,0xF2,0x48,0xC1,0xEA,0x09,0x4C,0x01,0xE2,0x48
	.byte 0x8B,0x52,0x08,0x49,0x83,0xC6,0x70,0xFF,0xE2,0x90,0x49,0x83,0xC6,0x20,0xE9,0x57
	.byte 0xD0,0xFF,0xFF,0x90,0x48,0x83,0xFF,0x10,0x0F,0x8D,0x6C,0x00,0x00,0x00,0x49,0x89
	.byte 0xC0,0x48,0xC1,0xE8,0x09,0x4C,0x01,0xE0,0x4C,0x8B,0x48,0x08,0x49,0x8B,0x7E,0x50
	.byte 0x49,0x8B,0x76,0x58,0x49,0x8B,0x56,0x48,0x49,0x8B,0x4E,0x60,0x41,0xBB,0x96,0x00
	.byte 0x00,0x00,0x4D,0x89,0x1E,0x48,0x8D,0x05,0x04,0x00,0x00,0x00,0x41,0xFF,0xE1,0x90
	.byte 0x49,0x8B,0x46,0x68,0x48,0x89,0xFE,0x48,0xC1,0xEE,0x09,0x4C,0x01,0xE6,0x48,0x8B
	.byte 0x76,0x10,0x48,0x83,0xFE,0x00,0x0F,0x85,0x14,0x00,0x00,0x00,0x48,0x89,0xFE,0x48
	.byte 0xC1,0xEE,0x09,0x4C,0x01,0xE6,0x48,0x8B,0x76,0x08,0x49,0x83,0xC6,0x70,0xFF,0xE6
	.byte 0x49,0x83,0xC6,0x20,0xE9,0xE1,0xCF,0xFF,0xFF,0x90,0x49,0x89,0xC1,0x48,0xC1,0xE8
	.byte 0x09,0x4C,0x01,0xE0,0x48,0x8B,0x58,0x08,0x49,0x8B,0x7E,0x40,0x49,0x8B,0x76,0x50
	.byte 0x49,0x8B,0x56,0x58,0x49,0x8B,0x4E,0x48,0x4D,0x8B,0x46,0x60,0x41,0xBB,0x97,0x00
	.byte 0x00,0x00,0x4D,0x89,0x1E,0x48,0x8D,0x05,0x02,0x00,0x00,0x00,0xFF,0xE3,0x49,0x8B
	.byte 0x46,0x68,0x48,0x89,0xFE,0x48,0xC1,0xEE,0x09,0x4C,0x01,0xE6,0x48,0x8B,0x76,0x10
	.byte 0x48,0x83,0xFE,0x00,0x0F,0x85,0x14,0x00,0x00,0x00,0x48,0x89,0xFE,0x48,0xC1,0xEE
	.byte 0x09,0x4C,0x01,0xE6,0x48,0x8B,0x76,0x08,0x49,0x83,0xC6,0x70,0xFF,0xE6,0x49,0x83
	.byte 0xC6,0x20,0xE9,0x73,0xCF,0xFF,0xFF,0x90,0x48,0x83,0xFF,0x1C,0x0F,0x8D,0xFC,0x00
	.byte 0x00,0x00,0x48,0x83,0xFF,0x18,0x0F,0x8D,0x70,0x00,0x00,0x00,0x48,0x89,0xC3,0x48
	.byte 0xC1,0xE8,0x09,0x4C,0x01,0xE0,0x4C,0x8B,0x78,0x08,0x49,0x8B,0x76,0x40,0x49,0x8B
	.byte 0x56,0x50,0x49,0x8B,0x4E,0x58,0x4D,0x8B,0x46,0x48,0x4D,0x8B,0x4E,0x60,0x41,0xBB
	.byte 0x98,0x00,0x00,0x00,0x4D,0x89,0x1E,0x48,0x8D,0x05,0x04,0x00,0x00,0x00,0x41,0xFF
	.byte 0xE7,0x90,0x49,0x8B,0x46,0x68,0x48,0x89,0xFE,0x48,0xC1,0xEE,0x09,0x4C,0x01,0xE6
	.byte 0x48,0x8B,0x76,0x10,0x48,0x83,0xFE,0x00,0x0F,0x85,0x14,0x00,0x00,0x00,0x48,0x89
	.byte 0xFE,0x48,0xC1,0xEE,0x09,0x4C,0x01,0xE6,0x48,0x8B,0x76,0x08,0x49,0x83,0xC6,0x70
	.byte 0xFF,0xE6,0x49,0x83,0xC6,0x20,0xE9,0xEF,0xCE,0xFF,0xFF,0x90,0x49,0x89,0xC7,0x48
	.byte 0xC1,0xE8,0x09,0x4C,0x01,0xE0,0x48,0x8B,0x40,0x08,0x48,0x89,0xFE,0x49,0x8B,0x56
	.byte 0x40,0x49,0x8B,0x4E,0x50,0x4D,0x8B,0x46,0x58,0x4D,0x8B,0x4E,0x48,0x49,0x8B,0x5E
	.byte 0x60,0x4D,0x8B,0x5E,0x68,0x4D,0x89,0x5E,0x60,0x49,0x89,0x46,0x68,0x4D,0x8B,0x56
	.byte 0x68,0x41,0xBB,0x99,0x00,0x00,0x00,0x4D,0x89,0x1E,0x48,0x8D,0x05,0x03,0x00,0x00
	.byte 0x00,0x41,0xFF,0xE2,0x49,0x8B,0x46,0x60,0x48,0x89,0xFE,0x48,0xC1,0xEE,0x09,0x4C
	.byte 0x01,0xE6,0x48,0x8B,0x76,0x10,0x48,0x83,0xFE,0x00,0x0F,0x85,0x14,0x00,0x00,0x00
	.byte 0x48,0x89,0xFE,0x48,0xC1,0xEE,0x09,0x4C,0x01,0xE6,0x48,0x8B,0x76,0x08,0x49,0x83
	.byte 0xC6,0x70,0xFF,0xE6,0x49,0x83,0xC6,0x20,0xE9,0x6D,0xCE,0xFF,0xFF,0x90,0x48,0x83
	.byte 0xFF,0x20,0x0F,0x8D,0x9E,0x00,0x00,0x00,0x48,0x89,0xC6,0x48,0xC1,0xE8,0x09,0x4C
	.byte 0x01,0xE0,0x48,0x8B,0x40,0x08,0x4D,0x8B,0x4E,0x58,0x4D,0x8B,0x5E,0x68,0x4D,0x89
	.byte 0x5E,0x58,0x49,0x89,0x76,0x68,0x48,0x89,0xFE,0x48,0x89,0xFA,0x49,0x8B,0x4E,0x40
	.byte 0x4D,0x8B,0x46,0x50,0x49,0x8B,0x5E,0x48,0x4D,0x8B,0x7E,0x60,0x49,0x89,0x46,0x60
	.byte 0x4D,0x8B,0x56,0x60,0x41,0xBB,0x9A,0x00,0x00,0x00,0x4D,0x89,0x1E,0x49,0x83,0xEE
	.byte 0x08,0x4D,0x39,0xEE,0x0F,0x82,0x62,0x8E,0xFF,0xFF,0x4D,0x8B,0x5E,0x70,0x4D,0x89
	.byte 0x1E,0x48,0x8D,0x05,0x04,0x00,0x00,0x00,0x41,0xFF,0xE2,0x90,0x49,0x8B,0x46,0x58
	.byte 0x48,0x89,0xFE,0x48,0xC1,0xEE,0x09,0x4C,0x01,0xE6,0x48,0x8B,0x76,0x10,0x48,0x83
	.byte 0xFE,0x00,0x0F,0x85,0x14,0x00,0x00,0x00,0x48,0x89,0xFE,0x48,0xC1,0xEE,0x09,0x4C
	.byte 0x01,0xE6,0x48,0x8B,0x76,0x08,0x49,0x83,0xC6,0x70,0xFF,0xE6,0x49,0x83,0xC6,0x20
	.byte 0xE9,0xC5,0xCD,0xFF,0xFF,0x90,0x48,0x83,0xFF,0x24,0x0F,0x8D,0xAC,0x00,0x00,0x00
	.byte 0x48,0x89,0xC6,0x48,0xC1,0xE8,0x09,0x4C,0x01,0xE0,0x48,0x8B,0x40,0x08,0x4D,0x8B
	.byte 0x4E,0x50,0x4D,0x8B,0x5E,0x68,0x4D,0x89,0x5E,0x50,0x4D,0x8B,0x5E,0x60,0x4D,0x89
	.byte 0x5E,0x68,0x49,0x89,0x76,0x60,0x48,0x89,0xFE,0x48,0x89,0xFA,0x48,0x89,0xF9,0x4D
	.byte 0x8B,0x46,0x40,0x49,0x8B,0x5E,0x58,0x4D,0x8B,0x7E,0x48,0x49,0x89,0x46,0x58,0x4D
	.byte 0x8B,0x56,0x58,0x41,0xBB,0x9B,0x00,0x00,0x00,0x4D,0x89,0x1E,0x49,0x83,0xEE,0x10
	.byte 0x4D,0x39,0xEE,0x0F,0x82,0xB3,0x8D,0xFF,0xFF,0x4D,0x8B,0x5E,0x78,0x4D,0x89,0x5E
	.byte 0x08,0x4D,0x8B,0x5E,0x70,0x4D,0x89,0x1E,0x48,0x8D,0x05,0x03,0x00,0x00,0x00,0x41
	.byte 0xFF,0xE2,0x49,0x8B,0x46,0x50,0x48,0x89,0xFE,0x48,0xC1,0xEE,0x09,0x4C,0x01,0xE6
	.byte 0x48,0x8B,0x76,0x10,0x48,0x83,0xFE,0x00,0x0F,0x85,0x14,0x00,0x00,0x00,0x48,0x89
	.byte 0xFE,0x48,0xC1,0xEE,0x09,0x4C,0x01,0xE6,0x48,0x8B,0x76,0x08,0x49,0x83,0xC6,0x70
	.byte 0xFF,0xE6,0x49,0x83,0xC6,0x20,0xE9,0x0F,0xCD,0xFF,0xFF,0x90,0x48,0x89,0xC6,0x48
	.byte 0xC1,0xE8,0x09,0x4C,0x01,0xE0,0x48,0x8B,0x40,0x08,0x4D,0x8B,0x7E,0x58,0x49,0x89
	.byte 0x76,0x58,0x48,0x89,0xFE,0x48,0x89,0xFA,0x48,0x89,0xF9,0x49,0x89,0xF8,0x4D,0x8B
	.byte 0x4E,0x40,0x49,0x8B,0x5E,0x50,0x4D,0x8B,0x56,0x48,0x4D,0x8B,0x5E,0x68,0x4D,0x89
	.byte 0x5E,0x48,0x4D,0x89,0x56,0x68,0x49,0x89,0x46,0x50,0x4D,0x8B,0x56,0x50,0x41,0xBB
	.byte 0x9C,0x00,0x00,0x00,0x4D,0x89,0x1E,0x49,0x83,0xEE,0x18,0x4D,0x39,0xEE,0x0F,0x82
	.byte 0x08,0x8D,0xFF,0xFF,0x4D,0x8B,0x9E,0x80,0x00,0x00,0x00,0x4D,0x89,0x5E,0x10,0x4D
	.byte 0x8B,0x5E,0x78,0x4D,0x89,0x5E,0x08,0x4D,0x8B,0x5E,0x70,0x4D,0x89,0x1E,0x48,0x8D
	.byte 0x05,0x03,0x00,0x00,0x00,0x41,0xFF,0xE2,0x49,0x8B,0x46,0x48,0x48,0x89,0xFE,0x48
	.byte 0xC1,0xEE,0x09,0x4C,0x01,0xE6,0x48,0x8B,0x76,0x10,0x48,0x83,0xFE,0x00,0x0F,0x85
	.byte 0x14,0x00,0x00,0x00,0x48,0x89,0xFE,0x48,0xC1,0xEE,0x09,0x4C,0x01,0xE6,0x48,0x8B
	.byte 0x76,0x08,0x49,0x83,0xC6,0x70,0xFF,0xE6,0x49,0x83,0xC6,0x20,0xE9,0x59,0xCC,0xFF
	.byte 0xFF,0x90,0x48,0xF7,0xC6,0x01,0x00,0x00,0x00,0x0F,0x84,0x1F,0x00,0x00,0x00,0x48
	.byte 0x89,0xF0,0x48,0xC1,0xEE,0x09,0x4C,0x01,0xE6,0x48,0x8B,0x36,0x48,0xBF,0xFE,0xFF
	.byte 0xFF,0xFF,0x00,0x00,0x00,0x00,0x48,0x21,0xFE,0xE9,0x04,0x00,0x00,0x00,0x48,0x89
	.byte 0xF0,0x90,0x48,0x81,0xFE,0xE2,0x01,0x00,0x00,0x0F,0x85,0xBD,0x02,0x00,0x00,0x49
	.byte 0x89,0x46,0x38,0x48,0xC1,0xE8,0x09,0x4C,0x01,0xE0,0x48,0x8B,0x48,0x10,0xBA,0x08
	.byte 0x00,0x00,0x00,0x48,0xBF,0xFC,0xFF,0xFF,0xFF,0xFF,0xFF,0xFF,0xFF,0x48,0x01,0xCF
	.byte 0xB8,0x00,0x00,0x00,0x00,0x40,0x0F,0x90,0xC0,0x48,0x89,0xCE,0x48,0x09,0xC6,0x48
	.byte 0x83,0xCE,0xFC,0x48,0xF7,0xC6,0x01,0x00,0x00,0x00,0x0F,0x84,0x58,0x00,0x00,0x00
	.byte 0x48,0xBF,0xFC,0xFF,0xFF,0xFF,0xFF,0xFF,0xFF,0xFF,0x48,0x89,0xCE,0x4D,0x8B,0x5E
	.byte 0x48,0x4D,0x89,0x5E,0x30,0x4D,0x8B,0x5E,0x50,0x4D,0x89,0x5E,0x48,0x4D,0x8B,0x5E
	.byte 0x58,0x4D,0x89,0x5E,0x50,0x4D,0x8B,0x5E,0x60,0x4D,0x89,0x5E,0x58,0x49,0x89,0x56
	.byte 0x60,0x49,0x89,0x7E,0x20,0x49,0x89,0x4E,0x28,0x41,0xBB,0x9D,0x00,0x00,0x00,0x4D
	.byte 0x89,0x1E,0x48,0x8D,0x05,0x05,0x00,0x00,0x00,0xE9,0x60,0x98,0xFF,0xFF,0x49,0x8B
	.byte 0x4E,0x28,0xE9,0x25,0x00,0x00,0x00,0x90,0x4D,0x8B,0x5E,0x48,0x4D,0x89,0x5E,0x30
	.byte 0x4D,0x8B,0x5E,0x50,0x4D,0x89,0x5E,0x48,0x4D,0x8B,0x5E,0x58,0x4D,0x89,0x5E,0x50
	.byte 0x4D,0x8B,0x5E,0x60,0x4D,0x89,0x5E,0x58,0x49,0x89,0x56,0x60,0x49,0x89,0xF8,0x48
	.byte 0xD1,0xEF,0x48,0x89,0xF8,0x48,0x89,0xCE,0x48,0xF7,0xE6,0x48,0x89,0xCE,0x4C,0x09
	.byte 0xC1,0x48,0x83,0xE1,0x01,0x48,0x09,0xD1,0x48,0x89,0xC7,0x48,0xD1,0xEF,0x48,0x83
	.byte 0xF9,0x00,0x0F,0x84,0x3A,0x00,0x00,0x00,0x4C,0x89,0xC7,0x4D,0x89,0x46,0x20,0x49
	.byte 0x89,0x76,0x28,0x41,0xBB,0x9E,0x00,0x00,0x00,0x4D,0x89,0x1E,0x48,0x8D,0x05,0x05
	.byte 0x00,0x00,0x00,0xE9,0xF8,0x97,0xFF,0xFF,0x49,0x8B,0x4E,0x60,0x4D,0x8B,0x5E,0x40
	.byte 0x4D,0x89,0x5E,0x60,0x4D,0x8B,0x5E,0x48,0x4D,0x89,0x5E,0x40,0xE9,0x15,0x00,0x00
	.byte 0x00,0x90,0x49,0x8B,0x4E,0x60,0x4D,0x8B,0x5E,0x40,0x4D,0x89,0x5E,0x60,0x4D,0x8B
	.byte 0x5E,0x48,0x4D,0x89,0x5E,0x40,0x48,0x89,0xF8,0x48,0x83,0xCF,0x08,0x48,0x89,0xFE
	.byte 0x48,0xC1,0xEE,0x3F,0x48,0x09,0xFE,0x48,0xF7,0xC6,0x01,0x00,0x00,0x00,0x0F,0x84
	.byte 0x2E,0x00,0x00,0x00,0xBE,0x08,0x00,0x00,0x00,0x48,0x89,0xC7,0x49,0x89,0x76,0x48
	.byte 0x49,0x89,0x46,0x28,0x41,0xBB,0x9F,0x00,0x00,0x00,0x4D,0x89,0x1E,0x48,0x8D,0x05
	.byte 0x06,0x00,0x00,0x00,0xE9,0x91,0x97,0xFF,0xFF,0x90,0x48,0x89,0xFE,0xE9,0x0C,0x00
	.byte 0x00,0x00,0x31,0xD2,0x48,0xF7,0xF1,0x48,0x89,0xC6,0x48,0xC1,0xE6,0x02,0xBF,0x0C
	.byte 0x00,0x00,0x00,0x48,0x01,0xF7,0xB8,0x00,0x00,0x00,0x00,0x40,0x0F,0x90,0xC0,0x48
	.byte 0x89,0xF2,0x48,0x09,0xC2,0x48,0x83,0xCA,0x0C,0x48,0xF7,0xC2,0x01,0x00,0x00,0x00
	.byte 0x0F,0x84,0x2C,0x00,0x00,0x00,0xBF,0x0C,0x00,0x00,0x00,0x49,0x89,0x76,0x48,0x49
	.byte 0x89,0x7E,0x28,0x41,0xBB,0xA0,0x00,0x00,0x00,0x4D,0x89,0x1E,0x48,0x8D,0x05,0x05
	.byte 0x00,0x00,0x00,0xE9,0x16,0x97,0xFF,0xFF,0x49,0x89,0x7E,0x48,0xE9,0x05,0x00,0x00
	.byte 0x00,0x90,0x49,0x89,0x7E,0x48,0x49,0x8B,0x45,0xD8,0x49,0x8B,0x7D,0xF8,0x48,0x29
	.byte 0xF8,0x48,0x83,0xF8,0x40,0x0F,0x82,0x21,0x00,0x00,0x00,0x49,0x8B,0x56,0x60,0x49
	.byte 0x8B,0x4E,0x58,0x49,0x8B,0x5E,0x50,0x49,0x8B,0x46,0x48,0x4D,0x8B,0x4E,0x40,0x4D
	.byte 0x8B,0x46,0x38,0x4D,0x8B,0x7E,0x30,0xE9,0x36,0x00,0x00,0x00,0xBF,0x40,0x00,0x00
	.byte 0x00,0x41,0xBB,0xA1,0x00,0x00,0x00,0x4D,0x89,0x1E,0x48,0x8D,0x05,0x05,0x00,0x00
	.byte 0x00,0xE9,0x42,0x8A,0xFF,0xFF,0x49,0x8B,0x56,0x60,0x49,0x8B,0x4E,0x58,0x49,0x8B
	.byte 0x5E,0x50,0x49,0x8B,0x46,0x48,0x4D,0x8B,0x4E,0x40,0x4D,0x8B,0x46,0x38,0x4D,0x8B
	.byte 0x7E,0x30,0x49,0x8B,0x7D,0xB8,0x48,0x8B,0x7F,0x10,0x48,0xD1,0xE0,0x4C,0x01,0xE0
	.byte 0x48,0xC1,0xEF,0x09,0x48,0x01,0xF8,0x48,0x8B,0x78,0x08,0x49,0x8B,0x45,0xF8,0x48
	.byte 0xBE,0xF3,0x01,0x00,0x00,0x07,0x00,0x00,0x00,0x48,0x89,0x30,0x48,0x89,0x78,0x08
	.byte 0x48,0x89,0x50,0x10,0x4C,0x89,0x40,0x18,0x4C,0x89,0x48,0x20,0x48,0x89,0x58,0x28
	.byte 0x4C,0x89,0x78,0x30,0x48,0x89,0x48,0x38,0x48,0x89,0xC7,0x4C,0x29,0xE7,0x48,0xC1
	.byte 0xE7,0x09,0x48,0x81,0xCF,0xEF,0x01,0x00,0x00,0x48,0x83,0xC0,0x40,0x49,0x89,0x45
	.byte 0xF8,0x4D,0x8B,0x5E,0x68,0x49,0x83,0xC6,0x70,0x41,0xFF,0xE3,0x48,0xA9,0x01,0x00
	.byte 0x00,0x00,0x0F,0x84,0x1C,0x00,0x00,0x00,0x49,0x89,0x46,0x38,0x48,0xC1,0xE8,0x09
	.byte 0x4C,0x01,0xE0,0x48,0x8B,0x30,0x48,0xC1,0xEE,0x20,0x48,0xC1,0xE6,0x02,0xE9,0x07
	.byte 0x00,0x00,0x00,0x90,0x31,0xF6,0x49,0x89,0x46,0x38,0x48,0xBF,0xF4,0xFF,0xFF,0xFF
	.byte 0xFF,0xFF,0xFF,0xFF,0x48,0x01,0xF7,0xB8,0x00,0x00,0x00,0x00,0x40,0x0F,0x90,0xC0
	.byte 0x48,0x89,0xF2,0x48,0x09,0xC2,0x48,0x83,0xCA,0xF4,0x48,0xF7,0xC2,0x01,0x00,0x00
	.byte 0x00,0x0F,0x84,0x49,0x00,0x00,0x00,0x48,0xBF,0xF4,0xFF,0xFF,0xFF,0xFF,0xFF,0xFF
	.byte 0xFF,0x4D,0x8B,0x5E,0x48,0x4D,0x89,0x5E,0x28,0x4D,0x8B,0x5E,0x58,0x4D,0x89,0x5E
	.byte 0x48,0x49,0x89,0x76,0x30,0x49,0x89,0x7E,0x58,0x41,0xBB,0xA2,0x00,0x00,0x00,0x4D
	.byte 0x89,0x1E,0x48,0x8D,0x05,0x05,0x00,0x00,0x00,0xE9,0xA0,0x95,0xFF,0xFF,0x49,0x8B
	.byte 0x76,0x40,0x49,0x8B,0x46,0x38,0x49,0x89,0x7E,0x58,0xE9,0x1D,0x00,0x00,0x00,0x90
	.byte 0x4D,0x8B,0x5E,0x48,0x4D,0x89,0x5E,0x28,0x4D,0x8B,0x5E,0x58,0x4D,0x89,0x5E,0x48
	.byte 0x49,0x89,0x7E,0x58,0x49,0x8B,0x76,0x40,0x49,0x8B,0x46,0x38,0x49,0x89,0x46,0x40
	.byte 0x48,0xC1,0xE8,0x09,0x4C,0x01,0xE0,0x48,0x8B,0x50,0x18,0xBF,0x10,0x00,0x00,0x00
	.byte 0x48,0x01,0xF7,0xB8,0x00,0x00,0x00,0x00,0x40,0x0F,0x90,0xC0,0x49,0x89,0x76,0x38
	.byte 0x48,0x09,0xC6,0x48,0x83,0xCE,0x10,0x48,0xF7,0xC6,0x01,0x00,0x00,0x00,0x0F,0x84
	.byte 0x38,0x00,0x00,0x00,0xBF,0x10,0x00,0x00,0x00,0x49,0x8B,0x76,0x38,0x4D,0x8B,0x5E
	.byte 0x60,0x4D,0x89,0x5E,0x10,0x49,0x89,0x7E,0x60,0x49,0x89,0x56,0x18,0x41,0xBB,0xA3
	.byte 0x00,0x00,0x00,0x4D,0x89,0x1E,0x48,0x8D,0x05,0x05,0x00,0x00,0x00,0xE9,0x0C,0x95
	.byte 0xFF,0xFF,0x49,0x8B,0x76,0x58,0xE9,0x11,0x00,0x00,0x00,0x90,0x4D,0x8B,0x5E,0x60
	.byte 0x4D,0x89,0x5E,0x10,0x49,0x8B,0x76,0x58,0x49,0x89,0x56,0x18,0x48,0x89,0xF9,0x48
	.byte 0x01,0xF1,0xB8,0x00,0x00,0x00,0x00,0x40,0x0F,0x90,0xC0,0x48,0x89,0xF2,0x48,0x09
	.byte 0xFA,0x48,0x09,0xC2,0x48,0xF7,0xC2,0x01,0x00,0x00,0x00,0x0F,0x84,0x2B,0x00,0x00
	.byte 0x00,0x49,0x89,0x76,0x60,0x49,0x89,0x7E,0x58,0x41,0xBB,0xA4,0x00,0x00,0x00,0x4D
	.byte 0x89,0x1E,0x48,0x8D,0x05,0x05,0x00,0x00,0x00,0xE9,0xB0,0x94,0xFF,0xFF,0x49,0x8B
	.byte 0x76,0x60,0x49,0x89,0x7E,0x60,0xE9,0x05,0x00,0x00,0x00,0x90,0x49,0x89,0x4E,0x60
	.byte 0xBF,0x0C,0x00,0x00,0x00,0x48,0x01,0xF7,0xB8,0x00,0x00,0x00,0x00,0x40,0x0F,0x90
	.byte 0xC0,0x49,0x89,0x76,0x58,0x48,0x09,0xC6,0x48,0x83,0xCE,0x0C,0x48,0xF7,0xC6,0x01
	.byte 0x00,0x00,0x00,0x0F,0x84,0x39,0x00,0x00,0x00,0xBF,0x0C,0x00,0x00,0x00,0x49,0x8B
	.byte 0x76,0x58,0x49,0x89,0x7E,0x30,0x41,0xBB,0xA5,0x00,0x00,0x00,0x4D,0x89,0x1E,0x48
	.byte 0x8D,0x05,0x06,0x00,0x00,0x00,0xE9,0x53,0x94,0xFF,0xFF,0x90,0x49,0x8B,0x4E,0x60
	.byte 0x4D,0x8B,0x5E,0x58,0x4D,0x89,0x5E,0x60,0x49,0x89,0x7E,0x58,0xE9,0x11,0x00,0x00
	.byte 0x00,0x90,0x49,0x8B,0x4E,0x60,0x4D,0x8B,0x5E,0x58,0x4D,0x89,0x5E,0x60,0x49,0x89
	.byte 0x7E,0x58,0xBA,0x08,0x00,0x00,0x00,0x48,0xBF,0xFC,0xFF,0xFF,0xFF,0xFF,0xFF,0xFF
	.byte 0xFF,0x48,0x01,0xCF,0xB8,0x00,0x00,0x00,0x00,0x40,0x0F,0x90,0xC0,0x48,0x89,0xCE
	.byte 0x48,0x09,0xC6,0x48,0x83,0xCE,0xFC,0x48,0xF7,0xC6,0x01,0x00,0x00,0x00,0x0F,0x84
	.byte 0x80,0x00,0x00,0x00,0x48,0xBF,0xFC,0xFF,0xFF,0xFF,0xFF,0xFF,0xFF,0xFF,0x48,0x89
	.byte 0xCE,0x4D,0x8B,0x5E,0x40,0x4D,0x89,0x5E,0x30,0x4D,0x8B,0x5E,0x50,0x4D,0x89,0x5E
	.byte 0x40,0x4D,0x8B,0x5E,0x58,0x4D,0x89,0x5E,0x50,0x4D,0x8B,0x5E,0x60,0x4D,0x89,0x5E
	.byte 0x58,0x49,0x89,0x4E,0x60,0x49,0x89,0x7E,0x08,0x49,0x89,0x56,0x20,0x41,0xBB,0xA6
	.byte 0x00,0x00,0x00,0x4D,0x89,0x1E,0x48,0x8D,0x05,0x05,0x00,0x00,0x00,0xE9,0xAC,0x93
	.byte 0xFF,0xFF,0x49,0x8B,0x4E,0x60,0x4D,0x8B,0x5E,0x58,0x4D,0x89,0x5E,0x60,0x4D,0x8B
	.byte 0x5E,0x50,0x4D,0x89,0x5E,0x58,0x4D,0x8B,0x5E,0x40,0x4D,0x89,0x5E,0x50,0x4D,0x8B
	.byte 0x5E,0x30,0x4D,0x89,0x5E,0x40,0x4D,0x8B,0x5E,0x20,0x4D,0x89,0x5E,0x30,0xE9,0x05
	.byte 0x00,0x00,0x00,0x90,0x49,0x89,0x56,0x30,0x48,0x89,0xF8,0x48,0xD1,0xE8,0x48,0x89
	.byte 0xCE,0x48,0xF7,0xE6,0x48,0x89,0xCE,0x48,0x09,0xF9,0x48,0x83,0xE1,0x01,0x48,0x09
	.byte 0xD1,0x48,0xD1,0xE8,0x48,0x83,0xF9,0x00,0x0F,0x84,0x2A,0x00,0x00,0x00,0x49,0x89
	.byte 0x76,0x08,0x49,0x89,0x7E,0x20,0x41,0xBB,0xA7,0x00,0x00,0x00,0x4D,0x89,0x1E,0x48
	.byte 0x8D,0x05,0x06,0x00,0x00,0x00,0xE9,0x45,0x93,0xFF,0xFF,0x90,0x48,0x89,0xF8,0x49
	.byte 0x8B,0x4E,0x30,0xE9,0x04,0x00,0x00,0x00,0x49,0x8B,0x4E,0x30,0x48,0x89,0xC6,0x48
	.byte 0x83,0xCE,0x08,0x48,0x89,0xF7,0x48,0xC1,0xEF,0x3F,0x48,0x09,0xF7,0x48,0xF7,0xC7
	.byte 0x01,0x00,0x00,0x00,0x0F,0x84,0x32,0x00,0x00,0x00,0xBE,0x08,0x00,0x00,0x00,0x48
	.byte 0x89,0xC7,0x49,0x89,0x46,0x20,0x49,0x89,0x76,0x30,0x41,0xBB,0xA8,0x00,0x00,0x00
	.byte 0x4D,0x89,0x1E,0x48,0x8D,0x05,0x06,0x00,0x00,0x00,0xE9,0xFB,0x92,0xFF,0xFF,0x90
	.byte 0x48,0x89,0xFA,0x49,0x8B,0x76,0x58,0xE9,0x10,0x00,0x00,0x00,0x31,0xD2,0x48,0xF7
	.byte 0xF1,0x48,0x89,0xC2,0x48,0xC1,0xE2,0x02,0x49,0x8B,0x76,0x58,0x48,0x89,0xD7,0x48
	.byte 0x01,0xF7,0xB8,0x00,0x00,0x00,0x00,0x40,0x0F,0x90,0xC0,0x48,0x89,0xF1,0x48,0x09
	.byte 0xD1,0x48,0x09,0xC1,0x48,0xF7,0xC1,0x01,0x00,0x00,0x00,0x0F,0x84,0x2B,0x00,0x00
	.byte 0x00,0x48,0x89,0xD7,0x49,0x89,0x76,0x30,0x49,0x89,0x56,0x58,0x41,0xBB,0xA9,0x00
	.byte 0x00,0x00,0x4D,0x89,0x1E,0x48,0x8D,0x05,0x06,0x00,0x00,0x00,0xE9,0x7D,0x92,0xFF
	.byte 0xFF,0x90,0x49,0x8B,0x76,0x60,0xE9,0x05,0x00,0x00,0x00,0x90,0x49,0x8B,0x76,0x60
	.byte 0x49,0x8B,0x45,0xB8,0x48,0x8B,0x40,0x10,0x48,0xD1,0xE7,0x4C,0x01,0xE7,0x48,0xC1
	.byte 0xE8,0x09,0x48,0x01,0xC7,0x48,0x8B,0x57,0x08,0xBF,0x1C,0x00,0x00,0x00,0x48,0x01
	.byte 0xF7,0xB8,0x00,0x00,0x00,0x00,0x40,0x0F,0x90,0xC0,0x49,0x89,0x76,0x58,0x48,0x09
	.byte 0xC6,0x48,0x83,0xCE,0x1C,0x48,0xF7,0xC6,0x01,0x00,0x00,0x00,0x0F,0x84,0x2C,0x00
	.byte 0x00,0x00,0xBF,0x1C,0x00,0x00,0x00,0x49,0x8B,0x76,0x58,0x49,0x89,0x56,0x20,0x49
	.byte 0x89,0x7E,0x60,0x41,0xBB,0xAA,0x00,0x00,0x00,0x4D,0x89,0x1E,0x48,0x8D,0x05,0x05
	.byte 0x00,0x00,0x00,0xE9,0x06,0x92,0xFF,0xFF,0xE9,0x05,0x00,0x00,0x00,0x90,0x49,0x89
	.byte 0x56,0x20,0xB8,0x0C,0x00,0x00,0x00,0x48,0xF7,0xC7,0x01,0x00,0x00,0x00,0x0F,0x84
	.byte 0x78,0x00,0x00,0x00,0x48,0xBF,0xFF,0xFF,0xFF,0xFF,0xFF,0xFF,0xFF,0xFF,0x41,0xBB
	.byte 0xAB,0x00,0x00,0x00,0x4D,0x89,0x1E,0x48,0x8D,0x05,0x06,0x00,0x00,0x00,0xE9,0x55
	.byte 0x85,0xFF,0xFF,0x90,0x45,0x31,0xDB,0x4D,0x89,0x5E,0x28,0x4D,0x8B,0x5E,0x28,0x4D
	.byte 0x89,0x5E,0x38,0x4D,0x8B,0x5E,0x28,0x4D,0x89,0x5E,0x10,0x49,0x8B,0x7E,0x28,0x4D
	.byte 0x8B,0x5E,0x28,0x4D,0x89,0x5E,0x58,0x4D,0x8B,0x5E,0x28,0x4D,0x89,0x5E,0x48,0x4D
	.byte 0x8B,0x5E,0x28,0x4D,0x89,0x5E,0x20,0x4D,0x8B,0x5E,0x28,0x4D,0x89,0x5E,0x50,0x4D
	.byte 0x8B,0x5E,0x28,0x4D,0x89,0x5E,0x40,0x4D,0x8B,0x5E,0x28,0x4D,0x89,0x5E,0x30,0x4D
	.byte 0x8B,0x5E,0x28,0x4D,0x89,0x5E,0x18,0xE9,0x04,0x00,0x00,0x00,0x49,0x89,0x46,0x30
	.byte 0x49,0x89,0x7E,0x60,0x48,0xC1,0xEF,0x02,0x49,0xBA,0x00,0x00,0x00,0x00,0x01,0x00
	.byte 0x00,0x00,0x4C,0x39,0xD7,0x0F,0x82,0x0F,0x00,0x00,0x00,0x48,0xBF,0xFF,0xFF,0xFF
	.byte 0xFF,0xFF,0xFF,0xFF,0xFF,0xE9,0x08,0x00,0x00,0x00,0x48,0x83,0xC7,0x01,0x48,0xC1
	.byte 0xE7,0x03,0x49,0x8B,0x45,0xD8,0x49,0x8B,0x75,0xF8,0x48,0x29,0xF0,0x48,0x39,0xF8
	.byte 0x0F,0x82,0x1E,0x00,0x00,0x00,0x49,0x8B,0x46,0x60,0x4D,0x8B,0x4E,0x58,0x4D,0x8B
	.byte 0x7E,0x40,0x49,0x8B,0x5E,0x30,0x4D,0x8B,0x5E,0x28,0x4D,0x89,0x5E,0x58,0xE9,0x2F
	.byte 0x00,0x00,0x00,0x90,0x41,0xBB,0xAC,0x00,0x00,0x00,0x4D,0x89,0x1E,0x48,0x8D,0x05
	.byte 0x06,0x00,0x00,0x00,0xE9,0x7F,0x84,0xFF,0xFF,0x90,0x49,0x8B,0x46,0x60,0x4D,0x8B
	.byte 0x4E,0x58,0x4D,0x8B,0x7E,0x40,0x49,0x8B,0x5E,0x30,0x4D,0x8B,0x5E,0x28,0x4D,0x89
	.byte 0x5E,0x58,0x49,0x8B,0x7D,0xF8,0x48,0x89,0xC6,0x48,0xC1,0xE6,0x1E,0x48,0x81,0xCE
	.byte 0xF3,0x01,0x00,0x00,0x48,0x89,0xC2,0x49,0x89,0x46,0x60,0x48,0xC1,0xEA,0x02,0x48
	.byte 0x89,0xF8,0x48,0x89,0x30,0x48,0x89,0xC1,0x4D,0x8B,0x56,0x20,0x4C,0x89,0x51,0x08
	.byte 0x4D,0x8B,0x56,0x38,0x4C,0x89,0x51,0x10,0x4D,0x8B,0x56,0x18,0x4C,0x89,0x51,0x18
	.byte 0x4D,0x8B,0x56,0x50,0x4C,0x89,0x51,0x20,0x4D,0x8B,0x56,0x48,0x4C,0x89,0x51,0x28
	.byte 0x4D,0x8B,0x56,0x58,0x4C,0x89,0x51,0x30,0x4D,0x8B,0x56,0x10,0x4C,0x89,0x51,0x38
	.byte 0x49,0x8B,0x7D,0xF8,0x4C,0x29,0xE7,0x48,0xC1,0xE7,0x09,0x48,0x83,0xCF,0x01,0x48
	.byte 0x81,0xCF,0xE0,0x01,0x00,0x00,0x48,0x83,0xFA,0x0F,0x0F,0x82,0x10,0x00,0x00,0x00
	.byte 0x48,0x83,0xCF,0x1E,0x48,0x89,0xD0,0x49,0x89,0xF8,0xE9,0x13,0x00,0x00,0x00,0x90
	.byte 0x48,0x89,0xD0,0x48,0x89,0xD6,0x48,0xD1,0xE0,0x48,0x09,0xF8,0x49,0x89,0xC0,0x48
	.byte 0x89,0xF0,0x48,0xC1,0xE0,0x03,0x48,0x89,0xC7,0x48,0x89,0xC8,0x48,0x01,0xC7,0x48
	.byte 0x83,0xC7,0x08,0x49,0x89,0x7D,0xF8,0x48,0x89,0xC2,0x4C,0x89,0xCF,0x48,0x83,0xC2
	.byte 0x40,0x48,0x89,0xDE,0x49,0x89,0x5E,0x40,0x48,0xD1,0xE6,0x4C,0x01,0xE6,0x4C,0x89
	.byte 0xF8,0x4D,0x89,0x7E,0x28,0x48,0xC1,0xE8,0x09,0x48,0x01,0xC6,0x48,0x83,0xC6,0x08
	.byte 0x48,0x85,0xFF,0x0F,0x84,0x27,0x00,0x00,0x00,0x4C,0x89,0xC1,0x49,0x89,0x7E,0x30
	.byte 0x41,0xBB,0xAD,0x00,0x00,0x00,0x4D,0x89,0x1E,0x48,0x8D,0x05,0x06,0x00,0x00,0x00
	.byte 0xE9,0xB3,0x95,0xFF,0xFF,0x90,0x49,0x8B,0x46,0x68,0xE9,0x09,0x00,0x00,0x00,0x90
	.byte 0x49,0x8B,0x46,0x68,0x4C,0x89,0xC7,0x90,0x49,0x83,0xC6,0x70,0xFF,0xE0,0x49,0x83
	.byte 0xEE,0x78,0x4D,0x39,0xEE,0x0F,0x82,0x31,0x83,0xFF,0xFF,0x90,0x49,0x89,0x46,0x70
	.byte 0x4C,0x89,0xC8,0x49,0x89,0x4E,0x60,0x48,0x89,0xF9,0x49,0x89,0xF7,0x48,0xC1,0xE8
	.byte 0x09,0x4C,0x01,0xE0,0x48,0x8B,0x78,0x10,0x48,0xBB,0xEC,0xFF,0xFF,0xFF,0xFF,0xFF
	.byte 0xFF,0xFF,0x48,0x01,0xFB,0xB8,0x00,0x00,0x00,0x00,0x40,0x0F,0x90,0xC0,0x48,0x89
	.byte 0xFE,0x48,0x09,0xC7,0x48,0x89,0xF8,0x48,0x83,0xC8,0xEC,0x48,0xA9,0x01,0x00,0x00
	.byte 0x00,0x0F,0x84,0x41,0x00,0x00,0x00,0x48,0xBF,0xEC,0xFF,0xFF,0xFF,0xFF,0xFF,0xFF
	.byte 0xFF,0x49,0x89,0x7E,0x38,0x4D,0x89,0x7E,0x58,0x4D,0x89,0x4E,0x68,0x49,0x89,0x4E
	.byte 0x50,0x4D,0x89,0x46,0x48,0x49,0x89,0x56,0x40,0x49,0x89,0x76,0x30,0x41,0xBB,0xAE
	.byte 0x00,0x00,0x00,0x4D,0x89,0x1E,0x48,0x8D,0x05,0x05,0x00,0x00,0x00,0xE9,0x2C,0x8F
	.byte 0xFF,0xFF,0xE9,0x19,0x00,0x00,0x00,0x90,0x48,0x89,0xDF,0x4D,0x89,0x7E,0x58,0x4D
	.byte 0x89,0x4E,0x68,0x49,0x89,0x4E,0x50,0x4D,0x89,0x46,0x48,0x49,0x89,0x56,0x40,0x90
	.byte 0x31,0xD2,0x31,0xC0,0x48,0xF7,0xC7,0x01,0x00,0x00,0x00,0x0F,0x84,0x45,0x00,0x00
	.byte 0x00,0x31,0xF6,0x49,0x89,0x56,0x30,0x4D,0x8B,0x5E,0x40,0x4D,0x89,0x5E,0x38,0x49
	.byte 0x89,0x7E,0x40,0x41,0xBB,0xAF,0x00,0x00,0x00,0x4D,0x89,0x1E,0x48,0x8D,0x05,0x05
	.byte 0x00,0x00,0x00,0xE9,0x4E,0x8F,0xFF,0xFF,0x49,0x8B,0x76,0x68,0x4D,0x8B,0x5E,0x48
	.byte 0x4D,0x89,0x5E,0x68,0x4D,0x8B,0x5E,0x38,0x4D,0x89,0x5E,0x48,0xB8,0x01,0x00,0x00
	.byte 0x00,0xE9,0x18,0x00,0x00,0x00,0x49,0x8B,0x76,0x68,0x4D,0x8B,0x5E,0x48,0x4D,0x89
	.byte 0x5E,0x68,0x4D,0x8B,0x5E,0x40,0x4D,0x89,0x5E,0x48,0x49,0x89,0x7E,0x40,0x48,0x39
	.byte 0xC7,0x0F,0x8D,0xCD,0x05,0x00,0x00,0x48,0x89,0xF0,0x48,0xC1,0xEE,0x09,0x4C,0x01
	.byte 0xE6,0x48,0x8B,0x7E,0x10,0x48,0x83,0xFF,0x14,0x0F,0x8D,0x8D,0x02,0x00,0x00,0x48
	.byte 0x83,0xFF,0x08,0x0F,0x8D,0x17,0x01,0x00,0x00,0x48,0x83,0xFF,0x04,0x0F,0x8D,0x97
	.byte 0x00,0x00,0x00,0x48,0x89,0xC6,0x48,0xC1,0xE8,0x09,0x4C,0x01,0xE0,0x48,0x8B,0x50
	.byte 0x08,0x49,0x8B,0x7E,0x68,0x4D,0x8B,0x5E,0x60,0x4D,0x89,0x5E,0x68,0x4D,0x8B,0x5E
	.byte 0x58,0x4D,0x89,0x5E,0x60,0x4D,0x8B,0x5E,0x50,0x4D,0x89,0x5E,0x58,0x4D,0x8B,0x5E
	.byte 0x48,0x4D,0x89,0x5E,0x50,0x41,0xBB,0xB0,0x00,0x00,0x00,0x4D,0x89,0x1E,0x48,0x8D
	.byte 0x05,0x03,0x00,0x00,0x00,0xFF,0xE2,0x90,0x49,0x89,0xF9,0x49,0x8B,0x46,0x70,0x49
	.byte 0x8B,0x4E,0x68,0x49,0x8B,0x76,0x60,0x49,0x8B,0x7E,0x58,0x49,0x8B,0x56,0x50,0x4D
	.byte 0x89,0xC8,0x49,0xC1,0xE9,0x09,0x4D,0x01,0xE1,0x4D,0x8B,0x49,0x10,0x49,0x83,0xF9
	.byte 0x0C,0x0F,0x85,0x19,0x00,0x00,0x00,0x4C,0x89,0xC3,0x49,0xC1,0xE8,0x09,0x4D,0x01
	.byte 0xE0,0x4D,0x8B,0x48,0x08,0x49,0x89,0xD8,0x49,0x83,0xC6,0x78,0x41,0xFF,0xE1,0x90
	.byte 0x49,0x83,0xC6,0x08,0xE9,0xFF,0xED,0xFF,0xFF,0x90,0x48,0x89,0xC2,0x48,0xC1,0xE8
	.byte 0x09,0x4C,0x01,0xE0,0x48,0x8B,0x48,0x08,0x49,0x8B,0x7E,0x60,0x49,0x8B,0x76,0x68
	.byte 0x41,0xBB,0xB1,0x00,0x00,0x00,0x4D,0x89,0x1E,0x48,0x8D,0x05,0x02,0x00,0x00,0x00
	.byte 0xFF,0xE1,0x49,0x89,0xF8,0x49,0x8B,0x46,0x70,0x49,0x8B,0x76,0x58,0x49,0x8B,0x7E
	.byte 0x50,0x49,0x8B,0x56,0x48,0x4C,0x89,0xC1,0x49,0xC1,0xE8,0x09,0x4D,0x01,0xE0,0x4D
	.byte 0x8B,0x40,0x10,0x49,0x83,0xF8,0x08,0x0F,0x85,0x19,0x00,0x00,0x00,0x49,0x89,0xC9
	.byte 0x48,0xC1,0xE9,0x09,0x4C,0x01,0xE1,0x4C,0x8B,0x41,0x08,0x4C,0x89,0xC9,0x49,0x83
	.byte 0xC6,0x78,0x41,0xFF,0xE0,0x90,0x49,0x83,0xC6,0x10,0xE9,0xC5,0xDD,0xFF,0xFF,0x90
	.byte 0x48,0x83,0xFF,0x0C,0x0F,0x8D,0x74,0x00,0x00,0x00,0x48,0x89,0xC1,0x48,0xC1,0xE8
	.byte 0x09,0x4C,0x01,0xE0,0x4C,0x8B,0x40,0x08,0x49,0x8B,0x7E,0x48,0x49,0x8B,0x76,0x60
	.byte 0x49,0x8B,0x56,0x68,0x41,0xBB,0xB2,0x00,0x00,0x00,0x4D,0x89,0x1E,0x48,0x8D,0x05
	.byte 0x04,0x00,0x00,0x00,0x41,0xFF,0xE0,0x90,0x48,0x89,0xF9,0x49,0x8B,0x46,0x70,0x49
	.byte 0x8B,0x76,0x58,0x49,0x8B,0x7E,0x50,0x48,0x89,0xCA,0x48,0xC1,0xE9,0x09,0x4C,0x01
	.byte 0xE1,0x48,0x8B,0x49,0x10,0x48,0x83,0xF9,0x04,0x0F,0x85,0x15,0x00,0x00,0x00,0x48
	.byte 0x89,0xD1,0x48,0xC1,0xE9,0x09,0x4C,0x01,0xE1,0x48,0x8B,0x49,0x08,0x49,0x83,0xC6
	.byte 0x78,0xFF,0xE1,0x90,0x49,0x83,0xC6,0x18,0xE9,0x07,0xCE,0xFF,0xFF,0x90,0x48,0x83
	.byte 0xFF,0x10,0x0F,0x8D,0x76,0x00,0x00,0x00,0x49,0x89,0xC0,0x48,0xC1,0xE8,0x09,0x4C
	.byte 0x01,0xE0,0x4C,0x8B,0x48,0x08,0x49,0x8B,0x7E,0x58,0x49,0x8B,0x76,0x48,0x49,0x8B
	.byte 0x56,0x60,0x49,0x8B,0x4E,0x68,0x41,0xBB,0xB3,0x00,0x00,0x00,0x4D,0x89,0x1E,0x48
	.byte 0x8D,0x05,0x04,0x00,0x00,0x00,0x41,0xFF,0xE1,0x90,0x49,0x8B,0x46,0x70,0x49,0x8B
	.byte 0x4E,0x50,0x48,0x89,0xFE,0x48,0xC1,0xEF,0x09,0x4C,0x01,0xE7,0x48,0x8B,0x7F,0x10
	.byte 0x48,0x83,0xFF,0x00,0x0F,0x85,0x18,0x00,0x00,0x00,0x48,0x89,0xF7,0x48,0xC1,0xEF
	.byte 0x09,0x4C,0x01,0xE7,0x48,0x8B,0x57,0x08,0x48,0x89,0xCF,0x49,0x83,0xC6,0x78,0xFF
	.byte 0xE2,0x90,0x48,0x89,0xCF,0x49,0x83,0xC6,0x28,0xE9,0x8C,0xBF,0xFF,0xFF,0x49,0x89
	.byte 0xC1,0x48,0xC1,0xE8,0x09,0x4C,0x01,0xE0,0x48,0x8B,0x58,0x08,0x49,0x8B,0x7E,0x50
	.byte 0x49,0x8B,0x76,0x58,0x49,0x8B,0x56,0x48,0x49,0x8B,0x4E,0x60,0x4D,0x8B,0x46,0x68
	.byte 0x41,0xBB,0xB4,0x00,0x00,0x00,0x4D,0x89,0x1E,0x48,0x8D,0x05,0x02,0x00,0x00,0x00
	.byte 0xFF,0xE3,0x49,0x8B,0x46,0x70,0x48,0x89,0xFE,0x48,0xC1,0xEE,0x09,0x4C,0x01,0xE6
	.byte 0x48,0x8B,0x76,0x10,0x48,0x83,0xFE,0x00,0x0F,0x85,0x14,0x00,0x00,0x00,0x48,0x89
	.byte 0xFE,0x48,0xC1,0xEE,0x09,0x4C,0x01,0xE6,0x48,0x8B,0x76,0x08,0x49,0x83,0xC6,0x78
	.byte 0xFF,0xE6,0x49,0x83,0xC6,0x28,0xE9,0x1F,0xBF,0xFF,0xFF,0x90,0x48,0x83,0xFF,0x1C
	.byte 0x0F,0x8D,0x02,0x01,0x00,0x00,0x48,0x83,0xFF,0x18,0x0F,0x8D,0x74,0x00,0x00,0x00
	.byte 0x48,0x89,0xC3,0x48,0xC1,0xE8,0x09,0x4C,0x01,0xE0,0x4C,0x8B,0x78,0x08,0x49,0x8B
	.byte 0x7E,0x40,0x49,0x8B,0x76,0x50,0x49,0x8B,0x56,0x58,0x49,0x8B,0x4E,0x48,0x4D,0x8B
	.byte 0x46,0x60,0x4D,0x8B,0x4E,0x68,0x41,0xBB,0xB5,0x00,0x00,0x00,0x4D,0x89,0x1E,0x48
	.byte 0x8D,0x05,0x04,0x00,0x00,0x00,0x41,0xFF,0xE7,0x90,0x49,0x8B,0x46,0x70,0x48,0x89
	.byte 0xFE,0x48,0xC1,0xEE,0x09,0x4C,0x01,0xE6,0x48,0x8B,0x76,0x10,0x48,0x83,0xFE,0x00
	.byte 0x0F,0x85,0x14,0x00,0x00,0x00,0x48,0x89,0xFE,0x48,0xC1,0xEE,0x09,0x4C,0x01,0xE6
	.byte 0x48,0x8B,0x76,0x08,0x49,0x83,0xC6,0x78,0xFF,0xE6,0x49,0x83,0xC6,0x28,0xE9,0x97
	.byte 0xBE,0xFF,0xFF,0x90,0x49,0x89,0xC7,0x48,0xC1,0xE8,0x09,0x4C,0x01,0xE0,0x48,0x8B
	.byte 0x40,0x08,0x49,0x8B,0x76,0x40,0x49,0x8B,0x56,0x50,0x49,0x8B,0x4E,0x58,0x4D,0x8B
	.byte 0x46,0x48,0x4D,0x8B,0x4E,0x60,0x49,0x8B,0x5E,0x68,0x4D,0x8B,0x5E,0x70,0x4D,0x89
	.byte 0x5E,0x68,0x49,0x89,0x46,0x70,0x4D,0x8B,0x56,0x70,0x41,0xBB,0xB6,0x00,0x00,0x00
	.byte 0x4D,0x89,0x1E,0x48,0x8D,0x05,0x04,0x00,0x00,0x00,0x41,0xFF,0xE2,0x90,0x49,0x8B
	.byte 0x46,0x68,0x48,0x89,0xFE,0x48,0xC1,0xEE,0x09,0x4C,0x01,0xE6,0x48,0x8B,0x76,0x10
	.byte 0x48,0x83,0xFE,0x00,0x0F,0x85,0x14,0x00,0x00,0x00,0x48,0x89,0xFE,0x48,0xC1,0xEE
	.byte 0x09,0x4C,0x01,0xE6,0x48,0x8B,0x76,0x08,0x49,0x83,0xC6,0x78,0xFF,0xE6,0x49,0x83
	.byte 0xC6,0x28,0xE9,0x13,0xBE,0xFF,0xFF,0x90,0x48,0x83,0xFF,0x20,0x0F,0x8D,0x9E,0x00
	.byte 0x00,0x00,0x48,0x89,0xC6,0x48,0xC1,0xE8,0x09,0x4C,0x01,0xE0,0x48,0x8B,0x40,0x08
	.byte 0x49,0x8B,0x5E,0x60,0x4D,0x8B,0x5E,0x70,0x4D,0x89,0x5E,0x60,0x49,0x89,0x76,0x70
	.byte 0x48,0x89,0xFE,0x49,0x8B,0x56,0x40,0x49,0x8B,0x4E,0x50,0x4D,0x8B,0x46,0x58,0x4D
	.byte 0x8B,0x4E,0x48,0x4D,0x8B,0x7E,0x68,0x49,0x89,0x46,0x68,0x4D,0x8B,0x56,0x68,0x41
	.byte 0xBB,0xB7,0x00,0x00,0x00,0x4D,0x89,0x1E,0x49,0x83,0xEE,0x08,0x4D,0x39,0xEE,0x0F
	.byte 0x82,0x07,0x7E,0xFF,0xFF,0x4D,0x8B,0x5E,0x78,0x4D,0x89,0x1E,0x48,0x8D,0x05,0x03
	.byte 0x00,0x00,0x00,0x41,0xFF,0xE2,0x49,0x8B,0x46,0x60,0x48,0x89,0xFE,0x48,0xC1,0xEE
	.byte 0x09,0x4C,0x01,0xE6,0x48,0x8B,0x76,0x10,0x48,0x83,0xFE,0x00,0x0F,0x85,0x14,0x00
	.byte 0x00,0x00,0x48,0x89,0xFE,0x48,0xC1,0xEE,0x09,0x4C,0x01,0xE6,0x48,0x8B,0x76,0x08
	.byte 0x49,0x83,0xC6,0x78,0xFF,0xE6,0x49,0x83,0xC6,0x28,0xE9,0x6B,0xBD,0xFF,0xFF,0x90
	.byte 0x48,0x83,0xFF,0x24,0x0F,0x8D,0xB0,0x00,0x00,0x00,0x48,0x89,0xC6,0x48,0xC1,0xE8
	.byte 0x09,0x4C,0x01,0xE0,0x48,0x8B,0x40,0x08,0x4D,0x8B,0x4E,0x58,0x4D,0x8B,0x5E,0x70
	.byte 0x4D,0x89,0x5E,0x58,0x4D,0x8B,0x5E,0x68,0x4D,0x89,0x5E,0x70,0x49,0x89,0x76,0x68
	.byte 0x48,0x89,0xFE,0x48,0x89,0xFA,0x49,0x8B,0x4E,0x40,0x4D,0x8B,0x46,0x50,0x49,0x8B
	.byte 0x5E,0x48,0x4D,0x8B,0x7E,0x60,0x49,0x89,0x46,0x60,0x4D,0x8B,0x56,0x60,0x41,0xBB
	.byte 0xB8,0x00,0x00,0x00,0x4D,0x89,0x1E,0x49,0x83,0xEE,0x10,0x4D,0x39,0xEE,0x0F,0x82
	.byte 0x58,0x7D,0xFF,0xFF,0x4D,0x8B,0x9E,0x80,0x00,0x00,0x00,0x4D,0x89,0x5E,0x08,0x4D
	.byte 0x8B,0x5E,0x78,0x4D,0x89,0x1E,0x48,0x8D,0x05,0x03,0x00,0x00,0x00,0x41,0xFF,0xE2
	.byte 0x49,0x8B,0x46,0x58,0x48,0x89,0xFE,0x48,0xC1,0xEE,0x09,0x4C,0x01,0xE6,0x48,0x8B
	.byte 0x76,0x10,0x48,0x83,0xFE,0x00,0x0F,0x85,0x14,0x00,0x00,0x00,0x48,0x89,0xFE,0x48
	.byte 0xC1,0xEE,0x09,0x4C,0x01,0xE6,0x48,0x8B,0x76,0x08,0x49,0x83,0xC6,0x78,0xFF,0xE6
	.byte 0x49,0x83,0xC6,0x28,0xE9,0xB1,0xBC,0xFF,0xFF,0x90,0x48,0x89,0xC6,0x48,0xC1,0xE8
	.byte 0x09,0x4C,0x01,0xE0,0x48,0x8B,0x40,0x08,0x4D,0x8B,0x4E,0x50,0x4D,0x8B,0x5E,0x70
	.byte 0x4D,0x89,0x5E,0x50,0x4D,0x8B,0x5E,0x60,0x4D,0x89,0x5E,0x70,0x49,0x89,0x76,0x60
	.byte 0x48,0x89,0xFE,0x48,0x89,0xFA,0x48,0x89,0xF9,0x4D,0x8B,0x46,0x40,0x49,0x8B,0x5E
	.byte 0x58,0x4D,0x8B,0x7E,0x48,0x49,0x89,0x46,0x58,0x4D,0x8B,0x56,0x58,0x41,0xBB,0xB9
	.byte 0x00,0x00,0x00,0x4D,0x89,0x1E,0x49,0x83,0xEE,0x18,0x4D,0x39,0xEE,0x0F,0x82,0xA9
	.byte 0x7C,0xFF,0xFF,0x4D,0x8B,0x9E,0x88,0x00,0x00,0x00,0x4D,0x89,0x5E,0x10,0x4D,0x8B
	.byte 0x9E,0x80,0x00,0x00,0x00,0x4D,0x89,0x5E,0x08,0x4D,0x8B,0x5E,0x78,0x4D,0x89,0x1E
	.byte 0x48,0x8D,0x05,0x03,0x00,0x00,0x00,0x41,0xFF,0xE2,0x49,0x8B,0x46,0x50,0x48,0x89
	.byte 0xFE,0x48,0xC1,0xEE,0x09,0x4C,0x01,0xE6,0x48,0x8B,0x76,0x10,0x48,0x83,0xFE,0x00
	.byte 0x0F,0x85,0x14,0x00,0x00,0x00,0x48,0x89,0xFE,0x48,0xC1,0xEE,0x09,0x4C,0x01,0xE6
	.byte 0x48,0x8B,0x76,0x08,0x49,0x83,0xC6,0x78,0xFF,0xE6,0x49,0x83,0xC6,0x28,0xE9,0xF7
	.byte 0xBB,0xFF,0xFF,0x90,0x48,0xF7,0xC6,0x01,0x00,0x00,0x00,0x0F,0x84,0x1F,0x00,0x00
	.byte 0x00,0x48,0x89,0xF0,0x48,0xC1,0xEE,0x09,0x4C,0x01,0xE6,0x48,0x8B,0x36,0x48,0xBF
	.byte 0xFE,0xFF,0xFF,0xFF,0x00,0x00,0x00,0x00,0x48,0x21,0xFE,0xE9,0x04,0x00,0x00,0x00
	.byte 0x48,0x89,0xF0,0x90,0x48,0x81,0xFE,0xE2,0x01,0x00,0x00,0x0F,0x85,0x1F,0x03,0x00
	.byte 0x00,0x49,0x89,0x46,0x38,0x48,0xC1,0xE8,0x09,0x4C,0x01,0xE0,0x48,0x8B,0x48,0x10
	.byte 0xBA,0x08,0x00,0x00,0x00,0x48,0xBF,0xFC,0xFF,0xFF,0xFF,0xFF,0xFF,0xFF,0xFF,0x48
	.byte 0x01,0xCF,0xB8,0x00,0x00,0x00,0x00,0x40,0x0F,0x90,0xC0,0x48,0x89,0xCE,0x48,0x09
	.byte 0xC6,0x48,0x83,0xCE,0xFC,0x48,0xF7,0xC6,0x01,0x00,0x00,0x00,0x0F,0x84,0x60,0x00
	.byte 0x00,0x00,0x48,0xBF,0xFC,0xFF,0xFF,0xFF,0xFF,0xFF,0xFF,0xFF,0x48,0x89,0xCE,0x4D
	.byte 0x8B,0x5E,0x68,0x4D,0x89,0x5E,0x30,0x49,0x89,0x4E,0x68,0x49,0x89,0x7E,0x20,0x4D
	.byte 0x8B,0x5E,0x48,0x4D,0x89,0x5E,0x28,0x49,0x89,0x56,0x48,0x41,0xBB,0xBA,0x00,0x00
	.byte 0x00,0x4D,0x89,0x1E,0x48,0x8D,0x05,0x05,0x00,0x00,0x00,0xE9,0x0E,0x88,0xFF,0xFF
	.byte 0x49,0x8B,0x4E,0x68,0x4D,0x8B,0x5E,0x38,0x4D,0x89,0x5E,0x68,0x4D,0x8B,0x5E,0x30
	.byte 0x4D,0x89,0x5E,0x38,0x4D,0x8B,0x5E,0x28,0x4D,0x89,0x5E,0x30,0xE9,0x1D,0x00,0x00
	.byte 0x00,0x90,0x4D,0x8B,0x56,0x38,0x4D,0x8B,0x5E,0x68,0x4D,0x89,0x5E,0x38,0x4D,0x89
	.byte 0x56,0x68,0x4D,0x8B,0x5E,0x48,0x4D,0x89,0x5E,0x30,0x49,0x89,0x56,0x48,0x49,0x89
	.byte 0xF8,0x48,0xD1,0xEF,0x48,0x89,0xF8,0x48,0x89,0xCE,0x48,0xF7,0xE6,0x48,0x89,0xCE
	.byte 0x4C,0x09,0xC1,0x48,0x83,0xE1,0x01,0x48,0x09,0xD1,0x48,0x89,0xC7,0x48,0xD1,0xEF
	.byte 0x48,0x83,0xF9,0x00,0x0F,0x84,0x5A,0x00,0x00,0x00,0x4C,0x89,0xC7,0x49,0x89,0x76
	.byte 0x28,0x4D,0x8B,0x56,0x60,0x4D,0x8B,0x5E,0x58,0x4D,0x89,0x5E,0x60,0x4D,0x8B,0x5E
	.byte 0x68,0x4D,0x89,0x5E,0x58,0x4D,0x89,0x56,0x68,0x4D,0x89,0x46,0x20,0x41,0xBB,0xBB
	.byte 0x00,0x00,0x00,0x4D,0x89,0x1E,0x48,0x8D,0x05,0x05,0x00,0x00,0x00,0xE9,0x7E,0x87
	.byte 0xFF,0xFF,0x49,0x8B,0x4E,0x48,0x4D,0x8B,0x5E,0x40,0x4D,0x89,0x5E,0x48,0x4D,0x8B
	.byte 0x5E,0x38,0x4D,0x89,0x5E,0x40,0x4D,0x8B,0x5E,0x30,0x4D,0x89,0x5E,0x38,0xE9,0x35
	.byte 0x00,0x00,0x00,0x90,0x4D,0x8B,0x56,0x60,0x4D,0x8B,0x5E,0x58,0x4D,0x89,0x5E,0x60
	.byte 0x4D,0x8B,0x5E,0x68,0x4D,0x89,0x5E,0x58,0x4D,0x89,0x56,0x68,0x49,0x8B,0x4E,0x48
	.byte 0x4D,0x8B,0x5E,0x40,0x4D,0x89,0x5E,0x48,0x4D,0x8B,0x5E,0x38,0x4D,0x89,0x5E,0x40
	.byte 0x4D,0x8B,0x5E,0x30,0x4D,0x89,0x5E,0x38,0x48,0x89,0xF8,0x48,0x83,0xCF,0x08,0x48
	.byte 0x89,0xFE,0x48,0xC1,0xEE,0x3F,0x48,0x09,0xFE,0x48,0xF7,0xC6,0x01,0x00,0x00,0x00
	.byte 0x0F,0x84,0x2E,0x00,0x00,0x00,0xBE,0x08,0x00,0x00,0x00,0x48,0x89,0xC7,0x49,0x89
	.byte 0x46,0x28,0x49,0x89,0x76,0x30,0x41,0xBB,0xBC,0x00,0x00,0x00,0x4D,0x89,0x1E,0x48
	.byte 0x8D,0x05,0x06,0x00,0x00,0x00,0xE9,0xEF,0x86,0xFF,0xFF,0x90,0x48,0x89,0xFE,0xE9
	.byte 0x0C,0x00,0x00,0x00,0x31,0xD2,0x48,0xF7,0xF1,0x48,0x89,0xC6,0x48,0xC1,0xE6,0x02
	.byte 0xBF,0x10,0x00,0x00,0x00,0x48,0x01,0xF7,0xB8,0x00,0x00,0x00,0x00,0x40,0x0F,0x90
	.byte 0xC0,0x48,0x89,0xF2,0x48,0x09,0xC2,0x48,0x83,0xCA,0x10,0x48,0xF7,0xC2,0x01,0x00
	.byte 0x00,0x00,0x0F,0x84,0x2C,0x00,0x00,0x00,0xBF,0x10,0x00,0x00,0x00,0x49,0x89,0x7E
	.byte 0x30,0x49,0x89,0x76,0x28,0x41,0xBB,0xBD,0x00,0x00,0x00,0x4D,0x89,0x1E,0x48,0x8D
	.byte 0x05,0x05,0x00,0x00,0x00,0xE9,0x74,0x86,0xFF,0xFF,0x49,0x89,0x7E,0x30,0xE9,0x05
	.byte 0x00,0x00,0x00,0x90,0x49,0x89,0x7E,0x30,0x49,0x8B,0x45,0xD8,0x49,0x8B,0x7D,0xF8
	.byte 0x48,0x29,0xF8,0x48,0x83,0xF8,0x48,0x0F,0x82,0x29,0x00,0x00,0x00,0x49,0x8B,0x4E
	.byte 0x68,0x4D,0x8B,0x46,0x60,0x4D,0x8B,0x5E,0x58,0x4D,0x89,0x5E,0x68,0x49,0x8B,0x5E
	.byte 0x50,0x4D,0x8B,0x7E,0x48,0x4D,0x8B,0x4E,0x40,0x49,0x8B,0x56,0x38,0x49,0x8B,0x7E
	.byte 0x30,0xE9,0x3E,0x00,0x00,0x00,0xBF,0x48,0x00,0x00,0x00,0x41,0xBB,0xBE,0x00,0x00
	.byte 0x00,0x4D,0x89,0x1E,0x48,0x8D,0x05,0x05,0x00,0x00,0x00,0xE9,0x98,0x79,0xFF,0xFF
	.byte 0x49,0x8B,0x4E,0x68,0x4D,0x8B,0x46,0x60,0x4D,0x8B,0x5E,0x58,0x4D,0x89,0x5E,0x68
	.byte 0x49,0x8B,0x5E,0x50,0x4D,0x8B,0x7E,0x48,0x4D,0x8B,0x4E,0x40,0x49,0x8B,0x56,0x38
	.byte 0x49,0x8B,0x7E,0x30,0x49,0x8B,0x45,0xB8,0x48,0x8B,0x70,0x10,0x48,0x89,0xF8,0x48
	.byte 0xD1,0xE0,0x4C,0x01,0xE0,0x48,0x89,0xF7,0x48,0xC1,0xEF,0x09,0x48,0x01,0xF8,0x48
	.byte 0x8B,0x70,0x08,0x49,0x8B,0x7D,0xF8,0x48,0xB8,0xF3,0x01,0x00,0x00,0x08,0x00,0x00
	.byte 0x00,0x48,0x89,0x07,0x48,0x89,0xF8,0x48,0x89,0x70,0x08,0x4C,0x89,0x78,0x10,0x4D
	.byte 0x8B,0x56,0x68,0x4C,0x89,0x50,0x18,0x48,0x89,0x58,0x20,0x4C,0x89,0x40,0x28,0x48
	.byte 0x89,0x50,0x30,0x48,0x89,0x48,0x38,0x4C,0x89,0x48,0x40,0x48,0x89,0xC7,0x4C,0x29
	.byte 0xE7,0x48,0xC1,0xE7,0x09,0x48,0x81,0xCF,0xF1,0x01,0x00,0x00,0x48,0x83,0xC0,0x48
	.byte 0x49,0x89,0x45,0xF8,0x4D,0x8B,0x5E,0x70,0x49,0x83,0xC6,0x78,0x41,0xFF,0xE3,0x90
	.byte 0x48,0xA9,0x01,0x00,0x00,0x00,0x0F,0x84,0x1C,0x00,0x00,0x00,0x49,0x89,0x46,0x38
	.byte 0x48,0xC1,0xE8,0x09,0x4C,0x01,0xE0,0x48,0x8B,0x30,0x48,0xC1,0xEE,0x20,0x48,0xC1
	.byte 0xE6,0x02,0xE9,0x07,0x00,0x00,0x00,0x90,0x31,0xF6,0x49,0x89,0x46,0x38,0x48,0xBF
	.byte 0xF4,0xFF,0xFF,0xFF,0xFF,0xFF,0xFF,0xFF,0x48,0x01,0xF7,0xB8,0x00,0x00,0x00,0x00
	.byte 0x40,0x0F,0x90,0xC0,0x48,0x89,0xF2,0x48,0x09,0xC2,0x48,0x83,0xCA,0xF4,0x48,0xF7
	.byte 0xC2,0x01,0x00,0x00,0x00,0x0F,0x84,0x49,0x00,0x00,0x00,0x48,0xBF,0xF4,0xFF,0xFF
	.byte 0xFF,0xFF,0xFF,0xFF,0xFF,0x4D,0x8B,0x5E,0x48,0x4D,0x89,0x5E,0x28,0x4D,0x8B,0x5E
	.byte 0x68,0x4D,0x89,0x5E,0x48,0x49,0x89,0x7E,0x68,0x49,0x89,0x76,0x30,0x41,0xBB,0xBF
	.byte 0x00,0x00,0x00,0x4D,0x89,0x1E,0x48,0x8D,0x05,0x05,0x00,0x00,0x00,0xE9,0xDC,0x84
	.byte 0xFF,0xFF,0x49,0x8B,0x46,0x38,0x49,0x8B,0x76,0x40,0x49,0x89,0x7E,0x40,0xE9,0x1D
	.byte 0x00,0x00,0x00,0x90,0x49,0x8B,0x76,0x40,0x49,0x89,0x7E,0x40,0x49,0x8B,0x46,0x38
	.byte 0x4D,0x8B,0x5E,0x48,0x4D,0x89,0x5E,0x28,0x4D,0x8B,0x5E,0x68,0x4D,0x89,0x5E,0x48
	.byte 0x49,0x89,0x46,0x68,0x48,0xC1,0xE8,0x09,0x4C,0x01,0xE0,0x48,0x8B,0x50,0x18,0xBF
	.byte 0x14,0x00,0x00,0x00,0x48,0x01,0xF7,0xB8,0x00,0x00,0x00,0x00,0x40,0x0F,0x90,0xC0
	.byte 0x49,0x89,0x76,0x38,0x48,0x09,0xC6,0x48,0x83,0xCE,0x14,0x48,0xF7,0xC6,0x01,0x00
	.byte 0x00,0x00,0x0F,0x84,0x48,0x00,0x00,0x00,0xBF,0x14,0x00,0x00,0x00,0x49,0x8B,0x76
	.byte 0x38,0x4D,0x8B,0x5E,0x60,0x4D,0x89,0x5E,0x20,0x4D,0x8B,0x5E,0x58,0x4D,0x89,0x5E
	.byte 0x60,0x4D,0x8B,0x5E,0x68,0x4D,0x89,0x5E,0x58,0x49,0x89,0x56,0x10,0x49,0x89,0x7E
	.byte 0x68,0x41,0xBB,0xC0,0x00,0x00,0x00,0x4D,0x89,0x1E,0x48,0x8D,0x05,0x05,0x00,0x00
	.byte 0x00,0xE9,0x38,0x84,0xFF,0xFF,0x49,0x8B,0x76,0x40,0xE9,0x21,0x00,0x00,0x00,0x90
	.byte 0x4D,0x8B,0x5E,0x60,0x4D,0x89,0x5E,0x20,0x4D,0x8B,0x5E,0x58,0x4D,0x89,0x5E,0x60
	.byte 0x4D,0x8B,0x5E,0x68,0x4D,0x89,0x5E,0x58,0x49,0x89,0x56,0x10,0x49,0x8B,0x76,0x40
	.byte 0x48,0x89,0xF9,0x48,0x01,0xF1,0xB8,0x00,0x00,0x00,0x00,0x40,0x0F,0x90,0xC0,0x48
	.byte 0x89,0xF2,0x48,0x09,0xFA,0x48,0x09,0xC2,0x48,0xF7,0xC2,0x01,0x00,0x00,0x00,0x0F
	.byte 0x84,0x2B,0x00,0x00,0x00,0x49,0x89,0x7E,0x40,0x49,0x89,0x76,0x68,0x41,0xBB,0xC1
	.byte 0x00,0x00,0x00,0x4D,0x89,0x1E,0x48,0x8D,0x05,0x05,0x00,0x00,0x00,0xE9,0xCC,0x83
	.byte 0xFF,0xFF,0x49,0x8B,0x76,0x68,0x49,0x89,0x7E,0x68,0xE9,0x05,0x00,0x00,0x00,0x90
	.byte 0x49,0x89,0x4E,0x68,0xBF,0x10,0x00,0x00,0x00,0x48,0x01,0xF7,0xB8,0x00,0x00,0x00
	.byte 0x00,0x40,0x0F,0x90,0xC0,0x49,0x89,0x76,0x40,0x48,0x09,0xC6,0x48,0x83,0xCE,0x10
	.byte 0x48,0xF7,0xC6,0x01,0x00,0x00,0x00,0x0F,0x84,0x31,0x00,0x00,0x00,0xBF,0x10,0x00
	.byte 0x00,0x00,0x49,0x8B,0x76,0x40,0x49,0x89,0x7E,0x30,0x41,0xBB,0xC2,0x00,0x00,0x00
	.byte 0x4D,0x89,0x1E,0x48,0x8D,0x05,0x06,0x00,0x00,0x00,0xE9,0x6F,0x83,0xFF,0xFF,0x90
	.byte 0x49,0x8B,0x4E,0x68,0x49,0x89,0x7E,0x30,0xE9,0x09,0x00,0x00,0x00,0x90,0x49,0x89
	.byte 0x7E,0x30,0x49,0x8B,0x4E,0x68,0xBA,0x08,0x00,0x00,0x00,0x48,0xBF,0xFC,0xFF,0xFF
	.byte 0xFF,0xFF,0xFF,0xFF,0xFF,0x48,0x01,0xCF,0xB8,0x00,0x00,0x00,0x00,0x40,0x0F,0x90
	.byte 0xC0,0x48,0x89,0xCE,0x48,0x09,0xC6,0x48,0x83,0xCE,0xFC,0x48,0xF7,0xC6,0x01,0x00
	.byte 0x00,0x00,0x0F,0x84,0x68,0x00,0x00,0x00,0x48,0xBF,0xFC,0xFF,0xFF,0xFF,0xFF,0xFF
	.byte 0xFF,0xFF,0x48,0x89,0xCE,0x49,0x89,0x56,0x68,0x4D,0x8B,0x5E,0x30,0x4D,0x89,0x5E
	.byte 0x18,0x4D,0x8B,0x5E,0x40,0x4D,0x89,0x5E,0x30,0x4D,0x8B,0x5E,0x48,0x4D,0x89,0x5E
	.byte 0x40,0x49,0x89,0x4E,0x48,0x49,0x89,0x7E,0x08,0x41,0xBB,0xC3,0x00,0x00,0x00,0x4D
	.byte 0x89,0x1E,0x48,0x8D,0x05,0x05,0x00,0x00,0x00,0xE9,0xE0,0x82,0xFF,0xFF,0x49,0x8B
	.byte 0x4E,0x48,0x4D,0x8B,0x5E,0x40,0x4D,0x89,0x5E,0x48,0x4D,0x8B,0x5E,0x30,0x4D,0x89
	.byte 0x5E,0x40,0x4D,0x8B,0x5E,0x18,0x4D,0x89,0x5E,0x30,0xE9,0x05,0x00,0x00,0x00,0x90
	.byte 0x49,0x89,0x56,0x68,0x48,0x89,0xF8,0x48,0xD1,0xE8,0x48,0x89,0xCE,0x48,0xF7,0xE6
	.byte 0x48,0x89,0xCE,0x48,0x09,0xF9,0x48,0x83,0xE1,0x01,0x48,0x09,0xD1,0x48,0xD1,0xE8
	.byte 0x48,0x83,0xF9,0x00,0x0F,0x84,0x42,0x00,0x00,0x00,0x49,0x89,0x7E,0x18,0x49,0x89
	.byte 0x76,0x08,0x41,0xBB,0xC4,0x00,0x00,0x00,0x4D,0x89,0x1E,0x48,0x8D,0x05,0x06,0x00
	.byte 0x00,0x00,0xE9,0x89,0x82,0xFF,0xFF,0x90,0x48,0x89,0xF8,0x49,0x8B,0x4E,0x68,0x4D
	.byte 0x8B,0x5E,0x58,0x4D,0x89,0x5E,0x68,0x4D,0x8B,0x5E,0x40,0x4D,0x89,0x5E,0x58,0x4D
	.byte 0x8B,0x5E,0x30,0x4D,0x89,0x5E,0x40,0xE9,0x1C,0x00,0x00,0x00,0x49,0x8B,0x4E,0x68
	.byte 0x4D,0x8B,0x5E,0x58,0x4D,0x89,0x5E,0x68,0x4D,0x8B,0x5E,0x40,0x4D,0x89,0x5E,0x58
	.byte 0x4D,0x8B,0x5E,0x30,0x4D,0x89,0x5E,0x40,0x48,0x89,0xC6,0x48,0x83,0xCE,0x08,0x48
	.byte 0x89,0xF7,0x48,0xC1,0xEF,0x3F,0x48,0x09,0xF7,0x48,0xF7,0xC7,0x01,0x00,0x00,0x00
	.byte 0x0F,0x84,0x32,0x00,0x00,0x00,0xBE,0x08,0x00,0x00,0x00,0x48,0x89,0xC7,0x49,0x89
	.byte 0x76,0x30,0x49,0x89,0x46,0x18,0x41,0xBB,0xC5,0x00,0x00,0x00,0x4D,0x89,0x1E,0x48
	.byte 0x8D,0x05,0x06,0x00,0x00,0x00,0xE9,0x0F,0x82,0xFF,0xFF,0x90,0x48,0x89,0xFA,0x49
	.byte 0x8B,0x76,0x40,0xE9,0x10,0x00,0x00,0x00,0x31,0xD2,0x48,0xF7,0xF1,0x48,0x89,0xC2
	.byte 0x48,0xC1,0xE2,0x02,0x49,0x8B,0x76,0x40,0x48,0x89,0xD7,0x48,0x01,0xF7,0xB8,0x00
	.byte 0x00,0x00,0x00,0x40,0x0F,0x90,0xC0,0x48,0x89,0xF1,0x48,0x09,0xD1,0x48,0x09,0xC1
	.byte 0x48,0xF7,0xC1,0x01,0x00,0x00,0x00,0x0F,0x84,0x2B,0x00,0x00,0x00,0x48,0x89,0xD7
	.byte 0x49,0x89,0x56,0x30,0x49,0x89,0x76,0x40,0x41,0xBB,0xC6,0x00,0x00,0x00,0x4D,0x89
	.byte 0x1E,0x48,0x8D,0x05,0x06,0x00,0x00,0x00,0xE9,0x91,0x81,0xFF,0xFF,0x90,0x49,0x8B
	.byte 0x76,0x58,0xE9,0x05,0x00,0x00,0x00,0x90,0x49,0x8B,0x76,0x58,0x49,0x8B,0x45,0xB8
	.byte 0x48,0x8B,0x40,0x10,0x48,0xD1,0xE7,0x4C,0x01,0xE7,0x48,0xC1,0xE8,0x09,0x48,0x01
	.byte 0xC7,0x48,0x8B,0x57,0x08,0xBF,0x20,0x00,0x00,0x00,0x48,0x01,0xF7,0xB8,0x00,0x00
	.byte 0x00,0x00,0x40,0x0F,0x90,0xC0,0x49,0x89,0x76,0x30,0x48,0x09,0xC6,0x48,0x83,0xCE
	.byte 0x20,0x48,0xF7,0xC6,0x01,0x00,0x00,0x00,0x0F,0x84,0x2C,0x00,0x00,0x00,0xBF,0x20
	.byte 0x00,0x00,0x00,0x49,0x8B,0x76,0x30,0x49,0x89,0x7E,0x58,0x49,0x89,0x56,0x18,0x41
	.byte 0xBB,0xC7,0x00,0x00,0x00,0x4D,0x89,0x1E,0x48,0x8D,0x05,0x05,0x00,0x00,0x00,0xE9
	.byte 0x1A,0x81,0xFF,0xFF,0xE9,0x05,0x00,0x00,0x00,0x90,0x49,0x89,0x56,0x18,0xB8,0x0C
	.byte 0x00,0x00,0x00,0x48,0xF7,0xC7,0x01,0x00,0x00,0x00,0x0F,0x84,0x80,0x00,0x00,0x00
	.byte 0x48,0xBF,0xFF,0xFF,0xFF,0xFF,0xFF,0xFF,0xFF,0xFF,0x41,0xBB,0xC8,0x00,0x00,0x00
	.byte 0x4D,0x89,0x1E,0x48,0x8D,0x05,0x06,0x00,0x00,0x00,0xE9,0x69,0x74,0xFF,0xFF,0x90
	.byte 0x45,0x31,0xDB,0x4D,0x89,0x5E,0x18,0x4D,0x8B,0x5E,0x18,0x4D,0x89,0x5E,0x20,0x4D
	.byte 0x8B,0x5E,0x18,0x4D,0x89,0x5E,0x60,0x4D,0x8B,0x5E,0x18,0x4D,0x89,0x5E,0x68,0x4D
	.byte 0x8B,0x5E,0x18,0x4D,0x89,0x5E,0x58,0x4D,0x8B,0x5E,0x18,0x4D,0x89,0x5E,0x10,0x4D
	.byte 0x8B,0x5E,0x18,0x4D,0x89,0x5E,0x50,0x4D,0x8B,0x5E,0x18,0x4D,0x89,0x5E,0x38,0x4D
	.byte 0x8B,0x5E,0x18,0x4D,0x89,0x5E,0x48,0x49,0x8B,0x7E,0x18,0x4D,0x8B,0x5E,0x18,0x4D
	.byte 0x89,0x5E,0x30,0x4D,0x8B,0x5E,0x18,0x4D,0x89,0x5E,0x28,0xE9,0x04,0x00,0x00,0x00
	.byte 0x49,0x89,0x46,0x58,0x49,0x89,0x7E,0x40,0x48,0xC1,0xEF,0x02,0x49,0xBA,0x00,0x00
	.byte 0x00,0x00,0x01,0x00,0x00,0x00,0x4C,0x39,0xD7,0x0F,0x82,0x0F,0x00,0x00,0x00,0x48
	.byte 0xBF,0xFF,0xFF,0xFF,0xFF,0xFF,0xFF,0xFF,0xFF,0xE9,0x08,0x00,0x00,0x00,0x48,0x83
	.byte 0xC7,0x01,0x48,0xC1,0xE7,0x03,0x49,0x8B,0x45,0xD8,0x49,0x8B,0x75,0xF8,0x48,0x29
	.byte 0xF0,0x48,0x39,0xF8,0x0F,0x82,0x2A,0x00,0x00,0x00,0x49,0x8B,0x5E,0x68,0x4D,0x8B
	.byte 0x4E,0x58,0x4D,0x8B,0x7E,0x50,0x4D,0x8B,0x5E,0x48,0x4D,0x89,0x5E,0x50,0x49,0x8B
	.byte 0x46,0x40,0x4D,0x8B,0x46,0x30,0x4D,0x8B,0x5E,0x18,0x4D,0x89,0x5E,0x40,0xE9,0x3B
	.byte 0x00,0x00,0x00,0x90,0x41,0xBB,0xC9,0x00,0x00,0x00,0x4D,0x89,0x1E,0x48,0x8D,0x05
	.byte 0x06,0x00,0x00,0x00,0xE9,0x7F,0x73,0xFF,0xFF,0x90,0x49,0x8B,0x5E,0x68,0x4D,0x8B
	.byte 0x4E,0x58,0x4D,0x8B,0x7E,0x50,0x4D,0x8B,0x5E,0x48,0x4D,0x89,0x5E,0x50,0x49,0x8B
	.byte 0x46,0x40,0x4D,0x8B,0x46,0x30,0x4D,0x8B,0x5E,0x18,0x4D,0x89,0x5E,0x40,0x49,0x8B
	.byte 0x7D,0xF8,0x48,0x89,0xC6,0x48,0xC1,0xE6,0x1E,0x48,0x81,0xCE,0xF3,0x01,0x00,0x00
	.byte 0x48,0x89,0xC2,0x49,0x89,0x46,0x18,0x48,0xC1,0xEA,0x02,0x48,0x89,0xF8,0x48,0x89
	.byte 0x30,0x48,0x89,0xC6,0x4D,0x8B,0x56,0x40,0x4C,0x89,0x56,0x08,0x4D,0x8B,0x56,0x38
	.byte 0x4C,0x89,0x56,0x10,0x4D,0x8B,0x56,0x10,0x4C,0x89,0x56,0x18,0x4C,0x89,0x7E,0x20
	.byte 0x4D,0x8B,0x56,0x60,0x4C,0x89,0x56,0x28,0x4D,0x8B,0x56,0x28,0x4C,0x89,0x56,0x30
	.byte 0x4D,0x8B,0x56,0x20,0x4C,0x89,0x56,0x38,0x4D,0x8B,0x56,0x50,0x4C,0x89,0x56,0x40
	.byte 0x49,0x8B,0x7D,0xF8,0x4C,0x29,0xE7,0x48,0xC1,0xE7,0x09,0x48,0x83,0xCF,0x01,0x48
	.byte 0x81,0xCF,0xE0,0x01,0x00,0x00,0x48,0x83,0xFA,0x0F,0x0F,0x82,0x10,0x00,0x00,0x00
	.byte 0x48,0x83,0xCF,0x1E,0x48,0x89,0xD0,0x48,0x89,0xF9,0xE9,0x11,0x00,0x00,0x00,0x90
	.byte 0x48,0x89,0xD0,0x48,0xD1,0xE0,0x48,0x09,0xF8,0x48,0x89,0xC1,0x48,0x89,0xD0,0x90
	.byte 0x48,0xC1,0xE0,0x03,0x48,0x89,0xC7,0x48,0x89,0xF0,0x48,0x01,0xC7,0x48,0x83,0xC7
	.byte 0x08,0x49,0x89,0x7D,0xF8,0x48,0x89,0xC2,0x4C,0x89,0xC7,0x48,0x83,0xC2,0x48,0x4C
	.byte 0x89,0xCE,0x4D,0x89,0x4E,0x48,0x48,0xD1,0xE6,0x4C,0x01,0xE6,0x48,0x89,0xD8,0x49
	.byte 0x89,0x5E,0x30,0x48,0xC1,0xE8,0x09,0x48,0x01,0xC6,0x48,0x83,0xC6,0x08,0x48,0x85
	.byte 0xFF,0x0F,0x84,0x27,0x00,0x00,0x00,0x4D,0x89,0x7E,0x68,0x49,0x89,0x7E,0x58,0x41
	.byte 0xBB,0xCA,0x00,0x00,0x00,0x4D,0x89,0x1E,0x48,0x8D,0x05,0x05,0x00,0x00,0x00,0xE9
	.byte 0xA4,0x84,0xFF,0xFF,0x49,0x8B,0x46,0x70,0xE9,0x09,0x00,0x00,0x00,0x90,0x49,0x8B
	.byte 0x46,0x70,0x48,0x89,0xCF,0x90,0x49,0x83,0xC6,0x78,0xFF,0xE0,0x49,0x81,0xEE,0x80
	.byte 0x00,0x00,0x00,0x4D,0x39,0xEE,0x0F,0x82,0x20,0x72,0xFF,0xFF,0x4D,0x89,0x46,0x50
	.byte 0x49,0x89,0xC8,0x48,0x89,0xC1,0x48,0x89,0xD8,0x49,0x89,0x7E,0x58,0x49,0x89,0xF7
	.byte 0x4D,0x89,0x4E,0x70,0x49,0x89,0xD1,0x48,0xC1,0xE8,0x09,0x4C,0x01,0xE0,0x48,0x8B
	.byte 0x78,0x10,0x48,0xBA,0xE8,0xFF,0xFF,0xFF,0xFF,0xFF,0xFF,0xFF,0x48,0x01,0xFA,0xB8
	.byte 0x00,0x00,0x00,0x00,0x40,0x0F,0x90,0xC0,0x48,0x89,0xFE,0x48,0x09,0xC7,0x48,0x89
	.byte 0xF8,0x48,0x83,0xC8,0xE8,0x48,0xA9,0x01,0x00,0x00,0x00,0x0F,0x84,0x41,0x00,0x00
	.byte 0x00,0x48,0xBF,0xE8,0xFF,0xFF,0xFF,0xFF,0xFF,0xFF,0xFF,0x49,0x89,0x4E,0x78,0x49
	.byte 0x89,0x76,0x30,0x4D,0x89,0x46,0x68,0x4D,0x89,0x7E,0x60,0x49,0x89,0x7E,0x38,0x4D
	.byte 0x89,0x4E,0x48,0x49,0x89,0x5E,0x40,0x41,0xBB,0xCB,0x00,0x00,0x00,0x4D,0x89,0x1E
	.byte 0x48,0x8D,0x05,0x05,0x00,0x00,0x00,0xE9,0x12,0x7E,0xFF,0xFF,0xE9,0x19,0x00,0x00
	.byte 0x00,0x90,0x48,0x89,0xD7,0x49,0x89,0x4E,0x78,0x4D,0x89,0x46,0x68,0x4D,0x89,0x7E
	.byte 0x60,0x4D,0x89,0x4E,0x48,0x49,0x89,0x5E,0x40,0x90,0x31,0xD2,0x31,0xC0,0x48,0xF7
	.byte 0xC7,0x01,0x00,0x00,0x00,0x0F,0x84,0x35,0x00,0x00,0x00,0x31,0xF6,0x4D,0x8B,0x5E
	.byte 0x40,0x4D,0x89,0x5E,0x38,0x49,0x89,0x7E,0x40,0x49,0x89,0x56,0x30,0x41,0xBB,0xCC
	.byte 0x00,0x00,0x00,0x4D,0x89,0x1E,0x48,0x8D,0x05,0x05,0x00,0x00,0x00,0xE9,0x34,0x7E
	.byte 0xFF,0xFF,0x49,0x8B,0x76,0x38,0xB8,0x01,0x00,0x00,0x00,0xE9,0x08,0x00,0x00,0x00
	.byte 0x49,0x8B,0x76,0x40,0x49,0x89,0x7E,0x40,0x48,0x39,0xC7,0x0F,0x8D,0x21,0x06,0x00
	.byte 0x00,0x48,0x89,0xF0,0x48,0xC1,0xEE,0x09,0x4C,0x01,0xE6,0x48,0x8B,0x7E,0x10,0x48
	.byte 0x83,0xFF,0x14,0x0F,0x8D,0xBD,0x02,0x00,0x00,0x48,0x83,0xFF,0x08,0x0F,0x8D,0x2F
	.byte 0x01,0x00,0x00,0x48,0x83,0xFF,0x04,0x0F,0x8D,0xA9,0x00,0x00,0x00,0x48,0x89,0xC6
	.byte 0x48,0xC1,0xE8,0x09,0x4C,0x01,0xE0,0x48,0x8B,0x50,0x08,0x49,0x8B,0x7E,0x70,0x4D
	.byte 0x8B,0x5E,0x68,0x4D,0x89,0x5E,0x70,0x4D,0x8B,0x5E,0x60,0x4D,0x89,0x5E,0x68,0x4D
	.byte 0x8B,0x5E,0x58,0x4D,0x89,0x5E,0x60,0x4D,0x8B,0x5E,0x50,0x4D,0x89,0x5E,0x58,0x4D
	.byte 0x8B,0x5E,0x48,0x4D,0x89,0x5E,0x50,0x41,0xBB,0xCD,0x00,0x00,0x00,0x4D,0x89,0x1E
	.byte 0x48,0x8D,0x05,0x03,0x00,0x00,0x00,0xFF,0xE2,0x90,0x48,0x89,0xF8,0x4D,0x8B,0x7E
	.byte 0x78,0x49,0x8B,0x4E,0x70,0x49,0x8B,0x76,0x68,0x49,0x8B,0x7E,0x60,0x4D,0x8B,0x46
	.byte 0x58,0x49,0x8B,0x56,0x50,0x49,0x89,0xC1,0x48,0xC1,0xE8,0x09,0x4C,0x01,0xE0,0x48
	.byte 0x8B,0x40,0x10,0x48,0x83,0xF8,0x10,0x0F,0x85,0x1D,0x00,0x00,0x00,0x4C,0x89,0xC8
	.byte 0x49,0xC1,0xE9,0x09,0x4D,0x01,0xE1,0x49,0x8B,0x59,0x08,0x49,0x89,0xC1,0x4C,0x89
	.byte 0xF8,0x49,0x81,0xC6,0x80,0x00,0x00,0x00,0xFF,0xE3,0x4C,0x89,0xF8,0x49,0x83,0xC6
	.byte 0x08,0xE9,0x16,0xED,0xFF,0xFF,0x48,0x89,0xC2,0x48,0xC1,0xE8,0x09,0x4C,0x01,0xE0
	.byte 0x48,0x8B,0x48,0x08,0x49,0x8B,0x7E,0x50,0x49,0x8B,0x76,0x70,0x41,0xBB,0xCE,0x00
	.byte 0x00,0x00,0x4D,0x89,0x1E,0x48,0x8D,0x05,0x02,0x00,0x00,0x00,0xFF,0xE1,0x49,0x89
	.byte 0xF9,0x49,0x8B,0x46,0x78,0x49,0x8B,0x4E,0x68,0x49,0x8B,0x76,0x60,0x49,0x8B,0x7E
	.byte 0x58,0x49,0x8B,0x56,0x48,0x4D,0x89,0xC8,0x49,0xC1,0xE9,0x09,0x4D,0x01,0xE1,0x4D
	.byte 0x8B,0x49,0x10,0x49,0x83,0xF9,0x0C,0x0F,0x85,0x1B,0x00,0x00,0x00,0x4C,0x89,0xC3
	.byte 0x49,0xC1,0xE8,0x09,0x4D,0x01,0xE0,0x4D,0x8B,0x48,0x08,0x49,0x89,0xD8,0x49,0x81
	.byte 0xC6,0x80,0x00,0x00,0x00,0x41,0xFF,0xE1,0x49,0x83,0xC6,0x10,0xE9,0x77,0xDC,0xFF
	.byte 0xFF,0x90,0x48,0x83,0xFF,0x0C,0x0F,0x8D,0x7E,0x00,0x00,0x00,0x48,0x89,0xC1,0x48
	.byte 0xC1,0xE8,0x09,0x4C,0x01,0xE0,0x4C,0x8B,0x40,0x08,0x49,0x8B,0x7E,0x68,0x49,0x8B
	.byte 0x76,0x50,0x49,0x8B,0x56,0x70,0x41,0xBB,0xCF,0x00,0x00,0x00,0x4D,0x89,0x1E,0x48
	.byte 0x8D,0x05,0x04,0x00,0x00,0x00,0x41,0xFF,0xE0,0x90,0x49,0x89,0xF8,0x49,0x8B,0x46
	.byte 0x78,0x49,0x8B,0x76,0x60,0x49,0x8B,0x7E,0x58,0x49,0x8B,0x56,0x48,0x4C,0x89,0xC1
	.byte 0x49,0xC1,0xE8,0x09,0x4D,0x01,0xE0,0x4D,0x8B,0x40,0x10,0x49,0x83,0xF8,0x08,0x0F
	.byte 0x85,0x1B,0x00,0x00,0x00,0x49,0x89,0xC9,0x48,0xC1,0xE9,0x09,0x4C,0x01,0xE1,0x4C
	.byte 0x8B,0x41,0x08,0x4C,0x89,0xC9,0x49,0x81,0xC6,0x80,0x00,0x00,0x00,0x41,0xFF,0xE0
	.byte 0x49,0x83,0xC6,0x18,0xE9,0x2B,0xCC,0xFF,0xFF,0x90,0x48,0x83,0xFF,0x10,0x0F,0x8D
	.byte 0x7A,0x00,0x00,0x00,0x49,0x89,0xC0,0x48,0xC1,0xE8,0x09,0x4C,0x01,0xE0,0x4C,0x8B
	.byte 0x48,0x08,0x49,0x8B,0x7E,0x48,0x49,0x8B,0x76,0x68,0x49,0x8B,0x56,0x50,0x49,0x8B
	.byte 0x4E,0x70,0x41,0xBB,0xD0,0x00,0x00,0x00,0x4D,0x89,0x1E,0x48,0x8D,0x05,0x04,0x00
	.byte 0x00,0x00,0x41,0xFF,0xE1,0x90,0x48,0x89,0xF9,0x49,0x8B,0x46,0x78,0x49,0x8B,0x76
	.byte 0x60,0x49,0x8B,0x7E,0x58,0x48,0x89,0xCA,0x48,0xC1,0xE9,0x09,0x4C,0x01,0xE1,0x48
	.byte 0x8B,0x49,0x10,0x48,0x83,0xF9,0x04,0x0F,0x85,0x17,0x00,0x00,0x00,0x48,0x89,0xD1
	.byte 0x48,0xC1,0xE9,0x09,0x4C,0x01,0xE1,0x48,0x8B,0x49,0x08,0x49,0x81,0xC6,0x80,0x00
	.byte 0x00,0x00,0xFF,0xE1,0x49,0x83,0xC6,0x20,0xE9,0x67,0xBC,0xFF,0xFF,0x90,0x49,0x89
	.byte 0xC1,0x48,0xC1,0xE8,0x09,0x4C,0x01,0xE0,0x48,0x8B,0x58,0x08,0x49,0x8B,0x7E,0x60
	.byte 0x49,0x8B,0x76,0x48,0x49,0x8B,0x56,0x68,0x49,0x8B,0x4E,0x50,0x4D,0x8B,0x46,0x70
	.byte 0x41,0xBB,0xD1,0x00,0x00,0x00,0x4D,0x89,0x1E,0x48,0x8D,0x05,0x02,0x00,0x00,0x00
	.byte 0xFF,0xE3,0x48,0x89,0xFA,0x49,0x8B,0x46,0x78,0x49,0x8B,0x7E,0x58,0x48,0x89,0xD6
	.byte 0x48,0xC1,0xEA,0x09,0x4C,0x01,0xE2,0x48,0x8B,0x52,0x10,0x48,0x83,0xFA,0x00,0x0F
	.byte 0x85,0x17,0x00,0x00,0x00,0x48,0x89,0xF2,0x48,0xC1,0xEA,0x09,0x4C,0x01,0xE2,0x48
	.byte 0x8B,0x52,0x08,0x49,0x81,0xC6,0x80,0x00,0x00,0x00,0xFF,0xE2,0x49,0x83,0xC6,0x30
	.byte 0xE9,0xF5,0xAD,0xFF,0xFF,0x90,0x48,0x83,0xFF,0x1C,0x0F,0x8D,0x0E,0x01,0x00,0x00
	.byte 0x48,0x83,0xFF,0x18,0x0F,0x8D,0x78,0x00,0x00,0x00,0x48,0x89,0xC3,0x48,0xC1,0xE8
	.byte 0x09,0x4C,0x01,0xE0,0x4C,0x8B,0x78,0x08,0x49,0x8B,0x7E,0x58,0x49,0x8B,0x76,0x60
	.byte 0x49,0x8B,0x56,0x48,0x49,0x8B,0x4E,0x68,0x4D,0x8B,0x46,0x50,0x4D,0x8B,0x4E,0x70
	.byte 0x41,0xBB,0xD2,0x00,0x00,0x00,0x4D,0x89,0x1E,0x48,0x8D,0x05,0x04,0x00,0x00,0x00
	.byte 0x41,0xFF,0xE7,0x90,0x49,0x8B,0x46,0x78,0x48,0x89,0xFE,0x48,0xC1,0xEE,0x09,0x4C
	.byte 0x01,0xE6,0x48,0x8B,0x76,0x10,0x48,0x83,0xFE,0x00,0x0F,0x85,0x18,0x00,0x00,0x00
	.byte 0x48,0x89,0xFE,0x48,0xC1,0xEE,0x09,0x4C,0x01,0xE6,0x48,0x8B,0x76,0x08,0x49,0x81
	.byte 0xC6,0x80,0x00,0x00,0x00,0xFF,0xE6,0x90,0x49,0x83,0xC6,0x30,0xE9,0x69,0xAD,0xFF
	.byte 0xFF,0x90,0x49,0x89,0xC7,0x48,0xC1,0xE8,0x09,0x4C,0x01,0xE0,0x48,0x8B,0x40,0x08
	.byte 0x49,0x8B,0x7E,0x40,0x49,0x8B,0x76,0x58,0x49,0x8B,0x56,0x60,0x49,0x8B,0x4E,0x48
	.byte 0x4D,0x8B,0x46,0x68,0x4D,0x8B,0x4E,0x50,0x49,0x8B,0x5E,0x70,0x4D,0x8B,0x5E,0x78
	.byte 0x4D,0x89,0x5E,0x70,0x49,0x89,0x46,0x78,0x4D,0x8B,0x56,0x78,0x41,0xBB,0xD3,0x00
	.byte 0x00,0x00,0x4D,0x89,0x1E,0x48,0x8D,0x05,0x04,0x00,0x00,0x00,0x41,0xFF,0xE2,0x90
	.byte 0x49,0x8B,0x46,0x70,0x48,0x89,0xFE,0x48,0xC1,0xEE,0x09,0x4C,0x01,0xE6,0x48,0x8B
	.byte 0x76,0x10,0x48,0x83,0xFE,0x00,0x0F,0x85,0x18,0x00,0x00,0x00,0x48,0x89,0xFE,0x48
	.byte 0xC1,0xEE,0x09,0x4C,0x01,0xE6,0x48,0x8B,0x76,0x08,0x49,0x81,0xC6,0x80,0x00,0x00
	.byte 0x00,0xFF,0xE6,0x90,0x49,0x83,0xC6,0x30,0xE9,0xDD,0xAC,0xFF,0xFF,0x90,0x48,0x83
	.byte 0xFF,0x20,0x0F,0x8D,0xA6,0x00,0x00,0x00,0x48,0x89,0xC6,0x48,0xC1,0xE8,0x09,0x4C
	.byte 0x01,0xE0,0x48,0x8B,0x40,0x08,0x4D,0x8B,0x4E,0x68,0x4D,0x8B,0x5E,0x78,0x4D,0x89
	.byte 0x5E,0x68,0x49,0x89,0x76,0x78,0x49,0x8B,0x76,0x40,0x49,0x8B,0x56,0x58,0x49,0x8B
	.byte 0x4E,0x60,0x4D,0x8B,0x46,0x48,0x49,0x8B,0x5E,0x50,0x4D,0x8B,0x7E,0x70,0x49,0x89
	.byte 0x46,0x70,0x4D,0x8B,0x56,0x70,0x41,0xBB,0xD4,0x00,0x00,0x00,0x4D,0x89,0x1E,0x49
	.byte 0x83,0xEE,0x08,0x4D,0x39,0xEE,0x0F,0x82,0xD0,0x6C,0xFF,0xFF,0x4D,0x8B,0x9E,0x80
	.byte 0x00,0x00,0x00,0x4D,0x89,0x1E,0x48,0x8D,0x05,0x03,0x00,0x00,0x00,0x41,0xFF,0xE2
	.byte 0x49,0x8B,0x46,0x68,0x48,0x89,0xFE,0x48,0xC1,0xEE,0x09,0x4C,0x01,0xE6,0x48,0x8B
	.byte 0x76,0x10,0x48,0x83,0xFE,0x00,0x0F,0x85,0x18,0x00,0x00,0x00,0x48,0x89,0xFE,0x48
	.byte 0xC1,0xEE,0x09,0x4C,0x01,0xE6,0x48,0x8B,0x76,0x08,0x49,0x81,0xC6,0x80,0x00,0x00
	.byte 0x00,0xFF,0xE6,0x90,0x49,0x83,0xC6,0x30,0xE9,0x2D,0xAC,0xFF,0xFF,0x90,0x48,0x83
	.byte 0xFF,0x24,0x0F,0x8D,0xB8,0x00,0x00,0x00,0x48,0x89,0xC6,0x48,0xC1,0xE8,0x09,0x4C
	.byte 0x01,0xE0,0x48,0x8B,0x40,0x08,0x4D,0x8B,0x46,0x60,0x4D,0x8B,0x5E,0x78,0x4D,0x89
	.byte 0x5E,0x60,0x4D,0x8B,0x5E,0x70,0x4D,0x89,0x5E,0x78,0x49,0x89,0x76,0x70,0x48,0x89
	.byte 0xFE,0x49,0x8B,0x56,0x40,0x49,0x8B,0x4E,0x58,0x4D,0x8B,0x4E,0x48,0x49,0x8B,0x5E
	.byte 0x68,0x4D,0x8B,0x7E,0x50,0x49,0x89,0x46,0x68,0x4D,0x8B,0x56,0x68,0x41,0xBB,0xD5
	.byte 0x00,0x00,0x00,0x4D,0x89,0x1E,0x49,0x83,0xEE,0x10,0x4D,0x39,0xEE,0x0F,0x82,0x19
	.byte 0x6C,0xFF,0xFF,0x4D,0x8B,0x9E,0x88,0x00,0x00,0x00,0x4D,0x89,0x5E,0x08,0x4D,0x8B
	.byte 0x9E,0x80,0x00,0x00,0x00,0x4D,0x89,0x1E,0x48,0x8D,0x05,0x03,0x00,0x00,0x00,0x41
	.byte 0xFF,0xE2,0x49,0x8B,0x46,0x60,0x48,0x89,0xFE,0x48,0xC1,0xEE,0x09,0x4C,0x01,0xE6
	.byte 0x48,0x8B,0x76,0x10,0x48,0x83,0xFE,0x00,0x0F,0x85,0x18,0x00,0x00,0x00,0x48,0x89
	.byte 0xFE,0x48,0xC1,0xEE,0x09,0x4C,0x01,0xE6,0x48,0x8B,0x76,0x08,0x49,0x81,0xC6,0x80
	.byte 0x00,0x00,0x00,0xFF,0xE6,0x90,0x49,0x83,0xC6,0x30,0xE9,0x6B,0xAB,0xFF,0xFF,0x90
	.byte 0x48,0x89,0xC6,0x48,0xC1,0xE8,0x09,0x4C,0x01,0xE0,0x48,0x8B,0x40,0x08,0x4D,0x8B
	.byte 0x7E,0x68,0x49,0x89,0x76,0x68,0x48,0x89,0xFE,0x48,0x89,0xFA,0x49,0x8B,0x4E,0x40
	.byte 0x4D,0x8B,0x46,0x58,0x4D,0x8B,0x4E,0x60,0x49,0x8B,0x5E,0x48,0x4D,0x8B,0x5E,0x78
	.byte 0x4D,0x89,0x5E,0x58,0x4D,0x8B,0x5E,0x50,0x4D,0x89,0x5E,0x78,0x49,0x89,0x46,0x60
	.byte 0x4D,0x8B,0x56,0x60,0x41,0xBB,0xD6,0x00,0x00,0x00,0x4D,0x89,0x1E,0x49,0x83,0xEE
	.byte 0x18,0x4D,0x39,0xEE,0x0F,0x82,0x62,0x6B,0xFF,0xFF,0x4D,0x8B,0x9E,0x90,0x00,0x00
	.byte 0x00,0x4D,0x89,0x5E,0x10,0x4D,0x8B,0x9E,0x88,0x00,0x00,0x00,0x4D,0x89,0x5E,0x08
	.byte 0x4D,0x8B,0x9E,0x80,0x00,0x00,0x00,0x4D,0x89,0x1E,0x48,0x8D,0x05,0x03,0x00,0x00
	.byte 0x00,0x41,0xFF,0xE2,0x49,0x8B,0x46,0x58,0x48,0x89,0xFE,0x48,0xC1,0xEE,0x09,0x4C
	.byte 0x01,0xE6,0x48,0x8B,0x76,0x10,0x48,0x83,0xFE,0x00,0x0F,0x85,0x18,0x00,0x00,0x00
	.byte 0x48,0x89,0xFE,0x48,0xC1,0xEE,0x09,0x4C,0x01,0xE6,0x48,0x8B,0x76,0x08,0x49,0x81
	.byte 0xC6,0x80,0x00,0x00,0x00,0xFF,0xE6,0x90,0x49,0x83,0xC6,0x30,0xE9,0xA9,0xAA,0xFF
	.byte 0xFF,0x90,0x48,0xF7,0xC6,0x01,0x00,0x00,0x00,0x0F,0x84,0x1F,0x00,0x00,0x00,0x48
	.byte 0x89,0xF0,0x48,0xC1,0xEE,0x09,0x4C,0x01,0xE6,0x48,0x8B,0x36,0x48,0xBF,0xFE,0xFF
	.byte 0xFF,0xFF,0x00,0x00,0x00,0x00,0x48,0x21,0xFE,0xE9,0x04,0x00,0x00,0x00,0x48,0x89
	.byte 0xF0,0x90,0x48,0x81,0xFE,0xE2,0x01,0x00,0x00,0x0F,0x85,0x17,0x03,0x00,0x00,0x49
	.byte 0x89,0x46,0x30,0x48,0xC1,0xE8,0x09,0x4C,0x01,0xE0,0x48,0x8B,0x48,0x10,0xBA,0x08
	.byte 0x00,0x00,0x00,0x48,0xBF,0xFC,0xFF,0xFF,0xFF,0xFF,0xFF,0xFF,0xFF,0x48,0x01,0xCF
	.byte 0xB8,0x00,0x00,0x00,0x00,0x40,0x0F,0x90,0xC0,0x48,0x89,0xCE,0x48,0x09,0xC6,0x48
	.byte 0x83,0xCE,0xFC,0x48,0xF7,0xC6,0x01,0x00,0x00,0x00,0x0F,0x84,0x70,0x00,0x00,0x00
	.byte 0x48,0xBF,0xFC,0xFF,0xFF,0xFF,0xFF,0xFF,0xFF,0xFF,0x48,0x89,0xCE,0x4D,0x8B,0x5E
	.byte 0x50,0x4D,0x89,0x5E,0x38,0x4D,0x8B,0x5E,0x70,0x4D,0x89,0x5E,0x50,0x49,0x89,0x56
	.byte 0x70,0x4D,0x8B,0x5E,0x30,0x4D,0x89,0x5E,0x28,0x4D,0x8B,0x5E,0x48,0x4D,0x89,0x5E
	.byte 0x30,0x49,0x89,0x4E,0x48,0x49,0x89,0x7E,0x20,0x41,0xBB,0xD7,0x00,0x00,0x00,0x4D
	.byte 0x89,0x1E,0x48,0x8D,0x05,0x05,0x00,0x00,0x00,0xE9,0xB0,0x76,0xFF,0xFF,0x49,0x8B
	.byte 0x4E,0x48,0x4D,0x8B,0x5E,0x38,0x4D,0x89,0x5E,0x48,0x4D,0x8B,0x5E,0x30,0x4D,0x89
	.byte 0x5E,0x38,0x4D,0x8B,0x5E,0x28,0x4D,0x89,0x5E,0x30,0xE9,0x1D,0x00,0x00,0x00,0x90
	.byte 0x4D,0x8B,0x5E,0x48,0x4D,0x89,0x5E,0x38,0x4D,0x8B,0x5E,0x50,0x4D,0x89,0x5E,0x48
	.byte 0x4D,0x8B,0x5E,0x70,0x4D,0x89,0x5E,0x50,0x49,0x89,0x56,0x70,0x49,0x89,0xF8,0x48
	.byte 0xD1,0xEF,0x48,0x89,0xF8,0x48,0x89,0xCE,0x48,0xF7,0xE6,0x48,0x89,0xCE,0x4C,0x09
	.byte 0xC1,0x48,0x83,0xE1,0x01,0x48,0x09,0xD1,0x48,0x89,0xC7,0x48,0xD1,0xEF,0x48,0x83
	.byte 0xF9,0x00,0x0F,0x84,0x42,0x00,0x00,0x00,0x4C,0x89,0xC7,0x4D,0x89,0x46,0x20,0x4D
	.byte 0x8B,0x56,0x40,0x4D,0x8B,0x5E,0x48,0x4D,0x89,0x5E,0x40,0x4D,0x8B,0x5E,0x58,0x4D
	.byte 0x89,0x5E,0x48,0x4D,0x89,0x56,0x58,0x49,0x89,0x76,0x28,0x41,0xBB,0xD8,0x00,0x00
	.byte 0x00,0x4D,0x89,0x1E,0x48,0x8D,0x05,0x05,0x00,0x00,0x00,0xE9,0x20,0x76,0xFF,0xFF
	.byte 0x49,0x8B,0x4E,0x70,0xE9,0x1D,0x00,0x00,0x00,0x90,0x49,0x8B,0x4E,0x70,0x4D,0x8B
	.byte 0x56,0x40,0x4D,0x8B,0x5E,0x48,0x4D,0x89,0x5E,0x40,0x4D,0x8B,0x5E,0x58,0x4D,0x89
	.byte 0x5E,0x48,0x4D,0x89,0x56,0x58,0x48,0x89,0xF8,0x48,0x83,0xCF,0x08,0x48,0x89,0xFE
	.byte 0x48,0xC1,0xEE,0x3F,0x48,0x09,0xFE,0x48,0xF7,0xC6,0x01,0x00,0x00,0x00,0x0F,0x84
	.byte 0x2E,0x00,0x00,0x00,0xBE,0x08,0x00,0x00,0x00,0x48,0x89,0xC7,0x49,0x89,0x76,0x28
	.byte 0x49,0x89,0x46,0x70,0x41,0xBB,0xD9,0x00,0x00,0x00,0x4D,0x89,0x1E,0x48,0x8D,0x05
	.byte 0x06,0x00,0x00,0x00,0xE9,0xC1,0x75,0xFF,0xFF,0x90,0x48,0x89,0xFE,0xE9,0x0C,0x00
	.byte 0x00,0x00,0x31,0xD2,0x48,0xF7,0xF1,0x48,0x89,0xC6,0x48,0xC1,0xE6,0x02,0xBF,0x14
	.byte 0x00,0x00,0x00,0x48,0x01,0xF7,0xB8,0x00,0x00,0x00,0x00,0x40,0x0F,0x90,0xC0,0x48
	.byte 0x89,0xF2,0x48,0x09,0xC2,0x48,0x83,0xCA,0x14,0x48,0xF7,0xC2,0x01,0x00,0x00,0x00
	.byte 0x0F,0x84,0x2C,0x00,0x00,0x00,0xBF,0x14,0x00,0x00,0x00,0x49,0x89,0x76,0x28,0x49
	.byte 0x89,0x7E,0x70,0x41,0xBB,0xDA,0x00,0x00,0x00,0x4D,0x89,0x1E,0x48,0x8D,0x05,0x05
	.byte 0x00,0x00,0x00,0xE9,0x46,0x75,0xFF,0xFF,0x49,0x89,0x7E,0x70,0xE9,0x05,0x00,0x00
	.byte 0x00,0x90,0x49,0x89,0x7E,0x70,0x49,0x8B,0x45,0xD8,0x49,0x8B,0x7D,0xF8,0x48,0x29
	.byte 0xF8,0x48,0x83,0xF8,0x50,0x0F,0x82,0x31,0x00,0x00,0x00,0x49,0x8B,0x76,0x70,0x49
	.byte 0x8B,0x56,0x68,0x49,0x8B,0x5E,0x60,0x4D,0x8B,0x7E,0x58,0x4D,0x8B,0x4E,0x50,0x4D
	.byte 0x8B,0x5E,0x48,0x4D,0x89,0x5E,0x70,0x49,0x8B,0x4E,0x40,0x4D,0x8B,0x46,0x38,0x4D
	.byte 0x8B,0x5E,0x30,0x4D,0x89,0x5E,0x68,0xE9,0x46,0x00,0x00,0x00,0xBF,0x50,0x00,0x00
	.byte 0x00,0x41,0xBB,0xDB,0x00,0x00,0x00,0x4D,0x89,0x1E,0x48,0x8D,0x05,0x05,0x00,0x00
	.byte 0x00,0xE9,0x62,0x68,0xFF,0xFF,0x49,0x8B,0x76,0x70,0x49,0x8B,0x56,0x68,0x49,0x8B
	.byte 0x5E,0x60,0x4D,0x8B,0x7E,0x58,0x4D,0x8B,0x4E,0x50,0x4D,0x8B,0x5E,0x48,0x4D,0x89
	.byte 0x5E,0x70,0x49,0x8B,0x4E,0x40,0x4D,0x8B,0x46,0x38,0x4D,0x8B,0x5E,0x30,0x4D,0x89
	.byte 0x5E,0x68,0x49,0x8B,0x45,0xB8,0x48,0x8B,0x78,0x10,0x48,0x89,0xF0,0x48,0xD1,0xE0
	.byte 0x4C,0x01,0xE0,0x48,0xC1,0xEF,0x09,0x48,0x01,0xF8,0x48,0x8B,0x70,0x08,0x49,0x8B
	.byte 0x7D,0xF8,0x48,0xB8,0xF3,0x01,0x00,0x00,0x09,0x00,0x00,0x00,0x48,0x89,0x07,0x48
	.byte 0x89,0xF8,0x48,0x89,0x70,0x08,0x4C,0x89,0x78,0x10,0x4D,0x8B,0x56,0x68,0x4C,0x89
	.byte 0x50,0x18,0x4D,0x8B,0x56,0x70,0x4C,0x89,0x50,0x20,0x48,0x89,0x58,0x28,0x4C,0x89
	.byte 0x40,0x30,0x48,0x89,0x50,0x38,0x48,0x89,0x48,0x40,0x4C,0x89,0x48,0x48,0x48,0x89
	.byte 0xC7,0x4C,0x29,0xE7,0x48,0xC1,0xE7,0x09,0x48,0x81,0xCF,0xF3,0x01,0x00,0x00,0x48
	.byte 0x83,0xC0,0x50,0x49,0x89,0x45,0xF8,0x4D,0x8B,0x5E,0x78,0x49,0x81,0xC6,0x80,0x00
	.byte 0x00,0x00,0x41,0xFF,0xE3,0x90,0x48,0xA9,0x01,0x00,0x00,0x00,0x0F,0x84,0x1C,0x00
	.byte 0x00,0x00,0x49,0x89,0x46,0x38,0x48,0xC1,0xE8,0x09,0x4C,0x01,0xE0,0x48,0x8B,0x30
	.byte 0x48,0xC1,0xEE,0x20,0x48,0xC1,0xE6,0x02,0xE9,0x07,0x00,0x00,0x00,0x90,0x31,0xF6
	.byte 0x49,0x89,0x46,0x38,0x48,0xBF,0xF4,0xFF,0xFF,0xFF,0xFF,0xFF,0xFF,0xFF,0x48,0x01
	.byte 0xF7,0xB8,0x00,0x00,0x00,0x00,0x40,0x0F,0x90,0xC0,0x48,0x89,0xF2,0x48,0x09,0xC2
	.byte 0x48,0x83,0xCA,0xF4,0x48,0xF7,0xC2,0x01,0x00,0x00,0x00,0x0F,0x84,0x59,0x00,0x00
	.byte 0x00,0x48,0xBF,0xF4,0xFF,0xFF,0xFF,0xFF,0xFF,0xFF,0xFF,0x4D,0x8B,0x5E,0x70,0x4D
	.byte 0x89,0x5E,0x28,0x4D,0x8B,0x5E,0x50,0x4D,0x89,0x5E,0x70,0x4D,0x8B,0x5E,0x58,0x4D
	.byte 0x89,0x5E,0x50,0x49,0x89,0x76,0x58,0x49,0x89,0x7E,0x30,0x41,0xBB,0xDC,0x00,0x00
	.byte 0x00,0x4D,0x89,0x1E,0x48,0x8D,0x05,0x05,0x00,0x00,0x00,0xE9,0x8E,0x73,0xFF,0xFF
	.byte 0x49,0x8B,0x76,0x40,0x4D,0x8B,0x5E,0x70,0x4D,0x89,0x5E,0x40,0x49,0x8B,0x46,0x38
	.byte 0x49,0x89,0x7E,0x58,0xE9,0x25,0x00,0x00,0x00,0x90,0x49,0x8B,0x76,0x40,0x4D,0x8B
	.byte 0x5E,0x50,0x4D,0x89,0x5E,0x40,0x4D,0x8B,0x5E,0x58,0x4D,0x89,0x5E,0x50,0x49,0x89
	.byte 0x7E,0x58,0x4D,0x8B,0x5E,0x70,0x4D,0x89,0x5E,0x28,0x49,0x8B,0x46,0x38,0x49,0x89
	.byte 0x46,0x30,0x48,0xC1,0xE8,0x09,0x4C,0x01,0xE0,0x48,0x8B,0x50,0x18,0xBF,0x18,0x00
	.byte 0x00,0x00,0x48,0x01,0xF7,0xB8,0x00,0x00,0x00,0x00,0x40,0x0F,0x90,0xC0,0x49,0x89
	.byte 0x76,0x70,0x48,0x09,0xC6,0x48,0x83,0xCE,0x18,0x48,0xF7,0xC6,0x01,0x00,0x00,0x00
	.byte 0x0F,0x84,0x50,0x00,0x00,0x00,0xBF,0x18,0x00,0x00,0x00,0x49,0x8B,0x76,0x70,0x4D
	.byte 0x8B,0x5E,0x60,0x4D,0x89,0x5E,0x18,0x4D,0x8B,0x5E,0x70,0x4D,0x89,0x5E,0x60,0x49
	.byte 0x89,0x7E,0x70,0x4D,0x8B,0x5E,0x68,0x4D,0x89,0x5E,0x38,0x49,0x89,0x56,0x10,0x41
	.byte 0xBB,0xDD,0x00,0x00,0x00,0x4D,0x89,0x1E,0x48,0x8D,0x05,0x05,0x00,0x00,0x00,0xE9
	.byte 0xDA,0x72,0xFF,0xFF,0x49,0x8B,0x76,0x58,0x4D,0x8B,0x5E,0x50,0x4D,0x89,0x5E,0x58
	.byte 0xE9,0x29,0x00,0x00,0x00,0x90,0x4D,0x8B,0x5E,0x68,0x4D,0x89,0x5E,0x38,0x4D,0x8B
	.byte 0x5E,0x60,0x4D,0x89,0x5E,0x18,0x4D,0x8B,0x5E,0x70,0x4D,0x89,0x5E,0x60,0x49,0x8B
	.byte 0x76,0x58,0x4D,0x8B,0x5E,0x50,0x4D,0x89,0x5E,0x58,0x49,0x89,0x56,0x10,0x48,0x89
	.byte 0xF9,0x48,0x01,0xF1,0xB8,0x00,0x00,0x00,0x00,0x40,0x0F,0x90,0xC0,0x48,0x89,0xF2
	.byte 0x48,0x09,0xFA,0x48,0x09,0xC2,0x48,0xF7,0xC2,0x01,0x00,0x00,0x00,0x0F,0x84,0x2B
	.byte 0x00,0x00,0x00,0x49,0x89,0x76,0x70,0x49,0x89,0x7E,0x68,0x41,0xBB,0xDE,0x00,0x00
	.byte 0x00,0x4D,0x89,0x1E,0x48,0x8D,0x05,0x05,0x00,0x00,0x00,0xE9,0x5E,0x72,0xFF,0xFF
	.byte 0x49,0x8B,0x76,0x70,0x49,0x89,0x7E,0x70,0xE9,0x05,0x00,0x00,0x00,0x90,0x49,0x89
	.byte 0x4E,0x70,0xBF,0x14,0x00,0x00,0x00,0x48,0x01,0xF7,0xB8,0x00,0x00,0x00,0x00,0x40
	.byte 0x0F,0x90,0xC0,0x49,0x89,0x76,0x68,0x48,0x09,0xC6,0x48,0x83,0xCE,0x14,0x48,0xF7
	.byte 0xC6,0x01,0x00,0x00,0x00,0x0F,0x84,0x31,0x00,0x00,0x00,0xBF,0x14,0x00,0x00,0x00
	.byte 0x49,0x8B,0x76,0x68,0x49,0x89,0x7E,0x50,0x41,0xBB,0xDF,0x00,0x00,0x00,0x4D,0x89
	.byte 0x1E,0x48,0x8D,0x05,0x06,0x00,0x00,0x00,0xE9,0x01,0x72,0xFF,0xFF,0x90,0x49,0x8B
	.byte 0x4E,0x70,0x49,0x89,0x7E,0x70,0xE9,0x09,0x00,0x00,0x00,0x90,0x49,0x8B,0x4E,0x70
	.byte 0x49,0x89,0x7E,0x70,0xBA,0x08,0x00,0x00,0x00,0x48,0xBF,0xFC,0xFF,0xFF,0xFF,0xFF
	.byte 0xFF,0xFF,0xFF,0x48,0x01,0xCF,0xB8,0x00,0x00,0x00,0x00,0x40,0x0F,0x90,0xC0,0x48
	.byte 0x89,0xCE,0x48,0x09,0xC6,0x48,0x83,0xCE,0xFC,0x48,0xF7,0xC6,0x01,0x00,0x00,0x00
	.byte 0x0F,0x84,0x80,0x00,0x00,0x00,0x48,0xBF,0xFC,0xFF,0xFF,0xFF,0xFF,0xFF,0xFF,0xFF
	.byte 0x48,0x89,0xCE,0x4D,0x8B,0x5E,0x58,0x4D,0x89,0x5E,0x50,0x4D,0x8B,0x5E,0x68,0x4D
	.byte 0x89,0x5E,0x58,0x49,0x89,0x4E,0x68,0x49,0x89,0x7E,0x08,0x4D,0x8B,0x5E,0x30,0x4D
	.byte 0x89,0x5E,0x20,0x4D,0x8B,0x5E,0x48,0x4D,0x89,0x5E,0x30,0x49,0x89,0x56,0x48,0x41
	.byte 0xBB,0xE0,0x00,0x00,0x00,0x4D,0x89,0x1E,0x48,0x8D,0x05,0x05,0x00,0x00,0x00,0xE9
	.byte 0x6A,0x71,0xFF,0xFF,0x49,0x8B,0x4E,0x68,0x4D,0x8B,0x5E,0x58,0x4D,0x89,0x5E,0x68
	.byte 0x4D,0x8B,0x5E,0x50,0x4D,0x89,0x5E,0x58,0x4D,0x8B,0x5E,0x48,0x4D,0x89,0x5E,0x50
	.byte 0x4D,0x8B,0x5E,0x30,0x4D,0x89,0x5E,0x48,0x4D,0x8B,0x5E,0x20,0x4D,0x89,0x5E,0x30
	.byte 0xE9,0x05,0x00,0x00,0x00,0x90,0x49,0x89,0x56,0x50,0x48,0x89,0xF8,0x48,0xD1,0xE8
	.byte 0x48,0x89,0xCE,0x48,0xF7,0xE6,0x48,0x89,0xCE,0x48,0x09,0xF9,0x48,0x83,0xE1,0x01
	.byte 0x48,0x09,0xD1,0x48,0xD1,0xE8,0x48,0x83,0xF9,0x00,0x0F,0x84,0x2A,0x00,0x00,0x00
	.byte 0x49,0x89,0x76,0x20,0x49,0x89,0x7E,0x08,0x41,0xBB,0xE1,0x00,0x00,0x00,0x4D,0x89
	.byte 0x1E,0x48,0x8D,0x05,0x06,0x00,0x00,0x00,0xE9,0x03,0x71,0xFF,0xFF,0x90,0x48,0x89
	.byte 0xF8,0x49,0x8B,0x4E,0x50,0xE9,0x04,0x00,0x00,0x00,0x49,0x8B,0x4E,0x50,0x48,0x89
	.byte 0xC6,0x48,0x83,0xCE,0x08,0x48,0x89,0xF7,0x48,0xC1,0xEF,0x3F,0x48,0x09,0xF7,0x48
	.byte 0xF7,0xC7,0x01,0x00,0x00,0x00,0x0F,0x84,0x3A,0x00,0x00,0x00,0xBE,0x08,0x00,0x00
	.byte 0x00,0x48,0x89,0xC7,0x49,0x89,0x46,0x20,0x49,0x89,0x76,0x50,0x41,0xBB,0xE2,0x00
	.byte 0x00,0x00,0x4D,0x89,0x1E,0x48,0x8D,0x05,0x06,0x00,0x00,0x00,0xE9,0xB9,0x70,0xFF
	.byte 0xFF,0x90,0x48,0x89,0xFA,0x49,0x8B,0x76,0x70,0x4D,0x8B,0x5E,0x68,0x4D,0x89,0x5E
	.byte 0x70,0xE9,0x18,0x00,0x00,0x00,0x31,0xD2,0x48,0xF7,0xF1,0x48,0x89,0xC2,0x48,0xC1
	.byte 0xE2,0x02,0x49,0x8B,0x76,0x70,0x4D,0x8B,0x5E,0x68,0x4D,0x89,0x5E,0x70,0x48,0x89
	.byte 0xD7,0x48,0x01,0xF7,0xB8,0x00,0x00,0x00,0x00,0x40,0x0F,0x90,0xC0,0x48,0x89,0xF1
	.byte 0x48,0x09,0xD1,0x48,0x09,0xC1,0x48,0xF7,0xC1,0x01,0x00,0x00,0x00,0x0F,0x84,0x2B
	.byte 0x00,0x00,0x00,0x48,0x89,0xD7,0x49,0x89,0x76,0x50,0x49,0x89,0x56,0x68,0x41,0xBB
	.byte 0xE3,0x00,0x00,0x00,0x4D,0x89,0x1E,0x48,0x8D,0x05,0x06,0x00,0x00,0x00,0xE9,0x2B
	.byte 0x70,0xFF,0xFF,0x90,0x49,0x8B,0x76,0x70,0xE9,0x05,0x00,0x00,0x00,0x90,0x49,0x8B
	.byte 0x76,0x70,0x49,0x8B,0x45,0xB8,0x48,0x8B,0x40,0x10,0x48,0xD1,0xE7,0x4C,0x01,0xE7
	.byte 0x48,0xC1,0xE8,0x09,0x48,0x01,0xC7,0x48,0x8B,0x57,0x08,0xBF,0x24,0x00,0x00,0x00
	.byte 0x48,0x01,0xF7,0xB8,0x00,0x00,0x00,0x00,0x40,0x0F,0x90,0xC0,0x49,0x89,0x76,0x68
	.byte 0x48,0x09,0xC6,0x48,0x83,0xCE,0x24,0x48,0xF7,0xC6,0x01,0x00,0x00,0x00,0x0F,0x84
	.byte 0x2C,0x00,0x00,0x00,0xBF,0x24,0x00,0x00,0x00,0x49,0x8B,0x76,0x68,0x49,0x89,0x56
	.byte 0x50,0x49,0x89,0x7E,0x70,0x41,0xBB,0xE4,0x00,0x00,0x00,0x4D,0x89,0x1E,0x48,0x8D
	.byte 0x05,0x05,0x00,0x00,0x00,0xE9,0xB4,0x6F,0xFF,0xFF,0xE9,0x05,0x00,0x00,0x00,0x90
	.byte 0x49,0x89,0x56,0x50,0xB8,0x0C,0x00,0x00,0x00,0x48,0xF7,0xC7,0x01,0x00,0x00,0x00
	.byte 0x0F,0x84,0x88,0x00,0x00,0x00,0x48,0xBF,0xFF,0xFF,0xFF,0xFF,0xFF,0xFF,0xFF,0xFF
	.byte 0x41,0xBB,0xE5,0x00,0x00,0x00,0x4D,0x89,0x1E,0x48,0x8D,0x05,0x06,0x00,0x00,0x00
	.byte 0xE9,0x03,0x63,0xFF,0xFF,0x90,0x45,0x31,0xDB,0x4D,0x89,0x5E,0x10,0x4D,0x8B,0x5E
	.byte 0x10,0x4D,0x89,0x5E,0x38,0x4D,0x8B,0x5E,0x10,0x4D,0x89,0x5E,0x50,0x4D,0x8B,0x5E
	.byte 0x10,0x4D,0x89,0x5E,0x18,0x4D,0x8B,0x5E,0x10,0x4D,0x89,0x5E,0x60,0x4D,0x8B,0x5E
	.byte 0x10,0x4D,0x89,0x5E,0x28,0x49,0x8B,0x7E,0x10,0x4D,0x8B,0x5E,0x10,0x4D,0x89,0x5E
	.byte 0x68,0x4D,0x8B,0x5E,0x10,0x4D,0x89,0x5E,0x58,0x4D,0x8B,0x5E,0x10,0x4D,0x89,0x5E
	.byte 0x40,0x4D,0x8B,0x5E,0x10,0x4D,0x89,0x5E,0x48,0x4D,0x8B,0x5E,0x10,0x4D,0x89,0x5E
	.byte 0x30,0x4D,0x8B,0x5E,0x10,0x4D,0x89,0x5E,0x20,0xE9,0x04,0x00,0x00,0x00,0x49,0x89
	.byte 0x46,0x20,0x49,0x89,0x7E,0x70,0x48,0xC1,0xEF,0x02,0x49,0xBA,0x00,0x00,0x00,0x00
	.byte 0x01,0x00,0x00,0x00,0x4C,0x39,0xD7,0x0F,0x82,0x0F,0x00,0x00,0x00,0x48,0xBF,0xFF
	.byte 0xFF,0xFF,0xFF,0xFF,0xFF,0xFF,0xFF,0xE9,0x08,0x00,0x00,0x00,0x48,0x83,0xC7,0x01
	.byte 0x48,0xC1,0xE7,0x03,0x49,0x8B,0x45,0xD8,0x49,0x8B,0x75,0xF8,0x48,0x29,0xF0,0x48
	.byte 0x39,0xF8,0x0F,0x82,0x2E,0x00,0x00,0x00,0x49,0x8B,0x46,0x70,0x4D,0x8B,0x4E,0x68
	.byte 0x4D,0x8B,0x5E,0x58,0x4D,0x89,0x5E,0x70,0x4D,0x8B,0x5E,0x48,0x4D,0x89,0x5E,0x58
	.byte 0x4D,0x8B,0x7E,0x30,0x49,0x8B,0x5E,0x20,0x4D,0x8B,0x5E,0x10,0x4D,0x89,0x5E,0x30
	.byte 0xE9,0x3F,0x00,0x00,0x00,0x90,0x41,0xBB,0xE6,0x00,0x00,0x00,0x4D,0x89,0x1E,0x48
	.byte 0x8D,0x05,0x06,0x00,0x00,0x00,0xE9,0x0D,0x62,0xFF,0xFF,0x90,0x49,0x8B,0x46,0x70
	.byte 0x4D,0x8B,0x4E,0x68,0x4D,0x8B,0x5E,0x58,0x4D,0x89,0x5E,0x70,0x4D,0x8B,0x5E,0x48
	.byte 0x4D,0x89,0x5E,0x58,0x4D,0x8B,0x7E,0x30,0x49,0x8B,0x5E,0x20,0x4D,0x8B,0x5E,0x10
	.byte 0x4D,0x89,0x5E,0x30,0x49,0x8B,0x7D,0xF8,0x48,0x89,0xC6,0x48,0xC1,0xE6,0x1E,0x48
	.byte 0x81,0xCE,0xF3,0x01,0x00,0x00,0x48,0x89,0xC2,0x49,0x89,0x46,0x48,0x48,0xC1,0xEA
	.byte 0x02,0x48,0x89,0xF8,0x48,0x89,0x30,0x48,0x89,0xC1,0x4D,0x8B,0x56,0x50,0x4C,0x89
	.byte 0x51,0x08,0x4D,0x8B,0x56,0x60,0x4C,0x89,0x51,0x10,0x4D,0x8B,0x56,0x30,0x4C,0x89
	.byte 0x51,0x18,0x4D,0x8B,0x56,0x70,0x4C,0x89,0x51,0x20,0x4D,0x8B,0x56,0x18,0x4C,0x89
	.byte 0x51,0x28,0x4D,0x8B,0x56,0x58,0x4C,0x89,0x51,0x30,0x4D,0x8B,0x56,0x38,0x4C,0x89
	.byte 0x51,0x38,0x4D,0x8B,0x56,0x40,0x4C,0x89,0x51,0x40,0x4D,0x8B,0x56,0x28,0x4C,0x89
	.byte 0x51,0x48,0x49,0x8B,0x7D,0xF8,0x4C,0x29,0xE7,0x48,0xC1,0xE7,0x09,0x48,0x83,0xCF
	.byte 0x01,0x48,0x81,0xCF,0xE0,0x01,0x00,0x00,0x48,0x83,0xFA,0x0F,0x0F,0x82,0x10,0x00
	.byte 0x00,0x00,0x48,0x83,0xCF,0x1E,0x48,0x89,0xD0,0x49,0x89,0xF8,0xE9,0x1D,0x00,0x00
	.byte 0x00,0x90,0x48,0x89,0xD0,0x48,0x89,0xD6,0x48,0xD1,0xE0,0x49,0x89,0xC2,0x48,0x89
	.byte 0xF8,0x4C,0x89,0xD7,0x48,0x09,0xC7,0x48,0x89,0xF0,0x49,0x89,0xF8,0x90,0x48,0xC1
	.byte 0xE0,0x03,0x48,0x89,0xC7,0x48,0x89,0xC8,0x48,0x01,0xC7,0x48,0x83,0xC7,0x08,0x49
	.byte 0x89,0x7D,0xF8,0x48,0x89,0xC2,0x4C,0x89,0xCF,0x48,0x83,0xC2,0x50,0x48,0x89,0xDE
	.byte 0x49,0x89,0x5E,0x68,0x48,0xD1,0xE6,0x4C,0x01,0xE6,0x4C,0x89,0xF8,0x4D,0x89,0x7E
	.byte 0x20,0x48,0xC1,0xE8,0x09,0x48,0x01,0xC6,0x48,0x83,0xC6,0x08,0x48,0x85,0xFF,0x0F
	.byte 0x84,0x27,0x00,0x00,0x00,0x4C,0x89,0xC1,0x49,0x89,0x7E,0x10,0x41,0xBB,0xE7,0x00
	.byte 0x00,0x00,0x4D,0x89,0x1E,0x48,0x8D,0x05,0x06,0x00,0x00,0x00,0xE9,0x17,0x73,0xFF
	.byte 0xFF,0x90,0x49,0x8B,0x46,0x78,0xE9,0x09,0x00,0x00,0x00,0x90,0x49,0x8B,0x46,0x78
	.byte 0x4C,0x89,0xC7,0x90,0x49,0x81,0xC6,0x80,0x00,0x00,0x00,0xFF,0xE0,0x90,0x49,0x81
	.byte 0xEE,0x88,0x00,0x00,0x00,0x4D,0x39,0xEE,0x0F,0x82,0x8E,0x60,0xFF,0xFF,0x4D,0x89
	.byte 0x46,0x50,0x49,0x89,0xC8,0x48,0x89,0xC1,0x4C,0x89,0xF8,0x49,0x89,0x7E,0x58,0x49
	.byte 0x89,0x76,0x68,0x4D,0x89,0x4E,0x60,0x49,0x89,0xD1,0x48,0xC1,0xE8,0x09,0x4C,0x01
	.byte 0xE0,0x48,0x8B,0x78,0x10,0x48,0xBA,0xE4,0xFF,0xFF,0xFF,0xFF,0xFF,0xFF,0xFF,0x48
	.byte 0x01,0xFA,0xB8,0x00,0x00,0x00,0x00,0x40,0x0F,0x90,0xC0,0x48,0x89,0xFE,0x48,0x09
	.byte 0xC7,0x48,0x89,0xF8,0x48,0x83,0xC8,0xE4,0x48,0xA9,0x01,0x00,0x00,0x00,0x0F,0x84
	.byte 0x44,0x00,0x00,0x00,0x48,0xBF,0xE4,0xFF,0xFF,0xFF,0xFF,0xFF,0xFF,0xFF,0x49,0x89
	.byte 0x8E,0x80,0x00,0x00,0x00,0x4D,0x89,0x7E,0x78,0x4D,0x89,0x46,0x70,0x49,0x89,0x7E
	.byte 0x38,0x49,0x89,0x76,0x30,0x4D,0x89,0x4E,0x48,0x49,0x89,0x5E,0x40,0x41,0xBB,0xE8
	.byte 0x00,0x00,0x00,0x4D,0x89,0x1E,0x48,0x8D,0x05,0x05,0x00,0x00,0x00,0xE9,0x7C,0x6C
	.byte 0xFF,0xFF,0xE9,0x1B,0x00,0x00,0x00,0x90,0x48,0x89,0xD7,0x49,0x89,0x8E,0x80,0x00
	.byte 0x00,0x00,0x4D,0x89,0x7E,0x78,0x4D,0x89,0x46,0x70,0x4D,0x89,0x4E,0x48,0x49,0x89
	.byte 0x5E,0x40,0x31,0xD2,0x31,0xC0,0x48,0xF7,0xC7,0x01,0x00,0x00,0x00,0x0F,0x84,0x3D
	.byte 0x00,0x00,0x00,0x31,0xF6,0x49,0x89,0x56,0x30,0x4D,0x8B,0x5E,0x40,0x4D,0x89,0x5E
	.byte 0x38,0x49,0x89,0x7E,0x40,0x41,0xBB,0xE9,0x00,0x00,0x00,0x4D,0x89,0x1E,0x48,0x8D
	.byte 0x05,0x05,0x00,0x00,0x00,0xE9,0x9C,0x6C,0xFF,0xFF,0x49,0x8B,0x76,0x78,0x4D,0x8B
	.byte 0x5E,0x38,0x4D,0x89,0x5E,0x78,0xB8,0x01,0x00,0x00,0x00,0xE9,0x10,0x00,0x00,0x00
	.byte 0x49,0x8B,0x76,0x78,0x4D,0x8B,0x5E,0x40,0x4D,0x89,0x5E,0x78,0x49,0x89,0x7E,0x40
	.byte 0x48,0x39,0xC7,0x0F,0x8D,0x93,0x06,0x00,0x00,0x48,0x89,0xF0,0x48,0xC1,0xEE,0x09
	.byte 0x4C,0x01,0xE6,0x48,0x8B,0x7E,0x10,0x48,0x83,0xFF,0x14,0x0F,0x8D,0x01,0x03,0x00
	.byte 0x00,0x48,0x83,0xFF,0x08,0x0F,0x8D,0x57,0x01,0x00,0x00,0x48,0x83,0xFF,0x04,0x0F
	.byte 0x8D,0xC1,0x00,0x00,0x00,0x48,0x89,0xC6,0x48,0xC1,0xE8,0x09,0x4C,0x01,0xE0,0x48
	.byte 0x8B,0x50,0x08,0x49,0x8B,0x7E,0x78,0x4D,0x8B,0x5E,0x70,0x4D,0x89,0x5E,0x78,0x4D
	.byte 0x8B,0x5E,0x68,0x4D,0x89,0x5E,0x70,0x4D,0x8B,0x5E,0x60,0x4D,0x89,0x5E,0x68,0x4D
	.byte 0x8B,0x5E,0x58,0x4D,0x89,0x5E,0x60,0x4D,0x8B,0x5E,0x50,0x4D,0x89,0x5E,0x58,0x4D
	.byte 0x8B,0x5E,0x48,0x4D,0x89,0x5E,0x50,0x41,0xBB,0xEA,0x00,0x00,0x00,0x4D,0x89,0x1E
	.byte 0x48,0x8D,0x05,0x03,0x00,0x00,0x00,0xFF,0xE2,0x90,0x48,0x89,0xFB,0x4D,0x8B,0xBE
	.byte 0x80,0x00,0x00,0x00,0x49,0x8B,0x4E,0x78,0x49,0x8B,0x76,0x70,0x4D,0x8B,0x4E,0x68
	.byte 0x49,0x8B,0x7E,0x60,0x4D,0x8B,0x46,0x58,0x49,0x8B,0x56,0x50,0x48,0x89,0xD8,0x48
	.byte 0xC1,0xEB,0x09,0x4C,0x01,0xE3,0x48,0x8B,0x5B,0x10,0x48,0x83,0xFB,0x14,0x0F,0x85
	.byte 0x22,0x00,0x00,0x00,0x48,0x89,0xC3,0x48,0xC1,0xE8,0x09,0x4C,0x01,0xE0,0x48,0x8B
	.byte 0x40,0x08,0x4D,0x89,0xFA,0x49,0x89,0xC7,0x4C,0x89,0xD0,0x49,0x81,0xC6,0x88,0x00
	.byte 0x00,0x00,0x41,0xFF,0xE7,0x90,0x48,0x89,0xC3,0x4C,0x89,0xF8,0x49,0x83,0xC6,0x08
	.byte 0xE9,0x67,0xEC,0xFF,0xFF,0x90,0x48,0x89,0xC2,0x48,0xC1,0xE8,0x09,0x4C,0x01,0xE0
	.byte 0x48,0x8B,0x48,0x08,0x49,0x8B,0x7E,0x60,0x49,0x8B,0x76,0x78,0x41,0xBB,0xEB,0x00
	.byte 0x00,0x00,0x4D,0x89,0x1E,0x48,0x8D,0x05,0x02,0x00,0x00,0x00,0xFF,0xE1,0x49,0x8B
	.byte 0x86,0x80,0x00,0x00,0x00,0x49,0x8B,0x4E,0x70,0x49,0x8B,0x76,0x68,0x4D,0x8B,0x46
	.byte 0x58,0x4D,0x8B,0x7E,0x50,0x49,0x8B,0x56,0x48,0x49,0x89,0xF9,0x48,0xC1,0xEF,0x09
	.byte 0x4C,0x01,0xE7,0x48,0x8B,0x7F,0x10,0x48,0x83,0xFF,0x10,0x0F,0x85,0x21,0x00,0x00
	.byte 0x00,0x4C,0x89,0xCF,0x49,0xC1,0xE9,0x09,0x4D,0x01,0xE1,0x49,0x8B,0x59,0x08,0x49
	.byte 0x89,0xF9,0x4C,0x89,0xC7,0x4D,0x89,0xF8,0x49,0x81,0xC6,0x88,0x00,0x00,0x00,0xFF
	.byte 0xE3,0x90,0x4C,0x89,0xC7,0x4D,0x89,0xF8,0x49,0x83,0xC6,0x10,0xE9,0xCB,0xDA,0xFF
	.byte 0xFF,0x90,0x48,0x83,0xFF,0x0C,0x0F,0x8D,0x86,0x00,0x00,0x00,0x48,0x89,0xC1,0x48
	.byte 0xC1,0xE8,0x09,0x4C,0x01,0xE0,0x4C,0x8B,0x40,0x08,0x49,0x8B,0x7E,0x50,0x49,0x8B
	.byte 0x76,0x60,0x49,0x8B,0x56,0x78,0x41,0xBB,0xEC,0x00,0x00,0x00,0x4D,0x89,0x1E,0x48
	.byte 0x8D,0x05,0x04,0x00,0x00,0x00,0x41,0xFF,0xE0,0x90,0x49,0x89,0xF9,0x49,0x8B,0x86
	.byte 0x80,0x00,0x00,0x00,0x49,0x8B,0x4E,0x70,0x49,0x8B,0x76,0x68,0x49,0x8B,0x7E,0x58
	.byte 0x49,0x8B,0x56,0x48,0x4D,0x89,0xC8,0x49,0xC1,0xE9,0x09,0x4D,0x01,0xE1,0x4D,0x8B
	.byte 0x49,0x10,0x49,0x83,0xF9,0x0C,0x0F,0x85,0x1C,0x00,0x00,0x00,0x4C,0x89,0xC3,0x49
	.byte 0xC1,0xE8,0x09,0x4D,0x01,0xE0,0x4D,0x8B,0x48,0x08,0x49,0x89,0xD8,0x49,0x81,0xC6
	.byte 0x88,0x00,0x00,0x00,0x41,0xFF,0xE1,0x90,0x49,0x83,0xC6,0x18,0xE9,0x17,0xCA,0xFF
	.byte 0xFF,0x90,0x48,0x83,0xFF,0x10,0x0F,0x8D,0x86,0x00,0x00,0x00,0x49,0x89,0xC0,0x48
	.byte 0xC1,0xE8,0x09,0x4C,0x01,0xE0,0x4C,0x8B,0x48,0x08,0x49,0x8B,0x7E,0x70,0x49,0x8B
	.byte 0x76,0x50,0x49,0x8B,0x56,0x60,0x49,0x8B,0x4E,0x78,0x41,0xBB,0xED,0x00,0x00,0x00
	.byte 0x4D,0x89,0x1E,0x48,0x8D,0x05,0x04,0x00,0x00,0x00,0x41,0xFF,0xE1,0x90,0x49,0x89
	.byte 0xF8,0x49,0x8B,0x86,0x80,0x00,0x00,0x00,0x49,0x8B,0x76,0x68,0x49,0x8B,0x7E,0x58
	.byte 0x49,0x8B,0x56,0x48,0x4C,0x89,0xC1,0x49,0xC1,0xE8,0x09,0x4D,0x01,0xE0,0x4D,0x8B
	.byte 0x40,0x10,0x49,0x83,0xF8,0x08,0x0F,0x85,0x1C,0x00,0x00,0x00,0x49,0x89,0xC9,0x48
	.byte 0xC1,0xE9,0x09,0x4C,0x01,0xE1,0x4C,0x8B,0x41,0x08,0x4C,0x89,0xC9,0x49,0x81,0xC6
	.byte 0x88,0x00,0x00,0x00,0x41,0xFF,0xE0,0x90,0x49,0x83,0xC6,0x20,0xE9,0xC3,0xB9,0xFF
	.byte 0xFF,0x90,0x49,0x89,0xC1,0x48,0xC1,0xE8,0x09,0x4C,0x01,0xE0,0x48,0x8B,0x58,0x08
	.byte 0x49,0x8B,0x7E,0x48,0x49,0x8B,0x76,0x70,0x49,0x8B,0x56,0x50,0x49,0x8B,0x4E,0x60
	.byte 0x4D,0x8B,0x46,0x78,0x41,0xBB,0xEE,0x00,0x00,0x00,0x4D,0x89,0x1E,0x48,0x8D,0x05
	.byte 0x02,0x00,0x00,0x00,0xFF,0xE3,0x48,0x89,0xF9,0x49,0x8B,0x86,0x80,0x00,0x00,0x00
	.byte 0x49,0x8B,0x76,0x68,0x49,0x8B,0x7E,0x58,0x48,0x89,0xCA,0x48,0xC1,0xE9,0x09,0x4C
	.byte 0x01,0xE1,0x48,0x8B,0x49,0x10,0x48,0x83,0xF9,0x04,0x0F,0x85,0x18,0x00,0x00,0x00
	.byte 0x48,0x89,0xD1,0x48,0xC1,0xE9,0x09,0x4C,0x01,0xE1,0x48,0x8B,0x49,0x08,0x49,0x81
	.byte 0xC6,0x88,0x00,0x00,0x00,0xFF,0xE1,0x90,0x49,0x83,0xC6,0x28,0xE9,0x03,0xAA,0xFF
	.byte 0xFF,0x90,0x48,0x83,0xFF,0x1C,0x0F,0x8D,0x22,0x01,0x00,0x00,0x48,0x83,0xFF,0x18
	.byte 0x0F,0x8D,0x84,0x00,0x00,0x00,0x48,0x89,0xC3,0x48,0xC1,0xE8,0x09,0x4C,0x01,0xE0
	.byte 0x4C,0x8B,0x78,0x08,0x49,0x8B,0x7E,0x68,0x49,0x8B,0x76,0x48,0x49,0x8B,0x56,0x70
	.byte 0x49,0x8B,0x4E,0x50,0x4D,0x8B,0x46,0x60,0x4D,0x8B,0x4E,0x78,0x41,0xBB,0xEF,0x00
	.byte 0x00,0x00,0x4D,0x89,0x1E,0x48,0x8D,0x05,0x04,0x00,0x00,0x00,0x41,0xFF,0xE7,0x90
	.byte 0x49,0x8B,0x86,0x80,0x00,0x00,0x00,0x49,0x8B,0x4E,0x58,0x48,0x89,0xFE,0x48,0xC1
	.byte 0xEF,0x09,0x4C,0x01,0xE7,0x48,0x8B,0x7F,0x10,0x48,0x83,0xFF,0x00,0x0F,0x85,0x1B
	.byte 0x00,0x00,0x00,0x48,0x89,0xF7,0x48,0xC1,0xEF,0x09,0x4C,0x01,0xE7,0x48,0x8B,0x57
	.byte 0x08,0x48,0x89,0xCF,0x49,0x81,0xC6,0x88,0x00,0x00,0x00,0xFF,0xE2,0x90,0x48,0x89
	.byte 0xCF,0x49,0x83,0xC6,0x38,0xE9,0x70,0x9B,0xFF,0xFF,0x49,0x89,0xC7,0x48,0xC1,0xE8
	.byte 0x09,0x4C,0x01,0xE0,0x48,0x8B,0x40,0x08,0x49,0x8B,0x7E,0x58,0x49,0x8B,0x76,0x68
	.byte 0x49,0x8B,0x56,0x48,0x49,0x8B,0x4E,0x70,0x4D,0x8B,0x46,0x50,0x4D,0x8B,0x4E,0x60
	.byte 0x49,0x8B,0x5E,0x78,0x4D,0x8B,0x9E,0x80,0x00,0x00,0x00,0x4D,0x89,0x5E,0x78,0x49
	.byte 0x89,0x86,0x80,0x00,0x00,0x00,0x4D,0x8B,0x96,0x80,0x00,0x00,0x00,0x41,0xBB,0xF0
	.byte 0x00,0x00,0x00,0x4D,0x89,0x1E,0x48,0x8D,0x05,0x03,0x00,0x00,0x00,0x41,0xFF,0xE2
	.byte 0x49,0x8B,0x46,0x78,0x48,0x89,0xFE,0x48,0xC1,0xEE,0x09,0x4C,0x01,0xE6,0x48,0x8B
	.byte 0x76,0x10,0x48,0x83,0xFE,0x00,0x0F,0x85,0x18,0x00,0x00,0x00,0x48,0x89,0xFE,0x48
	.byte 0xC1,0xEE,0x09,0x4C,0x01,0xE6,0x48,0x8B,0x76,0x08,0x49,0x81,0xC6,0x88,0x00,0x00
	.byte 0x00,0xFF,0xE6,0x90,0x49,0x83,0xC6,0x38,0xE9,0xDD,0x9A,0xFF,0xFF,0x90,0x48,0x83
	.byte 0xFF,0x20,0x0F,0x8D,0xB0,0x00,0x00,0x00,0x48,0x89,0xC7,0x48,0xC1,0xE8,0x09,0x4C
	.byte 0x01,0xE0,0x48,0x8B,0x40,0x08,0x4D,0x8B,0x46,0x70,0x4D,0x8B,0x9E,0x80,0x00,0x00
	.byte 0x00,0x4D,0x89,0x5E,0x70,0x49,0x89,0xBE,0x80,0x00,0x00,0x00,0x49,0x8B,0x7E,0x40
	.byte 0x49,0x8B,0x76,0x58,0x49,0x8B,0x56,0x68,0x49,0x8B,0x4E,0x48,0x4D,0x8B,0x4E,0x50
	.byte 0x49,0x8B,0x5E,0x60,0x4D,0x8B,0x7E,0x78,0x49,0x89,0x46,0x78,0x4D,0x8B,0x56,0x78
	.byte 0x41,0xBB,0xF1,0x00,0x00,0x00,0x4D,0x89,0x1E,0x49,0x83,0xEE,0x08,0x4D,0x39,0xEE
	.byte 0x0F,0x82,0xC6,0x5A,0xFF,0xFF,0x4D,0x8B,0x9E,0x88,0x00,0x00,0x00,0x4D,0x89,0x1E
	.byte 0x48,0x8D,0x05,0x03,0x00,0x00,0x00,0x41,0xFF,0xE2,0x49,0x8B,0x46,0x70,0x48,0x89
	.byte 0xFE,0x48,0xC1,0xEE,0x09,0x4C,0x01,0xE6,0x48,0x8B,0x76,0x10,0x48,0x83,0xFE,0x00
	.byte 0x0F,0x85,0x18,0x00,0x00,0x00,0x48,0x89,0xFE,0x48,0xC1,0xEE,0x09,0x4C,0x01,0xE6
	.byte 0x48,0x8B,0x76,0x08,0x49,0x81,0xC6,0x88,0x00,0x00,0x00,0xFF,0xE6,0x90,0x49,0x83
	.byte 0xC6,0x38,0xE9,0x23,0x9A,0xFF,0xFF,0x90,0x48,0x83,0xFF,0x24,0x0F,0x8D,0xC0,0x00
	.byte 0x00,0x00,0x48,0x89,0xC6,0x48,0xC1,0xE8,0x09,0x4C,0x01,0xE0,0x48,0x8B,0x40,0x08
	.byte 0x49,0x8B,0x4E,0x68,0x4D,0x8B,0x9E,0x80,0x00,0x00,0x00,0x4D,0x89,0x5E,0x68,0x4D
	.byte 0x8B,0x5E,0x78,0x4D,0x89,0x9E,0x80,0x00,0x00,0x00,0x49,0x89,0x76,0x78,0x49,0x8B
	.byte 0x76,0x40,0x49,0x8B,0x56,0x58,0x4D,0x8B,0x46,0x48,0x4D,0x8B,0x4E,0x70,0x49,0x8B
	.byte 0x5E,0x50,0x4D,0x8B,0x7E,0x60,0x49,0x89,0x46,0x70,0x4D,0x8B,0x56,0x70,0x41,0xBB
	.byte 0xF2,0x00,0x00,0x00,0x4D,0x89,0x1E,0x49,0x83,0xEE,0x10,0x4D,0x39,0xEE,0x0F,0x82
	.byte 0x08,0x5A,0xFF,0xFF,0x4D,0x8B,0x9E,0x90,0x00,0x00,0x00,0x4D,0x89,0x5E,0x08,0x4D
	.byte 0x8B,0x9E,0x88,0x00,0x00,0x00,0x4D,0x89,0x1E,0x48,0x8D,0x05,0x04,0x00,0x00,0x00
	.byte 0x41,0xFF,0xE2,0x90,0x49,0x8B,0x46,0x68,0x48,0x89,0xFE,0x48,0xC1,0xEE,0x09,0x4C
	.byte 0x01,0xE6,0x48,0x8B,0x76,0x10,0x48,0x83,0xFE,0x00,0x0F,0x85,0x18,0x00,0x00,0x00
	.byte 0x48,0x89,0xFE,0x48,0xC1,0xEE,0x09,0x4C,0x01,0xE6,0x48,0x8B,0x76,0x08,0x49,0x81
	.byte 0xC6,0x88,0x00,0x00,0x00,0xFF,0xE6,0x90,0x49,0x83,0xC6,0x38,0xE9,0x59,0x99,0xFF
	.byte 0xFF,0x90,0x48,0x89,0xC6,0x48,0xC1,0xE8,0x09,0x4C,0x01,0xE0,0x48,0x8B,0x40,0x08
	.byte 0x49,0x8B,0x5E,0x70,0x49,0x89,0x76,0x70,0x48,0x89,0xFE,0x49,0x8B,0x56,0x40,0x49
	.byte 0x8B,0x4E,0x58,0x4D,0x8B,0x46,0x68,0x4D,0x8B,0x4E,0x48,0x4D,0x8B,0x7E,0x50,0x4D
	.byte 0x8B,0x56,0x60,0x4D,0x8B,0x9E,0x80,0x00,0x00,0x00,0x4D,0x89,0x5E,0x60,0x4D,0x89
	.byte 0x96,0x80,0x00,0x00,0x00,0x49,0x89,0x46,0x68,0x4D,0x8B,0x56,0x68,0x41,0xBB,0xF3
	.byte 0x00,0x00,0x00,0x4D,0x89,0x1E,0x49,0x83,0xEE,0x18,0x4D,0x39,0xEE,0x0F,0x82,0x49
	.byte 0x59,0xFF,0xFF,0x4D,0x8B,0x9E,0x98,0x00,0x00,0x00,0x4D,0x89,0x5E,0x10,0x4D,0x8B
	.byte 0x9E,0x90,0x00,0x00,0x00,0x4D,0x89,0x5E,0x08,0x4D,0x8B,0x9E,0x88,0x00,0x00,0x00
	.byte 0x4D,0x89,0x1E,0x48,0x8D,0x05,0x04,0x00,0x00,0x00,0x41,0xFF,0xE2,0x90,0x49,0x8B
	.byte 0x46,0x60,0x48,0x89,0xFE,0x48,0xC1,0xEE,0x09,0x4C,0x01,0xE6,0x48,0x8B,0x76,0x10
	.byte 0x48,0x83,0xFE,0x00,0x0F,0x85,0x18,0x00,0x00,0x00,0x48,0x89,0xFE,0x48,0xC1,0xEE
	.byte 0x09,0x4C,0x01,0xE6,0x48,0x8B,0x76,0x08,0x49,0x81,0xC6,0x88,0x00,0x00,0x00,0xFF
	.byte 0xE6,0x90,0x49,0x83,0xC6,0x38,0xE9,0x8F,0x98,0xFF,0xFF,0x90,0x48,0xF7,0xC6,0x01
	.byte 0x00,0x00,0x00,0x0F,0x84,0x1F,0x00,0x00,0x00,0x48,0x89,0xF0,0x48,0xC1,0xEE,0x09
	.byte 0x4C,0x01,0xE6,0x48,0x8B,0x36,0x48,0xBF,0xFE,0xFF,0xFF,0xFF,0x00,0x00,0x00,0x00
	.byte 0x48,0x21,0xFE,0xE9,0x04,0x00,0x00,0x00,0x48,0x89,0xF0,0x90,0x48,0x81,0xFE,0xE2
	.byte 0x01,0x00,0x00,0x0F,0x85,0x85,0x03,0x00,0x00,0x49,0x89,0x46,0x38,0x48,0xC1,0xE8
	.byte 0x09,0x4C,0x01,0xE0,0x48,0x8B,0x48,0x10,0xBA,0x08,0x00,0x00,0x00,0x48,0xBF,0xFC
	.byte 0xFF,0xFF,0xFF,0xFF,0xFF,0xFF,0xFF,0x48,0x01,0xCF,0xB8,0x00,0x00,0x00,0x00,0x40
	.byte 0x0F,0x90,0xC0,0x48,0x89,0xCE,0x48,0x09,0xC6,0x48,0x83,0xCE,0xFC,0x48,0xF7,0xC6
	.byte 0x01,0x00,0x00,0x00,0x0F,0x84,0xB0,0x00,0x00,0x00,0x48,0xBF,0xFC,0xFF,0xFF,0xFF
	.byte 0xFF,0xFF,0xFF,0xFF,0x48,0x89,0xCE,0x4D,0x8B,0x5E,0x78,0x4D,0x89,0x5E,0x28,0x4D
	.byte 0x8B,0x5E,0x68,0x4D,0x89,0x5E,0x78,0x4D,0x8B,0x5E,0x38,0x4D,0x89,0x5E,0x68,0x49
	.byte 0x89,0x7E,0x20,0x4D,0x8B,0x5E,0x40,0x4D,0x89,0x5E,0x30,0x4D,0x8B,0x5E,0x48,0x4D
	.byte 0x89,0x5E,0x40,0x4D,0x8B,0x5E,0x50,0x4D,0x89,0x5E,0x48,0x4D,0x8B,0x5E,0x58,0x4D
	.byte 0x89,0x5E,0x50,0x4D,0x8B,0x5E,0x60,0x4D,0x89,0x5E,0x58,0x49,0x89,0x4E,0x60,0x49
	.byte 0x89,0x56,0x38,0x41,0xBB,0xF4,0x00,0x00,0x00,0x4D,0x89,0x1E,0x48,0x8D,0x05,0x05
	.byte 0x00,0x00,0x00,0xE9,0x76,0x64,0xFF,0xFF,0x49,0x8B,0x4E,0x60,0x4D,0x8B,0x5E,0x58
	.byte 0x4D,0x89,0x5E,0x60,0x4D,0x8B,0x5E,0x50,0x4D,0x89,0x5E,0x58,0x4D,0x8B,0x5E,0x48
	.byte 0x4D,0x89,0x5E,0x50,0x4D,0x8B,0x5E,0x40,0x4D,0x89,0x5E,0x48,0x4D,0x8B,0x5E,0x38
	.byte 0x4D,0x89,0x5E,0x40,0x4D,0x8B,0x5E,0x30,0x4D,0x89,0x5E,0x38,0x4D,0x8B,0x5E,0x28
	.byte 0x4D,0x89,0x5E,0x30,0xE9,0x25,0x00,0x00,0x00,0x90,0x4D,0x8B,0x5E,0x78,0x4D,0x89
	.byte 0x5E,0x30,0x4D,0x8B,0x5E,0x68,0x4D,0x89,0x5E,0x78,0x4D,0x8B,0x5E,0x38,0x4D,0x89
	.byte 0x5E,0x68,0x4D,0x8B,0x5E,0x40,0x4D,0x89,0x5E,0x38,0x49,0x89,0x56,0x40,0x49,0x89
	.byte 0xF8,0x48,0xD1,0xEF,0x48,0x89,0xF8,0x48,0x89,0xCE,0x48,0xF7,0xE6,0x48,0x89,0xCE
	.byte 0x4C,0x09,0xC1,0x48,0x83,0xE1,0x01,0x48,0x09,0xD1,0x48,0x89,0xC7,0x48,0xD1,0xEF
	.byte 0x48,0x83,0xF9,0x00,0x0F,0x84,0x52,0x00,0x00,0x00,0x4C,0x89,0xC7,0x4D,0x8B,0x56
	.byte 0x70,0x4D,0x8B,0x5E,0x78,0x4D,0x89,0x5E,0x70,0x4D,0x89,0x56,0x78,0x49,0x89,0x76
	.byte 0x28,0x4D,0x8B,0x56,0x50,0x4D,0x8B,0x5E,0x40,0x4D,0x89,0x5E,0x50,0x4D,0x8B,0x5E
	.byte 0x48,0x4D,0x89,0x5E,0x40,0x4D,0x89,0x56,0x48,0x4D,0x89,0x46,0x20,0x41,0xBB,0xF5
	.byte 0x00,0x00,0x00,0x4D,0x89,0x1E,0x48,0x8D,0x05,0x05,0x00,0x00,0x00,0xE9,0xAE,0x63
	.byte 0xFF,0xFF,0x49,0x8B,0x4E,0x50,0xE9,0x25,0x00,0x00,0x00,0x90,0x4D,0x8B,0x56,0x70
	.byte 0x4D,0x8B,0x5E,0x78,0x4D,0x89,0x5E,0x70,0x4D,0x89,0x56,0x78,0x49,0x8B,0x4E,0x40
	.byte 0x4D,0x8B,0x5E,0x48,0x4D,0x89,0x5E,0x40,0x4D,0x8B,0x5E,0x50,0x4D,0x89,0x5E,0x48
	.byte 0x48,0x89,0xF8,0x48,0x83,0xCF,0x08,0x48,0x89,0xFE,0x48,0xC1,0xEE,0x3F,0x48,0x09
	.byte 0xFE,0x48,0xF7,0xC6,0x01,0x00,0x00,0x00,0x0F,0x84,0x2E,0x00,0x00,0x00,0xBE,0x08
	.byte 0x00,0x00,0x00,0x48,0x89,0xC7,0x49,0x89,0x46,0x28,0x49,0x89,0x76,0x50,0x41,0xBB
	.byte 0xF6,0x00,0x00,0x00,0x4D,0x89,0x1E,0x48,0x8D,0x05,0x06,0x00,0x00,0x00,0xE9,0x47
	.byte 0x63,0xFF,0xFF,0x90,0x48,0x89,0xFE,0xE9,0x0C,0x00,0x00,0x00,0x31,0xD2,0x48,0xF7
	.byte 0xF1,0x48,0x89,0xC6,0x48,0xC1,0xE6,0x02,0xBF,0x18,0x00,0x00,0x00,0x48,0x01,0xF7
	.byte 0xB8,0x00,0x00,0x00,0x00,0x40,0x0F,0x90,0xC0,0x48,0x89,0xF2,0x48,0x09,0xC2,0x48
	.byte 0x83,0xCA,0x18,0x48,0xF7,0xC2,0x01,0x00,0x00,0x00,0x0F,0x84,0x2C,0x00,0x00,0x00
	.byte 0xBF,0x18,0x00,0x00,0x00,0x49,0x89,0x7E,0x50,0x49,0x89,0x76,0x28,0x41,0xBB,0xF7
	.byte 0x00,0x00,0x00,0x4D,0x89,0x1E,0x48,0x8D,0x05,0x05,0x00,0x00,0x00,0xE9,0xCC,0x62
	.byte 0xFF,0xFF,0x49,0x89,0x7E,0x50,0xE9,0x05,0x00,0x00,0x00,0x90,0x49,0x89,0x7E,0x50
	.byte 0x49,0x8B,0x45,0xD8,0x49,0x8B,0x7D,0xF8,0x48,0x29,0xF8,0x48,0x83,0xF8,0x58,0x0F
	.byte 0x82,0x31,0x00,0x00,0x00,0x4D,0x8B,0x46,0x78,0x4D,0x8B,0x5E,0x70,0x4D,0x89,0x5E
	.byte 0x78,0x4D,0x8B,0x4E,0x60,0x4D,0x8B,0x5E,0x58,0x4D,0x89,0x5E,0x70,0x49,0x8B,0x7E
	.byte 0x50,0x49,0x8B,0x4E,0x48,0x49,0x8B,0x5E,0x40,0x49,0x8B,0x56,0x38,0x4D,0x8B,0x7E
	.byte 0x30,0xE9,0x46,0x00,0x00,0x00,0xBF,0x58,0x00,0x00,0x00,0x41,0xBB,0xF8,0x00,0x00
	.byte 0x00,0x4D,0x89,0x1E,0x48,0x8D,0x05,0x05,0x00,0x00,0x00,0xE9,0xE8,0x55,0xFF,0xFF
	.byte 0x4D,0x8B,0x46,0x78,0x4D,0x8B,0x5E,0x70,0x4D,0x89,0x5E,0x78,0x4D,0x8B,0x4E,0x60
	.byte 0x4D,0x8B,0x5E,0x58,0x4D,0x89,0x5E,0x70,0x49,0x8B,0x7E,0x50,0x49,0x8B,0x4E,0x48
	.byte 0x49,0x8B,0x5E,0x40,0x49,0x8B,0x56,0x38,0x4D,0x8B,0x7E,0x30,0x49,0x8B,0x45,0xB8
	.byte 0x48,0x8B,0x70,0x10,0x48,0x89,0xF8,0x48,0xD1,0xE0,0x4C,0x01,0xE0,0x48,0x89,0xF7
	.byte 0x48,0xC1,0xEF,0x09,0x48,0x01,0xF8,0x48,0x8B,0x70,0x08,0x49,0x8B,0x7D,0xF8,0x48
	.byte 0xB8,0xF3,0x01,0x00,0x00,0x0A,0x00,0x00,0x00,0x48,0x89,0x07,0x48,0x89,0xF8,0x48
	.byte 0x89,0x70,0x08,0x48,0x89,0x50,0x10,0x4D,0x8B,0x56,0x68,0x4C,0x89,0x50,0x18,0x4D
	.byte 0x8B,0x56,0x70,0x4C,0x89,0x50,0x20,0x4D,0x8B,0x56,0x78,0x4C,0x89,0x50,0x28,0x48
	.byte 0x89,0x58,0x30,0x4C,0x89,0x40,0x38,0x48,0x89,0x48,0x40,0x4C,0x89,0x48,0x48,0x4C
	.byte 0x89,0x78,0x50,0x48,0x89,0xC7,0x4C,0x29,0xE7,0x48,0xC1,0xE7,0x09,0x48,0x81,0xCF
	.byte 0xF5,0x01,0x00,0x00,0x48,0x83,0xC0,0x58,0x49,0x89,0x45,0xF8,0x4D,0x8B,0x9E,0x80
	.byte 0x00,0x00,0x00,0x49,0x81,0xC6,0x88,0x00,0x00,0x00,0x41,0xFF,0xE3,0x90,0x48,0xA9
	.byte 0x01,0x00,0x00,0x00,0x0F,0x84,0x1C,0x00,0x00,0x00,0x49,0x89,0x46,0x38,0x48,0xC1
	.byte 0xE8,0x09,0x4C,0x01,0xE0,0x48,0x8B,0x30,0x48,0xC1,0xEE,0x20,0x48,0xC1,0xE6,0x02
	.byte 0xE9,0x07,0x00,0x00,0x00,0x90,0x31,0xF6,0x49,0x89,0x46,0x38,0x48,0xBF,0xF4,0xFF
	.byte 0xFF,0xFF,0xFF,0xFF,0xFF,0xFF,0x48,0x01,0xF7,0xB8,0x00,0x00,0x00,0x00,0x40,0x0F
	.byte 0x90,0xC0,0x48,0x89,0xF2,0x48,0x09,0xC2,0x48,0x83,0xCA,0xF4,0x48,0xF7,0xC2,0x01
	.byte 0x00,0x00,0x00,0x0F,0x84,0x49,0x00,0x00,0x00,0x48,0xBF,0xF4,0xFF,0xFF,0xFF,0xFF
	.byte 0xFF,0xFF,0xFF,0x4D,0x8B,0x5E,0x70,0x4D,0x89,0x5E,0x18,0x4D,0x8B,0x5E,0x78,0x4D
	.byte 0x89,0x5E,0x10,0x49,0x89,0x7E,0x78,0x49,0x89,0x76,0x70,0x41,0xBB,0xF9,0x00,0x00
	.byte 0x00,0x4D,0x89,0x1E,0x48,0x8D,0x05,0x05,0x00,0x00,0x00,0xE9,0x0E,0x61,0xFF,0xFF
	.byte 0x49,0x8B,0x46,0x38,0x49,0x8B,0x76,0x40,0x49,0x89,0x7E,0x40,0xE9,0x1D,0x00,0x00
	.byte 0x00,0x90,0x49,0x8B,0x76,0x40,0x49,0x89,0x7E,0x40,0x49,0x8B,0x46,0x38,0x4D,0x8B
	.byte 0x5E,0x70,0x4D,0x89,0x5E,0x18,0x4D,0x8B,0x5E,0x78,0x4D,0x89,0x5E,0x10,0x49,0x89
	.byte 0x46,0x70,0x48,0xC1,0xE8,0x09,0x4C,0x01,0xE0,0x48,0x8B,0x50,0x18,0xBF,0x1C,0x00
	.byte 0x00,0x00,0x48,0x01,0xF7,0xB8,0x00,0x00,0x00,0x00,0x40,0x0F,0x90,0xC0,0x49,0x89
	.byte 0x76,0x78,0x48,0x09,0xC6,0x48,0x83,0xCE,0x1C,0x48,0xF7,0xC6,0x01,0x00,0x00,0x00
	.byte 0x0F,0x84,0x58,0x00,0x00,0x00,0xBF,0x1C,0x00,0x00,0x00,0x49,0x8B,0x76,0x78,0x4D
	.byte 0x8B,0x5E,0x60,0x4D,0x89,0x5E,0x38,0x4D,0x8B,0x5E,0x68,0x4D,0x89,0x5E,0x60,0x49
	.byte 0x89,0x56,0x68,0x4D,0x8B,0x5E,0x48,0x4D,0x89,0x5E,0x28,0x4D,0x8B,0x5E,0x78,0x4D
	.byte 0x89,0x5E,0x48,0x49,0x89,0x7E,0x78,0x4D,0x8B,0x5E,0x50,0x4D,0x89,0x5E,0x20,0x41
	.byte 0xBB,0xFA,0x00,0x00,0x00,0x4D,0x89,0x1E,0x48,0x8D,0x05,0x05,0x00,0x00,0x00,0xE9
	.byte 0x5A,0x60,0xFF,0xFF,0x49,0x8B,0x76,0x40,0xE9,0x31,0x00,0x00,0x00,0x90,0x4D,0x8B
	.byte 0x5E,0x60,0x4D,0x89,0x5E,0x38,0x4D,0x8B,0x5E,0x68,0x4D,0x89,0x5E,0x60,0x49,0x89
	.byte 0x56,0x68,0x4D,0x8B,0x5E,0x50,0x4D,0x89,0x5E,0x20,0x4D,0x8B,0x5E,0x48,0x4D,0x89
	.byte 0x5E,0x28,0x4D,0x8B,0x5E,0x78,0x4D,0x89,0x5E,0x48,0x49,0x8B,0x76,0x40,0x48,0x89
	.byte 0xF9,0x48,0x01,0xF1,0xB8,0x00,0x00,0x00,0x00,0x40,0x0F,0x90,0xC0,0x48,0x89,0xF2
	.byte 0x48,0x09,0xFA,0x48,0x09,0xC2,0x48,0xF7,0xC2,0x01,0x00,0x00,0x00,0x0F,0x84,0x2B
	.byte 0x00,0x00,0x00,0x49,0x89,0x7E,0x50,0x49,0x89,0x76,0x78,0x41,0xBB,0xFB,0x00,0x00
	.byte 0x00,0x4D,0x89,0x1E,0x48,0x8D,0x05,0x05,0x00,0x00,0x00,0xE9,0xDE,0x5F,0xFF,0xFF
	.byte 0x49,0x8B,0x76,0x78,0x49,0x89,0x7E,0x78,0xE9,0x05,0x00,0x00,0x00,0x90,0x49,0x89
	.byte 0x4E,0x78,0xBF,0x18,0x00,0x00,0x00,0x48,0x01,0xF7,0xB8,0x00,0x00,0x00,0x00,0x40
	.byte 0x0F,0x90,0xC0,0x49,0x89,0x76,0x40,0x48,0x09,0xC6,0x48,0x83,0xCE,0x18,0x48,0xF7
	.byte 0xC6,0x01,0x00,0x00,0x00,0x0F,0x84,0x31,0x00,0x00,0x00,0xBF,0x18,0x00,0x00,0x00
	.byte 0x49,0x8B,0x76,0x40,0x49,0x89,0x7E,0x50,0x41,0xBB,0xFC,0x00,0x00,0x00,0x4D,0x89
	.byte 0x1E,0x48,0x8D,0x05,0x06,0x00,0x00,0x00,0xE9,0x81,0x5F,0xFF,0xFF,0x90,0x49,0x8B
	.byte 0x4E,0x78,0x49,0x89,0x7E,0x50,0xE9,0x09,0x00,0x00,0x00,0x90,0x49,0x89,0x7E,0x50
	.byte 0x49,0x8B,0x4E,0x78,0xBA,0x08,0x00,0x00,0x00,0x48,0xBF,0xFC,0xFF,0xFF,0xFF,0xFF
	.byte 0xFF,0xFF,0xFF,0x48,0x01,0xCF,0xB8,0x00,0x00,0x00,0x00,0x40,0x0F,0x90,0xC0,0x48
	.byte 0x89,0xCE,0x48,0x09,0xC6,0x48,0x83,0xCE,0xFC,0x48,0xF7,0xC6,0x01,0x00,0x00,0x00
	.byte 0x0F,0x84,0x58,0x00,0x00,0x00,0x48,0xBF,0xFC,0xFF,0xFF,0xFF,0xFF,0xFF,0xFF,0xFF
	.byte 0x48,0x89,0xCE,0x49,0x89,0x56,0x78,0x4D,0x8B,0x5E,0x40,0x4D,0x89,0x5E,0x30,0x4D
	.byte 0x8B,0x5E,0x48,0x4D,0x89,0x5E,0x40,0x49,0x89,0x4E,0x48,0x49,0x89,0x7E,0x08,0x41
	.byte 0xBB,0xFD,0x00,0x00,0x00,0x4D,0x89,0x1E,0x48,0x8D,0x05,0x05,0x00,0x00,0x00,0xE9
	.byte 0xFA,0x5E,0xFF,0xFF,0x49,0x8B,0x4E,0x48,0x4D,0x8B,0x5E,0x40,0x4D,0x89,0x5E,0x48
	.byte 0x4D,0x8B,0x5E,0x30,0x4D,0x89,0x5E,0x40,0xE9,0x05,0x00,0x00,0x00,0x90,0x49,0x89
	.byte 0x56,0x78,0x48,0x89,0xF8,0x48,0xD1,0xE8,0x48,0x89,0xCE,0x48,0xF7,0xE6,0x48,0x89
	.byte 0xCE,0x48,0x09,0xF9,0x48,0x83,0xE1,0x01,0x48,0x09,0xD1,0x48,0xD1,0xE8,0x48,0x83
	.byte 0xF9,0x00,0x0F,0x84,0x3A,0x00,0x00,0x00,0x49,0x89,0x7E,0x08,0x49,0x89,0x76,0x30
	.byte 0x41,0xBB,0xFE,0x00,0x00,0x00,0x4D,0x89,0x1E,0x48,0x8D,0x05,0x06,0x00,0x00,0x00
	.byte 0xE9,0xAB,0x5E,0xFF,0xFF,0x90,0x48,0x89,0xF8,0x49,0x8B,0x4E,0x78,0x4D,0x8B,0x5E
	.byte 0x50,0x4D,0x89,0x5E,0x78,0x4D,0x8B,0x5E,0x40,0x4D,0x89,0x5E,0x50,0xE9,0x14,0x00
	.byte 0x00,0x00,0x49,0x8B,0x4E,0x78,0x4D,0x8B,0x5E,0x50,0x4D,0x89,0x5E,0x78,0x4D,0x8B
	.byte 0x5E,0x40,0x4D,0x89,0x5E,0x50,0x48,0x89,0xC6,0x48,0x83,0xCE,0x08,0x48,0x89,0xF7
	.byte 0x48,0xC1,0xEF,0x3F,0x48,0x09,0xF7,0x48,0xF7,0xC7,0x01,0x00,0x00,0x00,0x0F,0x84
	.byte 0x3A,0x00,0x00,0x00,0xBE,0x08,0x00,0x00,0x00,0x48,0x89,0xC7,0x49,0x89,0x76,0x40
	.byte 0x49,0x89,0x46,0x30,0x41,0xBB,0xFF,0x00,0x00,0x00,0x4D,0x89,0x1E,0x48,0x8D,0x05
	.byte 0x06,0x00,0x00,0x00,0xE9,0x41,0x5E,0xFF,0xFF,0x90,0x48,0x89,0xFA,0x49,0x8B,0x76
	.byte 0x78,0x4D,0x8B,0x5E,0x50,0x4D,0x89,0x5E,0x78,0xE9,0x18,0x00,0x00,0x00,0x31,0xD2
	.byte 0x48,0xF7,0xF1,0x48,0x89,0xC2,0x48,0xC1,0xE2,0x02,0x49,0x8B,0x76,0x78,0x4D,0x8B
	.byte 0x5E,0x50,0x4D,0x89,0x5E,0x78,0x48,0x89,0xD7,0x48,0x01,0xF7,0xB8,0x00,0x00,0x00
	.byte 0x00,0x40,0x0F,0x90,0xC0,0x48,0x89,0xF1,0x48,0x09,0xD1,0x48,0x09,0xC1,0x48,0xF7
	.byte 0xC1,0x01,0x00,0x00,0x00,0x0F,0x84,0x2B,0x00,0x00,0x00,0x48,0x89,0xD7,0x49,0x89
	.byte 0x56,0x50,0x49,0x89,0x76,0x40,0x41,0xBB,0x00,0x01,0x00,0x00,0x4D,0x89,0x1E,0x48
	.byte 0x8D,0x05,0x06,0x00,0x00,0x00,0xE9,0xB3,0x5D,0xFF,0xFF,0x90,0x49,0x8B,0x76,0x78
	.byte 0xE9,0x05,0x00,0x00,0x00,0x90,0x49,0x8B,0x76,0x78,0x49,0x8B,0x45,0xB8,0x48,0x8B
	.byte 0x40,0x10,0x48,0xD1,0xE7,0x4C,0x01,0xE7,0x48,0xC1,0xE8,0x09,0x48,0x01,0xC7,0x48
	.byte 0x8B,0x57,0x08,0xBF,0x28,0x00,0x00,0x00,0x48,0x01,0xF7,0xB8,0x00,0x00,0x00,0x00
	.byte 0x40,0x0F,0x90,0xC0,0x49,0x89,0x76,0x30,0x48,0x09,0xC6,0x48,0x83,0xCE,0x28,0x48
	.byte 0xF7,0xC6,0x01,0x00,0x00,0x00,0x0F,0x84,0x2C,0x00,0x00,0x00,0xBF,0x28,0x00,0x00
	.byte 0x00,0x49,0x8B,0x76,0x30,0x49,0x89,0x7E,0x78,0x49,0x89,0x56,0x50,0x41,0xBB,0x01
	.byte 0x01,0x00,0x00,0x4D,0x89,0x1E,0x48,0x8D,0x05,0x05,0x00,0x00,0x00,0xE9,0x3C,0x5D
	.byte 0xFF,0xFF,0xE9,0x05,0x00,0x00,0x00,0x90,0x49,0x89,0x56,0x50,0xB8,0x0C,0x00,0x00
	.byte 0x00,0x48,0xF7,0xC7,0x01,0x00,0x00,0x00,0x0F,0x84,0x90,0x00,0x00,0x00,0x48,0xBF
	.byte 0xFF,0xFF,0xFF,0xFF,0xFF,0xFF,0xFF,0xFF,0x41,0xBB,0x02,0x01,0x00,0x00,0x4D,0x89
	.byte 0x1E,0x48,0x8D,0x05,0x06,0x00,0x00,0x00,0xE9,0x8B,0x50,0xFF,0xFF,0x90,0x45,0x31
	.byte 0xDB,0x4D,0x89,0x5E,0x30,0x4D,0x8B,0x5E,0x30,0x4D,0x89,0x5E,0x68,0x4D,0x8B,0x5E
	.byte 0x30,0x4D,0x89,0x5E,0x78,0x4D,0x8B,0x5E,0x30,0x4D,0x89,0x5E,0x70,0x4D,0x8B,0x5E
	.byte 0x30,0x4D,0x89,0x5E,0x18,0x4D,0x8B,0x5E,0x30,0x4D,0x89,0x5E,0x60,0x4D,0x8B,0x5E
	.byte 0x30,0x4D,0x89,0x5E,0x38,0x4D,0x8B,0x5E,0x30,0x4D,0x89,0x5E,0x58,0x4D,0x8B,0x5E
	.byte 0x30,0x4D,0x89,0x5E,0x20,0x4D,0x8B,0x5E,0x30,0x4D,0x89,0x5E,0x50,0x4D,0x8B,0x5E
	.byte 0x30,0x4D,0x89,0x5E,0x28,0x4D,0x8B,0x5E,0x30,0x4D,0x89,0x5E,0x48,0x4D,0x8B,0x5E
	.byte 0x30,0x4D,0x89,0x5E,0x10,0x49,0x8B,0x7E,0x30,0xE9,0x04,0x00,0x00,0x00,0x49,0x89
	.byte 0x46,0x78,0x49,0x89,0x7E,0x40,0x48,0xC1,0xEF,0x02,0x49,0xBA,0x00,0x00,0x00,0x00
	.byte 0x01,0x00,0x00,0x00,0x4C,0x39,0xD7,0x0F,0x82,0x0F,0x00,0x00,0x00,0x48,0xBF,0xFF
	.byte 0xFF,0xFF,0xFF,0xFF,0xFF,0xFF,0xFF,0xE9,0x08,0x00,0x00,0x00,0x48,0x83,0xC7,0x01
	.byte 0x48,0xC1,0xE7,0x03,0x49,0x8B,0x45,0xD8,0x49,0x8B,0x75,0xF8,0x48,0x29,0xF0,0x48
	.byte 0x39,0xF8,0x0F,0x82,0x2A,0x00,0x00,0x00,0x4D,0x8B,0x4E,0x78,0x49,0x8B,0x5E,0x70
	.byte 0x4D,0x8B,0x5E,0x60,0x4D,0x89,0x5E,0x70,0x4D,0x8B,0x7E,0x58,0x4D,0x8B,0x5E,0x50
	.byte 0x4D,0x89,0x5E,0x60,0x49,0x8B,0x46,0x40,0x4D,0x8B,0x46,0x30,0xE9,0x3B,0x00,0x00
	.byte 0x00,0x90,0x41,0xBB,0x03,0x01,0x00,0x00,0x4D,0x89,0x1E,0x48,0x8D,0x05,0x06,0x00
	.byte 0x00,0x00,0xE9,0x91,0x4F,0xFF,0xFF,0x90,0x4D,0x8B,0x4E,0x78,0x49,0x8B,0x5E,0x70
	.byte 0x4D,0x8B,0x5E,0x60,0x4D,0x89,0x5E,0x70,0x4D,0x8B,0x7E,0x58,0x4D,0x8B,0x5E,0x50
	.byte 0x4D,0x89,0x5E,0x60,0x49,0x8B,0x46,0x40,0x4D,0x8B,0x46,0x30,0x49,0x8B,0x7D,0xF8
	.byte 0x48,0x89,0xC6,0x48,0xC1,0xE6,0x1E,0x48,0x81,0xCE,0xF3,0x01,0x00,0x00,0x48,0x89
	.byte 0xC2,0x49,0x89,0x46,0x78,0x48,0xC1,0xEA,0x02,0x48,0x89,0xF8,0x48,0x89,0x30,0x48
	.byte 0x89,0xC6,0x4D,0x8B,0x56,0x60,0x4C,0x89,0x56,0x08,0x4D,0x8B,0x56,0x48,0x4C,0x89
	.byte 0x56,0x10,0x4D,0x8B,0x56,0x68,0x4C,0x89,0x56,0x18,0x4C,0x89,0x7E,0x20,0x4D,0x8B
	.byte 0x56,0x70,0x4C,0x89,0x56,0x28,0x4D,0x8B,0x56,0x28,0x4C,0x89,0x56,0x30,0x4D,0x8B
	.byte 0x56,0x18,0x4C,0x89,0x56,0x38,0x4D,0x8B,0x56,0x20,0x4C,0x89,0x56,0x40,0x4D,0x8B
	.byte 0x56,0x38,0x4C,0x89,0x56,0x48,0x4D,0x8B,0x56,0x10,0x4C,0x89,0x56,0x50,0x49,0x8B
	.byte 0x45,0xF8,0x4C,0x29,0xE0,0x48,0xC1,0xE0,0x09,0x48,0x83,0xC8,0x01,0x48,0x0D,0xE0
	.byte 0x01,0x00,0x00,0x48,0x83,0xFA,0x0F,0x0F,0x82,0x0F,0x00,0x00,0x00,0x48,0x83,0xC8
	.byte 0x1E,0x48,0x89,0xC1,0x48,0x89,0xD0,0xE9,0x10,0x00,0x00,0x00,0x48,0x89,0xD7,0x48
	.byte 0xD1,0xE7,0x48,0x09,0xC7,0x48,0x89,0xD0,0x48,0x89,0xF9,0x90,0x48,0xC1,0xE0,0x03
	.byte 0x48,0x89,0xC7,0x48,0x89,0xF0,0x48,0x01,0xC7,0x48,0x83,0xC7,0x08,0x49,0x89,0x7D
	.byte 0xF8,0x48,0x89,0xC2,0x4C,0x89,0xC7,0x48,0x83,0xC2,0x58,0x4C,0x89,0xCE,0x4D,0x89
	.byte 0x4E,0x30,0x48,0xD1,0xE6,0x4C,0x01,0xE6,0x48,0x89,0xD8,0x49,0x89,0x5E,0x50,0x48
	.byte 0xC1,0xE8,0x09,0x48,0x01,0xC6,0x48,0x83,0xC6,0x08,0x48,0x85,0xFF,0x0F,0x84,0x29
	.byte 0x00,0x00,0x00,0x4D,0x89,0x7E,0x58,0x49,0x89,0x7E,0x40,0x41,0xBB,0x04,0x01,0x00
	.byte 0x00,0x4D,0x89,0x1E,0x48,0x8D,0x05,0x05,0x00,0x00,0x00,0xE9,0xA8,0x60,0xFF,0xFF
	.byte 0x49,0x8B,0x86,0x80,0x00,0x00,0x00,0xE9,0x0A,0x00,0x00,0x00,0x49,0x8B,0x86,0x80
	.byte 0x00,0x00,0x00,0x48,0x89,0xCF,0x49,0x81,0xC6,0x88,0x00,0x00,0x00,0xFF,0xE0,0x90
	.byte 0x49,0x81,0xEE,0x88,0x00,0x00,0x00,0x4D,0x39,0xEE,0x0F,0x82,0x1C,0x4E,0xFF,0xFF
	.byte 0x4D,0x89,0x46,0x50,0x49,0x89,0xC8,0x48,0x89,0xC1,0x49,0x8B,0x86,0x88,0x00,0x00
	.byte 0x00,0x4D,0x8B,0x9E,0x88,0x00,0x00,0x00,0x4D,0x89,0x5E,0x58,0x49,0x89,0x7E,0x60
	.byte 0x4D,0x89,0x4E,0x68,0x49,0x89,0xF1,0x49,0x89,0x56,0x48,0x48,0xC1,0xE8,0x09,0x4C
	.byte 0x01,0xE0,0x48,0x8B,0x78,0x10,0x48,0xBA,0xE0,0xFF,0xFF,0xFF,0xFF,0xFF,0xFF,0xFF
	.byte 0x48,0x01,0xFA,0xB8,0x00,0x00,0x00,0x00,0x40,0x0F,0x90,0xC0,0x48,0x89,0xFE,0x48
	.byte 0x09,0xC7,0x48,0x89,0xF8,0x48,0x83,0xC8,0xE0,0x48,0xA9,0x01,0x00,0x00,0x00,0x0F
	.byte 0x84,0x47,0x00,0x00,0x00,0x48,0xBF,0xE0,0xFF,0xFF,0xFF,0xFF,0xFF,0xFF,0xFF,0x49
	.byte 0x89,0x8E,0x88,0x00,0x00,0x00,0x4D,0x89,0xBE,0x80,0x00,0x00,0x00,0x4D,0x89,0x46
	.byte 0x78,0x4D,0x89,0x4E,0x70,0x49,0x89,0x76,0x38,0x49,0x89,0x7E,0x30,0x49,0x89,0x5E
	.byte 0x40,0x41,0xBB,0x05,0x01,0x00,0x00,0x4D,0x89,0x1E,0x48,0x8D,0x05,0x05,0x00,0x00
	.byte 0x00,0xE9,0xF8,0x59,0xFF,0xFF,0xE9,0x1F,0x00,0x00,0x00,0x90,0x48,0x89,0xD7,0x49
	.byte 0x89,0x8E,0x88,0x00,0x00,0x00,0x4D,0x89,0xBE,0x80,0x00,0x00,0x00,0x4D,0x89,0x46
	.byte 0x78,0x4D,0x89,0x4E,0x70,0x49,0x89,0x5E,0x40,0x90,0x31,0xD2,0x31,0xC0,0x48,0xF7
	.byte 0xC7,0x01,0x00,0x00,0x00,0x0F,0x84,0x4D,0x00,0x00,0x00,0x31,0xF6,0x4D,0x8B,0x5E
	.byte 0x40,0x4D,0x89,0x5E,0x38,0x49,0x89,0x7E,0x40,0x49,0x89,0x56,0x30,0x41,0xBB,0x06
	.byte 0x01,0x00,0x00,0x4D,0x89,0x1E,0x48,0x8D,0x05,0x05,0x00,0x00,0x00,0xE9,0x14,0x5A
	.byte 0xFF,0xFF,0x49,0x8B,0x76,0x58,0x4D,0x8B,0x5E,0x50,0x4D,0x89,0x5E,0x58,0x4D,0x8B
	.byte 0x5E,0x48,0x4D,0x89,0x5E,0x50,0x4D,0x8B,0x5E,0x38,0x4D,0x89,0x5E,0x48,0xB8,0x01
	.byte 0x00,0x00,0x00,0xE9,0x20,0x00,0x00,0x00,0x49,0x8B,0x76,0x58,0x4D,0x8B,0x5E,0x50
	.byte 0x4D,0x89,0x5E,0x58,0x4D,0x8B,0x5E,0x48,0x4D,0x89,0x5E,0x50,0x4D,0x8B,0x5E,0x40
	.byte 0x4D,0x89,0x5E,0x48,0x49,0x89,0x7E,0x40,0x48,0x39,0xC7,0x0F,0x8D,0x17,0x07,0x00
	.byte 0x00,0x48,0x89,0xF0,0x48,0xC1,0xEE,0x09,0x4C,0x01,0xE6,0x48,0x8B,0x7E,0x10,0x48
	.byte 0x83,0xFF,0x14,0x0F,0x8D,0x5B,0x03,0x00,0x00,0x48,0x83,0xFF,0x08,0x0F,0x8D,0x95
	.byte 0x01,0x00,0x00,0x48,0x83,0xFF,0x04,0x0F,0x8D,0xF3,0x00,0x00,0x00,0x48,0x89,0xC6
	.byte 0x48,0xC1,0xE8,0x09,0x4C,0x01,0xE0,0x48,0x8B,0x50,0x08,0x49,0x8B,0xBE,0x80,0x00
	.byte 0x00,0x00,0x4D,0x8B,0x5E,0x78,0x4D,0x89,0x9E,0x80,0x00,0x00,0x00,0x4D,0x8B,0x5E
	.byte 0x70,0x4D,0x89,0x5E,0x78,0x4D,0x8B,0x5E,0x68,0x4D,0x89,0x5E,0x70,0x4D,0x8B,0x5E
	.byte 0x60,0x4D,0x89,0x5E,0x68,0x4D,0x8B,0x5E,0x58,0x4D,0x89,0x5E,0x60,0x4D,0x8B,0x5E
	.byte 0x50,0x4D,0x89,0x5E,0x58,0x4D,0x8B,0x5E,0x48,0x4D,0x89,0x5E,0x50,0x41,0xBB,0x07
	.byte 0x01,0x00,0x00,0x4D,0x89,0x1E,0x48,0x8D,0x05,0x03,0x00,0x00,0x00,0xFF,0xE2,0x90
	.byte 0x48,0x89,0xF8,0x49,0x8B,0x9E,0x88,0x00,0x00,0x00,0x49,0x8B,0x8E,0x80,0x00,0x00
	.byte 0x00,0x49,0x8B,0x76,0x78,0x4D,0x8B,0x4E,0x70,0x49,0x8B,0x7E,0x68,0x4D,0x8B,0x46
	.byte 0x60,0x49,0x8B,0x56,0x58,0x4D,0x8B,0x5E,0x50,0x4D,0x89,0x9E,0x88,0x00,0x00,0x00
	.byte 0x49,0x89,0xC7,0x48,0xC1,0xE8,0x09,0x4C,0x01,0xE0,0x48,0x8B,0x40,0x10,0x48,0x83
	.byte 0xF8,0x18,0x0F,0x85,0x34,0x00,0x00,0x00,0x4C,0x89,0xF8,0x48,0xC1,0xE8,0x09,0x4C
	.byte 0x01,0xE0,0x48,0x8B,0x40,0x08,0x49,0x89,0xDA,0x49,0x8B,0x9E,0x88,0x00,0x00,0x00
	.byte 0x49,0x89,0x86,0x88,0x00,0x00,0x00,0x4C,0x89,0xD0,0x4D,0x8B,0x96,0x88,0x00,0x00
	.byte 0x00,0x49,0x81,0xC6,0x90,0x00,0x00,0x00,0x41,0xFF,0xE2,0x90,0x48,0x89,0xD8,0x49
	.byte 0x8B,0x9E,0x88,0x00,0x00,0x00,0x49,0x83,0xC6,0x08,0xE9,0x1F,0xEB,0xFF,0xFF,0x90
	.byte 0x48,0x89,0xC2,0x48,0xC1,0xE8,0x09,0x4C,0x01,0xE0,0x48,0x8B,0x48,0x08,0x49,0x8B
	.byte 0x7E,0x48,0x49,0x8B,0xB6,0x80,0x00,0x00,0x00,0x41,0xBB,0x08,0x01,0x00,0x00,0x4D
	.byte 0x89,0x1E,0x48,0x8D,0x05,0x03,0x00,0x00,0x00,0xFF,0xE1,0x90,0x48,0x89,0xFB,0x4D
	.byte 0x8B,0xBE,0x88,0x00,0x00,0x00,0x49,0x8B,0x4E,0x78,0x49,0x8B,0x76,0x70,0x4D,0x8B
	.byte 0x4E,0x68,0x49,0x8B,0x7E,0x60,0x4D,0x8B,0x46,0x58,0x49,0x8B,0x56,0x50,0x48,0x89
	.byte 0xD8,0x48,0xC1,0xEB,0x09,0x4C,0x01,0xE3,0x48,0x8B,0x5B,0x10,0x48,0x83,0xFB,0x14
	.byte 0x0F,0x85,0x22,0x00,0x00,0x00,0x48,0x89,0xC3,0x48,0xC1,0xE8,0x09,0x4C,0x01,0xE0
	.byte 0x48,0x8B,0x40,0x08,0x4D,0x89,0xFA,0x49,0x89,0xC7,0x4C,0x89,0xD0,0x49,0x81,0xC6
	.byte 0x90,0x00,0x00,0x00,0x41,0xFF,0xE7,0x90,0x48,0x89,0xC3,0x4C,0x89,0xF8,0x49,0x83
	.byte 0xC6,0x10,0xE9,0xF5,0xD8,0xFF,0xFF,0x90,0x48,0x83,0xFF,0x0C,0x0F,0x8D,0x90,0x00
	.byte 0x00,0x00,0x48,0x89,0xC1,0x48,0xC1,0xE8,0x09,0x4C,0x01,0xE0,0x4C,0x8B,0x40,0x08
	.byte 0x49,0x8B,0x7E,0x68,0x49,0x8B,0x76,0x48,0x49,0x8B,0x96,0x80,0x00,0x00,0x00,0x41
	.byte 0xBB,0x09,0x01,0x00,0x00,0x4D,0x89,0x1E,0x48,0x8D,0x05,0x03,0x00,0x00,0x00,0x41
	.byte 0xFF,0xE0,0x49,0x89,0xF8,0x49,0x8B,0x86,0x88,0x00,0x00,0x00,0x49,0x8B,0x4E,0x78
	.byte 0x49,0x8B,0x76,0x70,0x49,0x8B,0x7E,0x60,0x4D,0x8B,0x7E,0x58,0x49,0x8B,0x56,0x50
	.byte 0x4D,0x89,0xC1,0x49,0xC1,0xE8,0x09,0x4D,0x01,0xE0,0x4D,0x8B,0x40,0x10,0x49,0x83
	.byte 0xF8,0x10,0x0F,0x85,0x1E,0x00,0x00,0x00,0x4D,0x89,0xC8,0x49,0xC1,0xE9,0x09,0x4D
	.byte 0x01,0xE1,0x49,0x8B,0x59,0x08,0x4D,0x89,0xC1,0x4D,0x89,0xF8,0x49,0x81,0xC6,0x90
	.byte 0x00,0x00,0x00,0xFF,0xE3,0x90,0x4D,0x89,0xF8,0x49,0x83,0xC6,0x18,0xE9,0x4A,0xC7
	.byte 0xFF,0xFF,0x48,0x83,0xFF,0x10,0x0F,0x8D,0x8C,0x00,0x00,0x00,0x49,0x89,0xC0,0x48
	.byte 0xC1,0xE8,0x09,0x4C,0x01,0xE0,0x4C,0x8B,0x48,0x08,0x49,0x8B,0x7E,0x58,0x49,0x8B
	.byte 0x76,0x68,0x49,0x8B,0x56,0x48,0x49,0x8B,0x8E,0x80,0x00,0x00,0x00,0x41,0xBB,0x0A
	.byte 0x01,0x00,0x00,0x4D,0x89,0x1E,0x48,0x8D,0x05,0x03,0x00,0x00,0x00,0x41,0xFF,0xE1
	.byte 0x49,0x89,0xF9,0x49,0x8B,0x86,0x88,0x00,0x00,0x00,0x49,0x8B,0x4E,0x78,0x49,0x8B
	.byte 0x76,0x70,0x49,0x8B,0x7E,0x60,0x49,0x8B,0x56,0x50,0x4D,0x89,0xC8,0x49,0xC1,0xE9
	.byte 0x09,0x4D,0x01,0xE1,0x4D,0x8B,0x49,0x10,0x49,0x83,0xF9,0x0C,0x0F,0x85,0x1C,0x00
	.byte 0x00,0x00,0x4C,0x89,0xC3,0x49,0xC1,0xE8,0x09,0x4D,0x01,0xE0,0x4D,0x8B,0x48,0x08
	.byte 0x49,0x89,0xD8,0x49,0x81,0xC6,0x90,0x00,0x00,0x00,0x41,0xFF,0xE1,0x90,0x49,0x83
	.byte 0xC6,0x20,0xE9,0x91,0xB6,0xFF,0xFF,0x90,0x49,0x89,0xC1,0x48,0xC1,0xE8,0x09,0x4C
	.byte 0x01,0xE0,0x48,0x8B,0x58,0x08,0x49,0x8B,0x7E,0x78,0x49,0x8B,0x76,0x58,0x49,0x8B
	.byte 0x56,0x68,0x49,0x8B,0x4E,0x48,0x4D,0x8B,0x86,0x80,0x00,0x00,0x00,0x41,0xBB,0x0B
	.byte 0x01,0x00,0x00,0x4D,0x89,0x1E,0x48,0x8D,0x05,0x03,0x00,0x00,0x00,0xFF,0xE3,0x90
	.byte 0x49,0x89,0xF8,0x49,0x8B,0x86,0x88,0x00,0x00,0x00,0x49,0x8B,0x76,0x70,0x49,0x8B
	.byte 0x7E,0x60,0x49,0x8B,0x56,0x50,0x4C,0x89,0xC1,0x49,0xC1,0xE8,0x09,0x4D,0x01,0xE0
	.byte 0x4D,0x8B,0x40,0x10,0x49,0x83,0xF8,0x08,0x0F,0x85,0x1C,0x00,0x00,0x00,0x49,0x89
	.byte 0xC9,0x48,0xC1,0xE9,0x09,0x4C,0x01,0xE1,0x4C,0x8B,0x41,0x08,0x4C,0x89,0xC9,0x49
	.byte 0x81,0xC6,0x90,0x00,0x00,0x00,0x41,0xFF,0xE0,0x90,0x49,0x83,0xC6,0x28,0xE9,0x41
	.byte 0xA6,0xFF,0xFF,0x90,0x48,0x83,0xFF,0x1C,0x0F,0x8D,0x38,0x01,0x00,0x00,0x48,0x83
	.byte 0xFF,0x18,0x0F,0x8D,0x88,0x00,0x00,0x00,0x48,0x89,0xC3,0x48,0xC1,0xE8,0x09,0x4C
	.byte 0x01,0xE0,0x4C,0x8B,0x78,0x08,0x49,0x8B,0x7E,0x50,0x49,0x8B,0x76,0x78,0x49,0x8B
	.byte 0x56,0x58,0x49,0x8B,0x4E,0x68,0x4D,0x8B,0x46,0x48,0x4D,0x8B,0x8E,0x80,0x00,0x00
	.byte 0x00,0x41,0xBB,0x0C,0x01,0x00,0x00,0x4D,0x89,0x1E,0x48,0x8D,0x05,0x03,0x00,0x00
	.byte 0x00,0x41,0xFF,0xE7,0x48,0x89,0xF9,0x49,0x8B,0x86,0x88,0x00,0x00,0x00,0x49,0x8B
	.byte 0x76,0x70,0x49,0x8B,0x7E,0x60,0x48,0x89,0xCA,0x48,0xC1,0xE9,0x09,0x4C,0x01,0xE1
	.byte 0x48,0x8B,0x49,0x10,0x48,0x83,0xF9,0x04,0x0F,0x85,0x18,0x00,0x00,0x00,0x48,0x89
	.byte 0xD1,0x48,0xC1,0xE9,0x09,0x4C,0x01,0xE1,0x48,0x8B,0x49,0x08,0x49,0x81,0xC6,0x90
	.byte 0x00,0x00,0x00,0xFF,0xE1,0x90,0x49,0x83,0xC6,0x30,0xE9,0x65,0x96,0xFF,0xFF,0x90
	.byte 0x49,0x89,0xC7,0x48,0xC1,0xE8,0x09,0x4C,0x01,0xE0,0x48,0x8B,0x40,0x08,0x49,0x8B
	.byte 0x7E,0x70,0x49,0x8B,0x76,0x50,0x49,0x8B,0x56,0x78,0x49,0x8B,0x4E,0x58,0x4D,0x8B
	.byte 0x46,0x68,0x4D,0x8B,0x4E,0x48,0x49,0x8B,0x9E,0x80,0x00,0x00,0x00,0x4D,0x8B,0x9E
	.byte 0x88,0x00,0x00,0x00,0x4D,0x89,0x9E,0x80,0x00,0x00,0x00,0x49,0x89,0x86,0x88,0x00
	.byte 0x00,0x00,0x4D,0x8B,0x96,0x88,0x00,0x00,0x00,0x41,0xBB,0x0D,0x01,0x00,0x00,0x4D
	.byte 0x89,0x1E,0x48,0x8D,0x05,0x03,0x00,0x00,0x00,0x41,0xFF,0xE2,0x49,0x8B,0x86,0x80
	.byte 0x00,0x00,0x00,0x49,0x8B,0x4E,0x60,0x48,0x89,0xFE,0x48,0xC1,0xEF,0x09,0x4C,0x01
	.byte 0xE7,0x48,0x8B,0x7F,0x10,0x48,0x83,0xFF,0x00,0x0F,0x85,0x1B,0x00,0x00,0x00,0x48
	.byte 0x89,0xF7,0x48,0xC1,0xEF,0x09,0x4C,0x01,0xE7,0x48,0x8B,0x57,0x08,0x48,0x89,0xCF
	.byte 0x49,0x81,0xC6,0x90,0x00,0x00,0x00,0xFF,0xE2,0x90,0x48,0x89,0xCF,0x49,0x83,0xC6
	.byte 0x40,0xE9,0xC4,0x87,0xFF,0xFF,0x48,0x83,0xFF,0x20,0x0F,0x8D,0xBA,0x00,0x00,0x00
	.byte 0x48,0x89,0xC7,0x48,0xC1,0xE8,0x09,0x4C,0x01,0xE0,0x48,0x8B,0x40,0x08,0x49,0x8B
	.byte 0x4E,0x78,0x4D,0x8B,0x9E,0x88,0x00,0x00,0x00,0x4D,0x89,0x5E,0x78,0x49,0x89,0xBE
	.byte 0x88,0x00,0x00,0x00,0x49,0x8B,0x7E,0x60,0x49,0x8B,0x76,0x70,0x49,0x8B,0x56,0x50
	.byte 0x4D,0x8B,0x46,0x58,0x4D,0x8B,0x4E,0x68,0x49,0x8B,0x5E,0x48,0x4D,0x8B,0xBE,0x80
	.byte 0x00,0x00,0x00,0x49,0x89,0x86,0x80,0x00,0x00,0x00,0x4D,0x8B,0x96,0x80,0x00,0x00
	.byte 0x00,0x41,0xBB,0x0E,0x01,0x00,0x00,0x4D,0x89,0x1E,0x49,0x83,0xEE,0x08,0x4D,0x39
	.byte 0xEE,0x0F,0x82,0xA5,0x47,0xFF,0xFF,0x4D,0x8B,0x9E,0x90,0x00,0x00,0x00,0x4D,0x89
	.byte 0x1E,0x48,0x8D,0x05,0x04,0x00,0x00,0x00,0x41,0xFF,0xE2,0x90,0x49,0x8B,0x46,0x78
	.byte 0x48,0x89,0xFE,0x48,0xC1,0xEE,0x09,0x4C,0x01,0xE6,0x48,0x8B,0x76,0x10,0x48,0x83
	.byte 0xFE,0x00,0x0F,0x85,0x18,0x00,0x00,0x00,0x48,0x89,0xFE,0x48,0xC1,0xEE,0x09,0x4C
	.byte 0x01,0xE6,0x48,0x8B,0x76,0x08,0x49,0x81,0xC6,0x90,0x00,0x00,0x00,0xFF,0xE6,0x90
	.byte 0x49,0x83,0xC6,0x40,0xE9,0x01,0x87,0xFF,0xFF,0x90,0x48,0x83,0xFF,0x24,0x0F,0x8D
	.byte 0xCA,0x00,0x00,0x00,0x48,0x89,0xC7,0x48,0xC1,0xE8,0x09,0x4C,0x01,0xE0,0x48,0x8B
	.byte 0x40,0x08,0x49,0x8B,0x56,0x70,0x4D,0x8B,0x9E,0x88,0x00,0x00,0x00,0x4D,0x89,0x5E
	.byte 0x70,0x4D,0x8B,0x9E,0x80,0x00,0x00,0x00,0x4D,0x89,0x9E,0x88,0x00,0x00,0x00,0x49
	.byte 0x89,0xBE,0x80,0x00,0x00,0x00,0x49,0x8B,0x7E,0x40,0x49,0x8B,0x76,0x60,0x49,0x8B
	.byte 0x4E,0x50,0x4D,0x8B,0x46,0x78,0x4D,0x8B,0x4E,0x58,0x49,0x8B,0x5E,0x68,0x4D,0x8B
	.byte 0x7E,0x48,0x49,0x89,0x46,0x78,0x4D,0x8B,0x56,0x78,0x41,0xBB,0x0F,0x01,0x00,0x00
	.byte 0x4D,0x89,0x1E,0x49,0x83,0xEE,0x10,0x4D,0x39,0xEE,0x0F,0x82,0xDC,0x46,0xFF,0xFF
	.byte 0x4D,0x8B,0x9E,0x98,0x00,0x00,0x00,0x4D,0x89,0x5E,0x08,0x4D,0x8B,0x9E,0x90,0x00
	.byte 0x00,0x00,0x4D,0x89,0x1E,0x48,0x8D,0x05,0x04,0x00,0x00,0x00,0x41,0xFF,0xE2,0x90
	.byte 0x49,0x8B,0x46,0x70,0x48,0x89,0xFE,0x48,0xC1,0xEE,0x09,0x4C,0x01,0xE6,0x48,0x8B
	.byte 0x76,0x10,0x48,0x83,0xFE,0x00,0x0F,0x85,0x18,0x00,0x00,0x00,0x48,0x89,0xFE,0x48
	.byte 0xC1,0xEE,0x09,0x4C,0x01,0xE6,0x48,0x8B,0x76,0x08,0x49,0x81,0xC6,0x90,0x00,0x00
	.byte 0x00,0xFF,0xE6,0x90,0x49,0x83,0xC6,0x40,0xE9,0x2D,0x86,0xFF,0xFF,0x90,0x48,0x89
	.byte 0xC6,0x48,0xC1,0xE8,0x09,0x4C,0x01,0xE0,0x48,0x8B,0x40,0x08,0x4D,0x8B,0x4E,0x78
	.byte 0x49,0x89,0x76,0x78,0x49,0x8B,0x76,0x40,0x49,0x8B,0x56,0x60,0x49,0x8B,0x4E,0x70
	.byte 0x4D,0x8B,0x46,0x50,0x49,0x8B,0x5E,0x58,0x4D,0x8B,0x7E,0x68,0x4D,0x8B,0x9E,0x88
	.byte 0x00,0x00,0x00,0x4D,0x89,0x5E,0x68,0x4D,0x8B,0x5E,0x48,0x4D,0x89,0x9E,0x88,0x00
	.byte 0x00,0x00,0x49,0x89,0x46,0x70,0x4D,0x8B,0x56,0x70,0x41,0xBB,0x10,0x01,0x00,0x00
	.byte 0x4D,0x89,0x1E,0x49,0x83,0xEE,0x18,0x4D,0x39,0xEE,0x0F,0x82,0x1C,0x46,0xFF,0xFF
	.byte 0x4D,0x8B,0x9E,0xA0,0x00,0x00,0x00,0x4D,0x89,0x5E,0x10,0x4D,0x8B,0x9E,0x98,0x00
	.byte 0x00,0x00,0x4D,0x89,0x5E,0x08,0x4D,0x8B,0x9E,0x90,0x00,0x00,0x00,0x4D,0x89,0x1E
	.byte 0x48,0x8D,0x05,0x03,0x00,0x00,0x00,0x41,0xFF,0xE2,0x49,0x8B,0x46,0x68,0x48,0x89
	.byte 0xFE,0x48,0xC1,0xEE,0x09,0x4C,0x01,0xE6,0x48,0x8B,0x76,0x10,0x48,0x83,0xFE,0x00
	.byte 0x0F,0x85,0x18,0x00,0x00,0x00,0x48,0x89,0xFE,0x48,0xC1,0xEE,0x09,0x4C,0x01,0xE6
	.byte 0x48,0x8B,0x76,0x08,0x49,0x81,0xC6,0x90,0x00,0x00,0x00,0xFF,0xE6,0x90,0x49,0x83
	.byte 0xC6,0x40,0xE9,0x63,0x85,0xFF,0xFF,0x90,0x48,0xF7,0xC6,0x01,0x00,0x00,0x00,0x0F
	.byte 0x84,0x1F,0x00,0x00,0x00,0x48,0x89,0xF0,0x48,0xC1,0xEE,0x09,0x4C,0x01,0xE6,0x48
	.byte 0x8B,0x36,0x48,0xBF,0xFE,0xFF,0xFF,0xFF,0x00,0x00,0x00,0x00,0x48,0x21,0xFE,0xE9
	.byte 0x04,0x00,0x00,0x00,0x48,0x89,0xF0,0x90,0x48,0x81,0xFE,0xE2,0x01,0x00,0x00,0x0F
	.byte 0x85,0x5D,0x03,0x00,0x00,0x49,0x89,0x46,0x38,0x48,0xC1,0xE8,0x09,0x4C,0x01,0xE0
	.byte 0x48,0x8B,0x48,0x10,0xBA,0x08,0x00,0x00,0x00,0x48,0xBF,0xFC,0xFF,0xFF,0xFF,0xFF
	.byte 0xFF,0xFF,0xFF,0x48,0x01,0xCF,0xB8,0x00,0x00,0x00,0x00,0x40,0x0F,0x90,0xC0,0x48
	.byte 0x89,0xCE,0x48,0x09,0xC6,0x48,0x83,0xCE,0xFC,0x48,0xF7,0xC6,0x01,0x00,0x00,0x00
	.byte 0x0F,0x84,0x70,0x00,0x00,0x00,0x48,0xBF,0xFC,0xFF,0xFF,0xFF,0xFF,0xFF,0xFF,0xFF
	.byte 0x48,0x89,0xCE,0x4D,0x8B,0x5E,0x48,0x4D,0x89,0x5E,0x28,0x4D,0x8B,0x5E,0x38,0x4D
	.byte 0x89,0x5E,0x48,0x4D,0x8B,0x5E,0x50,0x4D,0x89,0x5E,0x38,0x4D,0x8B,0x5E,0x58,0x4D
	.byte 0x89,0x5E,0x50,0x4D,0x8B,0x5E,0x68,0x4D,0x89,0x5E,0x58,0x4D,0x8B,0x5E,0x70,0x4D
	.byte 0x89,0x5E,0x68,0x49,0x89,0x56,0x70,0x49,0x89,0x7E,0x20,0x49,0x89,0x4E,0x30,0x41
	.byte 0xBB,0x11,0x01,0x00,0x00,0x4D,0x89,0x1E,0x48,0x8D,0x05,0x05,0x00,0x00,0x00,0xE9
	.byte 0x5A,0x51,0xFF,0xFF,0x49,0x8B,0x4E,0x30,0x4D,0x8B,0x5E,0x28,0x4D,0x89,0x5E,0x30
	.byte 0xE9,0x35,0x00,0x00,0x00,0x90,0x4D,0x8B,0x5E,0x48,0x4D,0x89,0x5E,0x30,0x4D,0x8B
	.byte 0x5E,0x38,0x4D,0x89,0x5E,0x48,0x4D,0x8B,0x5E,0x50,0x4D,0x89,0x5E,0x38,0x4D,0x8B
	.byte 0x5E,0x58,0x4D,0x89,0x5E,0x50,0x4D,0x8B,0x5E,0x68,0x4D,0x89,0x5E,0x58,0x4D,0x8B
	.byte 0x5E,0x70,0x4D,0x89,0x5E,0x68,0x49,0x89,0x56,0x70,0x49,0x89,0xF8,0x48,0xD1,0xEF
	.byte 0x48,0x89,0xF8,0x48,0x89,0xCE,0x48,0xF7,0xE6,0x48,0x89,0xCE,0x4C,0x09,0xC1,0x48
	.byte 0x83,0xE1,0x01,0x48,0x09,0xD1,0x48,0x89,0xC7,0x48,0xD1,0xEF,0x48,0x83,0xF9,0x00
	.byte 0x0F,0x84,0x4A,0x00,0x00,0x00,0x4C,0x89,0xC7,0x4D,0x89,0x46,0x28,0x4D,0x8B,0x56
	.byte 0x60,0x4D,0x8B,0x5E,0x50,0x4D,0x89,0x5E,0x60,0x4D,0x89,0x56,0x50,0x49,0x89,0x76
	.byte 0x20,0x41,0xBB,0x12,0x01,0x00,0x00,0x4D,0x89,0x1E,0x48,0x8D,0x05,0x05,0x00,0x00
	.byte 0x00,0xE9,0xCA,0x50,0xFF,0xFF,0x49,0x8B,0x4E,0x70,0x4D,0x8B,0x5E,0x40,0x4D,0x89
	.byte 0x5E,0x70,0x4D,0x8B,0x5E,0x60,0x4D,0x89,0x5E,0x40,0xE9,0x1D,0x00,0x00,0x00,0x90
	.byte 0x49,0x8B,0x4E,0x70,0x4D,0x8B,0x5E,0x40,0x4D,0x89,0x5E,0x70,0x4D,0x8B,0x5E,0x50
	.byte 0x4D,0x89,0x5E,0x40,0x4D,0x8B,0x5E,0x60,0x4D,0x89,0x5E,0x50,0x48,0x89,0xF8,0x48
	.byte 0x83,0xCF,0x08,0x48,0x89,0xFE,0x48,0xC1,0xEE,0x3F,0x48,0x09,0xFE,0x48,0xF7,0xC6
	.byte 0x01,0x00,0x00,0x00,0x0F,0x84,0x2E,0x00,0x00,0x00,0xBE,0x08,0x00,0x00,0x00,0x48
	.byte 0x89,0xC7,0x49,0x89,0x76,0x60,0x49,0x89,0x46,0x28,0x41,0xBB,0x13,0x01,0x00,0x00
	.byte 0x4D,0x89,0x1E,0x48,0x8D,0x05,0x06,0x00,0x00,0x00,0xE9,0x5B,0x50,0xFF,0xFF,0x90
	.byte 0x48,0x89,0xFE,0xE9,0x0C,0x00,0x00,0x00,0x31,0xD2,0x48,0xF7,0xF1,0x48,0x89,0xC6
	.byte 0x48,0xC1,0xE6,0x02,0xBF,0x1C,0x00,0x00,0x00,0x48,0x01,0xF7,0xB8,0x00,0x00,0x00
	.byte 0x00,0x40,0x0F,0x90,0xC0,0x48,0x89,0xF2,0x48,0x09,0xC2,0x48,0x83,0xCA,0x1C,0x48
	.byte 0xF7,0xC2,0x01,0x00,0x00,0x00,0x0F,0x84,0x2C,0x00,0x00,0x00,0xBF,0x1C,0x00,0x00
	.byte 0x00,0x49,0x89,0x76,0x28,0x49,0x89,0x7E,0x60,0x41,0xBB,0x14,0x01,0x00,0x00,0x4D
	.byte 0x89,0x1E,0x48,0x8D,0x05,0x05,0x00,0x00,0x00,0xE9,0xE0,0x4F,0xFF,0xFF,0x49,0x89
	.byte 0x7E,0x60,0xE9,0x05,0x00,0x00,0x00,0x90,0x49,0x89,0x7E,0x60,0x49,0x8B,0x45,0xD8
	.byte 0x49,0x8B,0x7D,0xF8,0x48,0x29,0xF8,0x48,0x83,0xF8,0x60,0x0F,0x82,0x39,0x00,0x00
	.byte 0x00,0x4D,0x8B,0x7E,0x78,0x49,0x8B,0x56,0x70,0x4D,0x8B,0x5E,0x68,0x4D,0x89,0x5E
	.byte 0x70,0x49,0x8B,0x76,0x60,0x4D,0x8B,0x46,0x58,0x4D,0x8B,0x5E,0x50,0x4D,0x89,0x5E
	.byte 0x68,0x49,0x8B,0x4E,0x48,0x4D,0x8B,0x4E,0x40,0x4D,0x8B,0x5E,0x38,0x4D,0x89,0x5E
	.byte 0x78,0x49,0x8B,0x5E,0x30,0xE9,0x4E,0x00,0x00,0x00,0xBF,0x60,0x00,0x00,0x00,0x41
	.byte 0xBB,0x15,0x01,0x00,0x00,0x4D,0x89,0x1E,0x48,0x8D,0x05,0x05,0x00,0x00,0x00,0xE9
	.byte 0xF4,0x42,0xFF,0xFF,0x4D,0x8B,0x7E,0x78,0x49,0x8B,0x56,0x70,0x4D,0x8B,0x5E,0x68
	.byte 0x4D,0x89,0x5E,0x70,0x49,0x8B,0x76,0x60,0x4D,0x8B,0x46,0x58,0x4D,0x8B,0x5E,0x50
	.byte 0x4D,0x89,0x5E,0x68,0x49,0x8B,0x4E,0x48,0x4D,0x8B,0x4E,0x40,0x4D,0x8B,0x5E,0x38
	.byte 0x4D,0x89,0x5E,0x78,0x49,0x8B,0x5E,0x30,0x49,0x8B,0x45,0xB8,0x48,0x8B,0x78,0x10
	.byte 0x48,0x89,0xF0,0x48,0xD1,0xE0,0x4C,0x01,0xE0,0x48,0xC1,0xEF,0x09,0x48,0x01,0xF8
	.byte 0x48,0x8B,0x70,0x08,0x49,0x8B,0x7D,0xF8,0x48,0xB8,0xF3,0x01,0x00,0x00,0x0B,0x00
	.byte 0x00,0x00,0x48,0x89,0x07,0x48,0x89,0xF8,0x48,0x89,0x70,0x08,0x48,0x89,0x50,0x10
	.byte 0x48,0x89,0x48,0x18,0x4D,0x8B,0x56,0x68,0x4C,0x89,0x50,0x20,0x4D,0x8B,0x56,0x70
	.byte 0x4C,0x89,0x50,0x28,0x4D,0x8B,0x56,0x78,0x4C,0x89,0x50,0x30,0x4C,0x89,0x78,0x38
	.byte 0x4C,0x89,0x48,0x40,0x4C,0x89,0x40,0x48,0x48,0x89,0x58,0x50,0x4D,0x8B,0x96,0x80
	.byte 0x00,0x00,0x00,0x4C,0x89,0x50,0x58,0x48,0x89,0xC7,0x4C,0x29,0xE7,0x48,0xC1,0xE7
	.byte 0x09,0x48,0x81,0xCF,0xF7,0x01,0x00,0x00,0x48,0x83,0xC0,0x60,0x49,0x89,0x45,0xF8
	.byte 0x4D,0x8B,0x9E,0x88,0x00,0x00,0x00,0x49,0x81,0xC6,0x90,0x00,0x00,0x00,0x41,0xFF
	.byte 0xE3,0x90,0x48,0xA9,0x01,0x00,0x00,0x00,0x0F,0x84,0x1C,0x00,0x00,0x00,0x49,0x89
	.byte 0x46,0x38,0x48,0xC1,0xE8,0x09,0x4C,0x01,0xE0,0x48,0x8B,0x30,0x48,0xC1,0xEE,0x20
	.byte 0x48,0xC1,0xE6,0x02,0xE9,0x07,0x00,0x00,0x00,0x90,0x31,0xF6,0x49,0x89,0x46,0x38
	.byte 0x48,0xBF,0xF4,0xFF,0xFF,0xFF,0xFF,0xFF,0xFF,0xFF,0x48,0x01,0xF7,0xB8,0x00,0x00
	.byte 0x00,0x00,0x40,0x0F,0x90,0xC0,0x48,0x89,0xF2,0x48,0x09,0xC2,0x48,0x83,0xCA,0xF4
	.byte 0x48,0xF7,0xC2,0x01,0x00,0x00,0x00,0x0F,0x84,0x75,0x00,0x00,0x00,0x48,0xBF,0xF4
	.byte 0xFF,0xFF,0xFF,0xFF,0xFF,0xFF,0xFF,0x4D,0x8B,0x96,0x80,0x00,0x00,0x00,0x4D,0x8B
	.byte 0x5E,0x58,0x4D,0x89,0x9E,0x80,0x00,0x00,0x00,0x4D,0x8B,0x5E,0x60,0x4D,0x89,0x5E
	.byte 0x58,0x4D,0x89,0x56,0x60,0x4D,0x8B,0x5E,0x70,0x4D,0x89,0x5E,0x30,0x4D,0x8B,0x5E
	.byte 0x48,0x4D,0x89,0x5E,0x18,0x49,0x89,0x76,0x48,0x49,0x89,0x7E,0x70,0x41,0xBB,0x16
	.byte 0x01,0x00,0x00,0x4D,0x89,0x1E,0x48,0x8D,0x05,0x05,0x00,0x00,0x00,0xE9,0xEC,0x4D
	.byte 0xFF,0xFF,0x49,0x8B,0x76,0x40,0x49,0x8B,0x46,0x38,0x4D,0x8B,0x9E,0x80,0x00,0x00
	.byte 0x00,0x4D,0x89,0x5E,0x40,0x49,0x89,0xBE,0x80,0x00,0x00,0x00,0xE9,0x3B,0x00,0x00
	.byte 0x00,0x90,0x49,0x8B,0x76,0x40,0x4D,0x8B,0x5E,0x58,0x4D,0x89,0x5E,0x40,0x4D,0x8B
	.byte 0x5E,0x60,0x4D,0x89,0x5E,0x58,0x4D,0x8B,0x9E,0x80,0x00,0x00,0x00,0x4D,0x89,0x5E
	.byte 0x60,0x49,0x89,0xBE,0x80,0x00,0x00,0x00,0x4D,0x8B,0x5E,0x70,0x4D,0x89,0x5E,0x30
	.byte 0x49,0x8B,0x46,0x38,0x4D,0x8B,0x5E,0x48,0x4D,0x89,0x5E,0x18,0x49,0x89,0x46,0x48
	.byte 0x48,0xC1,0xE8,0x09,0x4C,0x01,0xE0,0x48,0x8B,0x50,0x18,0xBF,0x20,0x00,0x00,0x00
	.byte 0x48,0x01,0xF7,0xB8,0x00,0x00,0x00,0x00,0x40,0x0F,0x90,0xC0,0x49,0x89,0x76,0x70
	.byte 0x48,0x09,0xC6,0x48,0x83,0xCE,0x20,0x48,0xF7,0xC6,0x01,0x00,0x00,0x00,0x0F,0x84
	.byte 0x52,0x00,0x00,0x00,0xBF,0x20,0x00,0x00,0x00,0x49,0x8B,0x76,0x70,0x4D,0x8B,0x5E
	.byte 0x78,0x4D,0x89,0x5E,0x20,0x49,0x89,0x7E,0x78,0x4D,0x8B,0x5E,0x50,0x4D,0x89,0x5E
	.byte 0x28,0x4D,0x8B,0x5E,0x68,0x4D,0x89,0x5E,0x50,0x4D,0x8B,0x5E,0x58,0x4D,0x89,0x5E
	.byte 0x68,0x49,0x89,0x56,0x38,0x41,0xBB,0x17,0x01,0x00,0x00,0x4D,0x89,0x1E,0x48,0x8D
	.byte 0x05,0x05,0x00,0x00,0x00,0xE9,0x14,0x4D,0xFF,0xFF,0x49,0x8B,0xB6,0x80,0x00,0x00
	.byte 0x00,0xE9,0x2C,0x00,0x00,0x00,0x49,0x8B,0xB6,0x80,0x00,0x00,0x00,0x4D,0x8B,0x5E
	.byte 0x78,0x4D,0x89,0x5E,0x20,0x4D,0x8B,0x5E,0x50,0x4D,0x89,0x5E,0x28,0x4D,0x8B,0x5E
	.byte 0x68,0x4D,0x89,0x5E,0x50,0x4D,0x8B,0x5E,0x58,0x4D,0x89,0x5E,0x68,0x49,0x89,0x56
	.byte 0x38,0x90,0x48,0x89,0xF9,0x48,0x01,0xF1,0xB8,0x00,0x00,0x00,0x00,0x40,0x0F,0x90
	.byte 0xC0,0x48,0x89,0xF2,0x48,0x09,0xFA,0x48,0x09,0xC2,0x48,0xF7,0xC2,0x01,0x00,0x00
	.byte 0x00,0x0F,0x84,0x31,0x00,0x00,0x00,0x49,0x89,0xB6,0x80,0x00,0x00,0x00,0x49,0x89
	.byte 0x7E,0x78,0x41,0xBB,0x18,0x01,0x00,0x00,0x4D,0x89,0x1E,0x48,0x8D,0x05,0x06,0x00
	.byte 0x00,0x00,0xE9,0x97,0x4C,0xFF,0xFF,0x90,0x49,0x8B,0xB6,0x80,0x00,0x00,0x00,0x49
	.byte 0x89,0x7E,0x78,0xE9,0x04,0x00,0x00,0x00,0x49,0x89,0x4E,0x78,0xBF,0x1C,0x00,0x00
	.byte 0x00,0x48,0x01,0xF7,0xB8,0x00,0x00,0x00,0x00,0x40,0x0F,0x90,0xC0,0x49,0x89,0xB6
	.byte 0x80,0x00,0x00,0x00,0x48,0x09,0xC6,0x48,0x83,0xCE,0x1C,0x48,0xF7,0xC6,0x01,0x00
	.byte 0x00,0x00,0x0F,0x84,0x34,0x00,0x00,0x00,0xBF,0x1C,0x00,0x00,0x00,0x49,0x8B,0xB6
	.byte 0x80,0x00,0x00,0x00,0x49,0x89,0x7E,0x58,0x41,0xBB,0x19,0x01,0x00,0x00,0x4D,0x89
	.byte 0x1E,0x48,0x8D,0x05,0x06,0x00,0x00,0x00,0xE9,0x31,0x4C,0xFF,0xFF,0x90,0x49,0x8B
	.byte 0x4E,0x78,0x49,0x89,0x7E,0x78,0xE9,0x09,0x00,0x00,0x00,0x90,0x49,0x8B,0x4E,0x78
	.byte 0x49,0x89,0x7E,0x78,0xBA,0x08,0x00,0x00,0x00,0x48,0xBF,0xFC,0xFF,0xFF,0xFF,0xFF
	.byte 0xFF,0xFF,0xFF,0x48,0x01,0xCF,0xB8,0x00,0x00,0x00,0x00,0x40,0x0F,0x90,0xC0,0x48
	.byte 0x89,0xCE,0x48,0x09,0xC6,0x48,0x83,0xCE,0xFC,0x48,0xF7,0xC6,0x01,0x00,0x00,0x00
	.byte 0x0F,0x84,0x60,0x00,0x00,0x00,0x48,0xBF,0xFC,0xFF,0xFF,0xFF,0xFF,0xFF,0xFF,0xFF
	.byte 0x48,0x89,0xCE,0x49,0x89,0x7E,0x08,0x4D,0x8B,0x5E,0x68,0x4D,0x89,0x5E,0x58,0x4D
	.byte 0x8B,0x5E,0x78,0x4D,0x89,0x5E,0x68,0x49,0x89,0x4E,0x78,0x49,0x89,0x56,0x10,0x41
	.byte 0xBB,0x1A,0x01,0x00,0x00,0x4D,0x89,0x1E,0x48,0x8D,0x05,0x05,0x00,0x00,0x00,0xE9
	.byte 0xAA,0x4B,0xFF,0xFF,0x49,0x8B,0x4E,0x78,0x4D,0x8B,0x5E,0x68,0x4D,0x89,0x5E,0x78
	.byte 0x4D,0x8B,0x5E,0x58,0x4D,0x89,0x5E,0x68,0x4D,0x8B,0x5E,0x10,0x4D,0x89,0x5E,0x58
	.byte 0xE9,0x05,0x00,0x00,0x00,0x90,0x49,0x89,0x56,0x58,0x48,0x89,0xF8,0x48,0xD1,0xE8
	.byte 0x48,0x89,0xCE,0x48,0xF7,0xE6,0x48,0x89,0xCE,0x48,0x09,0xF9,0x48,0x83,0xE1,0x01
	.byte 0x48,0x09,0xD1,0x48,0xD1,0xE8,0x48,0x83,0xF9,0x00,0x0F,0x84,0x2A,0x00,0x00,0x00
	.byte 0x49,0x89,0x76,0x08,0x49,0x89,0x7E,0x10,0x41,0xBB,0x1B,0x01,0x00,0x00,0x4D,0x89
	.byte 0x1E,0x48,0x8D,0x05,0x06,0x00,0x00,0x00,0xE9,0x53,0x4B,0xFF,0xFF,0x90,0x48,0x89
	.byte 0xF8,0x49,0x8B,0x4E,0x58,0xE9,0x04,0x00,0x00,0x00,0x49,0x8B,0x4E,0x58,0x48,0x89
	.byte 0xC6,0x48,0x83,0xCE,0x08,0x48,0x89,0xF7,0x48,0xC1,0xEF,0x3F,0x48,0x09,0xF7,0x48
	.byte 0xF7,0xC7,0x01,0x00,0x00,0x00,0x0F,0x84,0x32,0x00,0x00,0x00,0xBE,0x08,0x00,0x00
	.byte 0x00,0x48,0x89,0xC7,0x49,0x89,0x46,0x10,0x49,0x89,0x76,0x58,0x41,0xBB,0x1C,0x01
	.byte 0x00,0x00,0x4D,0x89,0x1E,0x48,0x8D,0x05,0x06,0x00,0x00,0x00,0xE9,0x09,0x4B,0xFF
	.byte 0xFF,0x90,0x48,0x89,0xFA,0x49,0x8B,0x76,0x78,0xE9,0x10,0x00,0x00,0x00,0x31,0xD2
	.byte 0x48,0xF7,0xF1,0x48,0x89,0xC2,0x48,0xC1,0xE2,0x02,0x49,0x8B,0x76,0x78,0x48,0x89
	.byte 0xD7,0x48,0x01,0xF7,0xB8,0x00,0x00,0x00,0x00,0x40,0x0F,0x90,0xC0,0x48,0x89,0xF1
	.byte 0x48,0x09,0xD1,0x48,0x09,0xC1,0x48,0xF7,0xC1,0x01,0x00,0x00,0x00,0x0F,0x84,0x2D
	.byte 0x00,0x00,0x00,0x48,0x89,0xD7,0x49,0x89,0x76,0x78,0x49,0x89,0x56,0x58,0x41,0xBB
	.byte 0x1D,0x01,0x00,0x00,0x4D,0x89,0x1E,0x48,0x8D,0x05,0x06,0x00,0x00,0x00,0xE9,0x8B
	.byte 0x4A,0xFF,0xFF,0x90,0x49,0x8B,0xB6,0x80,0x00,0x00,0x00,0xE9,0x08,0x00,0x00,0x00
	.byte 0x49,0x8B,0xB6,0x80,0x00,0x00,0x00,0x90,0x49,0x8B,0x45,0xB8,0x48,0x8B,0x40,0x10
	.byte 0x48,0xD1,0xE7,0x4C,0x01,0xE7,0x48,0xC1,0xE8,0x09,0x48,0x01,0xC7,0x48,0x8B,0x57
	.byte 0x08,0xBF,0x2C,0x00,0x00,0x00,0x48,0x01,0xF7,0xB8,0x00,0x00,0x00,0x00,0x40,0x0F
	.byte 0x90,0xC0,0x49,0x89,0xB6,0x80,0x00,0x00,0x00,0x48,0x09,0xC6,0x48,0x83,0xCE,0x2C
	.byte 0x48,0xF7,0xC6,0x01,0x00,0x00,0x00,0x0F,0x84,0x2F,0x00,0x00,0x00,0xBF,0x2C,0x00
	.byte 0x00,0x00,0x49,0x8B,0xB6,0x80,0x00,0x00,0x00,0x49,0x89,0x56,0x10,0x49,0x89,0x7E
	.byte 0x78,0x41,0xBB,0x1E,0x01,0x00,0x00,0x4D,0x89,0x1E,0x48,0x8D,0x05,0x05,0x00,0x00
	.byte 0x00,0xE9,0x08,0x4A,0xFF,0xFF,0xE9,0x05,0x00,0x00,0x00,0x90,0x49,0x89,0x56,0x10
	.byte 0xB8,0x0C,0x00,0x00,0x00,0x48,0xF7,0xC7,0x01,0x00,0x00,0x00,0x0F,0x84,0x9C,0x00
	.byte 0x00,0x00,0x48,0xBF,0xFF,0xFF,0xFF,0xFF,0xFF,0xFF,0xFF,0xFF,0x41,0xBB,0x1F,0x01
	.byte 0x00,0x00,0x4D,0x89,0x1E,0x48,0x8D,0x05,0x06,0x00,0x00,0x00,0xE9,0x57,0x3D,0xFF
	.byte 0xFF,0x90,0x45,0x31,0xDB,0x4D,0x89,0x5E,0x18,0x4D,0x8B,0x5E,0x18,0x4D,0x89,0x9E
	.byte 0x80,0x00,0x00,0x00,0x49,0x8B,0x7E,0x18,0x4D,0x8B,0x5E,0x18,0x4D,0x89,0x5E,0x60
	.byte 0x4D,0x8B,0x5E,0x18,0x4D,0x89,0x5E,0x20,0x4D,0x8B,0x5E,0x18,0x4D,0x89,0x5E,0x70
	.byte 0x4D,0x8B,0x5E,0x18,0x4D,0x89,0x5E,0x30,0x4D,0x8B,0x5E,0x18,0x4D,0x89,0x5E,0x50
	.byte 0x4D,0x8B,0x5E,0x18,0x4D,0x89,0x5E,0x10,0x4D,0x8B,0x5E,0x18,0x4D,0x89,0x5E,0x68
	.byte 0x4D,0x8B,0x5E,0x18,0x4D,0x89,0x5E,0x38,0x4D,0x8B,0x5E,0x18,0x4D,0x89,0x5E,0x58
	.byte 0x4D,0x8B,0x5E,0x18,0x4D,0x89,0x5E,0x48,0x4D,0x8B,0x5E,0x18,0x4D,0x89,0x5E,0x40
	.byte 0x4D,0x8B,0x5E,0x18,0x4D,0x89,0x5E,0x28,0xE9,0x05,0x00,0x00,0x00,0x90,0x49,0x89
	.byte 0x46,0x58,0x49,0x89,0x7E,0x78,0x48,0xC1,0xEF,0x02,0x49,0xBA,0x00,0x00,0x00,0x00
	.byte 0x01,0x00,0x00,0x00,0x4C,0x39,0xD7,0x0F,0x82,0x0F,0x00,0x00,0x00,0x48,0xBF,0xFF
	.byte 0xFF,0xFF,0xFF,0xFF,0xFF,0xFF,0xFF,0xE9,0x08,0x00,0x00,0x00,0x48,0x83,0xC7,0x01
	.byte 0x48,0xC1,0xE7,0x03,0x49,0x8B,0x45,0xD8,0x49,0x8B,0x75,0xF8,0x48,0x29,0xF0,0x48
	.byte 0x39,0xF8,0x0F,0x82,0x30,0x00,0x00,0x00,0x4D,0x8B,0x8E,0x80,0x00,0x00,0x00,0x49
	.byte 0x8B,0x46,0x78,0x4D,0x8B,0x5E,0x68,0x4D,0x89,0x5E,0x78,0x49,0x8B,0x5E,0x58,0x4D
	.byte 0x8B,0x7E,0x48,0x4D,0x8B,0x5E,0x40,0x4D,0x89,0x5E,0x68,0x4D,0x8B,0x5E,0x18,0x4D
	.byte 0x89,0x5E,0x48,0xE9,0x42,0x00,0x00,0x00,0x41,0xBB,0x20,0x01,0x00,0x00,0x4D,0x89
	.byte 0x1E,0x48,0x8D,0x05,0x06,0x00,0x00,0x00,0xE9,0x4B,0x3C,0xFF,0xFF,0x90,0x4D,0x8B
	.byte 0x8E,0x80,0x00,0x00,0x00,0x49,0x8B,0x46,0x78,0x4D,0x8B,0x5E,0x68,0x4D,0x89,0x5E
	.byte 0x78,0x49,0x8B,0x5E,0x58,0x4D,0x8B,0x7E,0x48,0x4D,0x8B,0x5E,0x40,0x4D,0x89,0x5E
	.byte 0x68,0x4D,0x8B,0x5E,0x18,0x4D,0x89,0x5E,0x48,0x90,0x49,0x8B,0x7D,0xF8,0x48,0x89
	.byte 0xC6,0x48,0xC1,0xE6,0x1E,0x48,0x81,0xCE,0xF3,0x01,0x00,0x00,0x48,0x89,0xC2,0x49
	.byte 0x89,0x46,0x40,0x48,0xC1,0xEA,0x02,0x48,0x89,0xF8,0x48,0x89,0x30,0x48,0x89,0xC1
	.byte 0x4D,0x8B,0x56,0x10,0x4C,0x89,0x51,0x08,0x4D,0x8B,0x56,0x70,0x4C,0x89,0x51,0x10
	.byte 0x4D,0x8B,0x56,0x38,0x4C,0x89,0x51,0x18,0x4D,0x8B,0x56,0x78,0x4C,0x89,0x51,0x20
	.byte 0x4D,0x8B,0x56,0x30,0x4C,0x89,0x51,0x28,0x4D,0x8B,0x56,0x28,0x4C,0x89,0x51,0x30
	.byte 0x4D,0x8B,0x56,0x20,0x4C,0x89,0x51,0x38,0x4D,0x8B,0x56,0x68,0x4C,0x89,0x51,0x40
	.byte 0x4D,0x8B,0x56,0x50,0x4C,0x89,0x51,0x48,0x4D,0x8B,0x56,0x48,0x4C,0x89,0x51,0x50
	.byte 0x4D,0x8B,0x56,0x60,0x4C,0x89,0x51,0x58,0x49,0x8B,0x45,0xF8,0x4C,0x29,0xE0,0x48
	.byte 0xC1,0xE0,0x09,0x48,0x83,0xC8,0x01,0x48,0x0D,0xE0,0x01,0x00,0x00,0x48,0x83,0xFA
	.byte 0x0F,0x0F,0x82,0x0F,0x00,0x00,0x00,0x48,0x83,0xC8,0x1E,0x49,0x89,0xC0,0x48,0x89
	.byte 0xD0,0xE9,0x12,0x00,0x00,0x00,0x48,0x89,0xD7,0x48,0x89,0xD6,0x48,0xD1,0xE7,0x48
	.byte 0x09,0xC7,0x48,0x89,0xF0,0x49,0x89,0xF8,0x48,0xC1,0xE0,0x03,0x48,0x89,0xC7,0x48
	.byte 0x89,0xC8,0x48,0x01,0xC7,0x48,0x83,0xC7,0x08,0x49,0x89,0x7D,0xF8,0x48,0x89,0xC2
	.byte 0x4C,0x89,0xCF,0x48,0x83,0xC2,0x60,0x48,0x89,0xDE,0x49,0x89,0x5E,0x58,0x48,0xD1
	.byte 0xE6,0x4C,0x01,0xE6,0x4C,0x89,0xF8,0x4D,0x89,0x7E,0x18,0x48,0xC1,0xE8,0x09,0x48
	.byte 0x01,0xC6,0x48,0x83,0xC6,0x08,0x48,0x85,0xFF,0x0F,0x84,0x2B,0x00,0x00,0x00,0x4C
	.byte 0x89,0xC1,0x49,0x89,0xBE,0x80,0x00,0x00,0x00,0x41,0xBB,0x21,0x01,0x00,0x00,0x4D
	.byte 0x89,0x1E,0x48,0x8D,0x05,0x05,0x00,0x00,0x00,0xE9,0x4A,0x4D,0xFF,0xFF,0x49,0x8B
	.byte 0x86,0x88,0x00,0x00,0x00,0xE9,0x0A,0x00,0x00,0x00,0x49,0x8B,0x86,0x88,0x00,0x00
	.byte 0x00,0x4C,0x89,0xC7,0x49,0x81,0xC6,0x90,0x00,0x00,0x00,0xFF,0xE0,0x90,0x49,0x81
	.byte 0xEE,0x88,0x00,0x00,0x00,0x4D,0x39,0xEE,0x0F,0x82,0xBE,0x3A,0xFF,0xFF,0x4D,0x89
	.byte 0x46,0x50,0x49,0x89,0xC8,0x48,0x89,0xC1,0x49,0x8B,0x86,0x88,0x00,0x00,0x00,0x49
	.byte 0x89,0x7E,0x60,0x4D,0x89,0x4E,0x68,0x49,0x89,0xF1,0x49,0x89,0x56,0x48,0x4D,0x8B
	.byte 0x9E,0x90,0x00,0x00,0x00,0x4D,0x89,0x5E,0x58,0x48,0xC1,0xE8,0x09,0x4C,0x01,0xE0
	.byte 0x48,0x8B,0x78,0x10,0x48,0xBA,0xDC,0xFF,0xFF,0xFF,0xFF,0xFF,0xFF,0xFF,0x48,0x01
	.byte 0xFA,0xB8,0x00,0x00,0x00,0x00,0x40,0x0F,0x90,0xC0,0x48,0x89,0xFE,0x48,0x09,0xC7
	.byte 0x48,0x89,0xF8,0x48,0x83,0xC8,0xDC,0x48,0xA9,0x01,0x00,0x00,0x00,0x0F,0x84,0x47
	.byte 0x00,0x00,0x00,0x48,0xBF,0xDC,0xFF,0xFF,0xFF,0xFF,0xFF,0xFF,0xFF,0x49,0x89,0x8E
	.byte 0x90,0x00,0x00,0x00,0x4D,0x89,0xBE,0x80,0x00,0x00,0x00,0x4D,0x89,0x46,0x78,0x49
	.byte 0x89,0x7E,0x38,0x4D,0x89,0x4E,0x70,0x49,0x89,0x76,0x30,0x49,0x89,0x5E,0x40,0x41
	.byte 0xBB,0x22,0x01,0x00,0x00,0x4D,0x89,0x1E,0x48,0x8D,0x05,0x05,0x00,0x00,0x00,0xE9
	.byte 0x9A,0x46,0xFF,0xFF,0xE9,0x1F,0x00,0x00,0x00,0x90,0x48,0x89,0xD7,0x49,0x89,0x8E
	.byte 0x90,0x00,0x00,0x00,0x4D,0x89,0xBE,0x80,0x00,0x00,0x00,0x4D,0x89,0x46,0x78,0x4D
	.byte 0x89,0x4E,0x70,0x49,0x89,0x5E,0x40,0x90,0x31,0xD2,0x31,0xC0,0x48,0xF7,0xC7,0x01
	.byte 0x00,0x00,0x00,0x0F,0x84,0x5B,0x00,0x00,0x00,0x31,0xF6,0x49,0x89,0x56,0x30,0x4D
	.byte 0x8B,0x5E,0x40,0x4D,0x89,0x5E,0x38,0x49,0x89,0x7E,0x40,0x41,0xBB,0x23,0x01,0x00
	.byte 0x00,0x4D,0x89,0x1E,0x48,0x8D,0x05,0x05,0x00,0x00,0x00,0xE9,0xB6,0x46,0xFF,0xFF
	.byte 0x49,0x8B,0xB6,0x88,0x00,0x00,0x00,0x4D,0x8B,0x5E,0x58,0x4D,0x89,0x9E,0x88,0x00
	.byte 0x00,0x00,0x4D,0x8B,0x5E,0x50,0x4D,0x89,0x5E,0x58,0x4D,0x8B,0x5E,0x48,0x4D,0x89
	.byte 0x5E,0x50,0x4D,0x8B,0x5E,0x38,0x4D,0x89,0x5E,0x48,0xB8,0x01,0x00,0x00,0x00,0xE9
	.byte 0x2E,0x00,0x00,0x00,0x49,0x8B,0xB6,0x88,0x00,0x00,0x00,0x4D,0x8B,0x5E,0x58,0x4D
	.byte 0x89,0x9E,0x88,0x00,0x00,0x00,0x4D,0x8B,0x5E,0x50,0x4D,0x89,0x5E,0x58,0x4D,0x8B
	.byte 0x5E,0x48,0x4D,0x89,0x5E,0x50,0x4D,0x8B,0x5E,0x40,0x4D,0x89,0x5E,0x48,0x49,0x89
	.byte 0x7E,0x40,0x48,0x39,0xC7,0x0F,0x8D,0xDF,0x07,0x00,0x00,0x48,0x89,0xF0,0x48,0xC1
	.byte 0xEE,0x09,0x4C,0x01,0xE6,0x48,0x8B,0x7E,0x10,0x48,0x83,0xFF,0x14,0x0F,0x8D,0xEB
	.byte 0x03,0x00,0x00,0x48,0x83,0xFF,0x08,0x0F,0x8D,0xFF,0x01,0x00,0x00,0x48,0x83,0xFF
	.byte 0x04,0x0F,0x8D,0x29,0x01,0x00,0x00,0x48,0x89,0xC6,0x48,0xC1,0xE8,0x09,0x4C,0x01
	.byte 0xE0,0x48,0x8B,0x50,0x08,0x49,0x8B,0xBE,0x88,0x00,0x00,0x00,0x4D,0x8B,0x9E,0x80
	.byte 0x00,0x00,0x00,0x4D,0x89,0x9E,0x88,0x00,0x00,0x00,0x4D,0x8B,0x5E,0x78,0x4D,0x89
	.byte 0x9E,0x80,0x00,0x00,0x00,0x4D,0x8B,0x5E,0x70,0x4D,0x89,0x5E,0x78,0x4D,0x8B,0x5E
	.byte 0x68,0x4D,0x89,0x5E,0x70,0x4D,0x8B,0x5E,0x60,0x4D,0x89,0x5E,0x68,0x4D,0x8B,0x5E
	.byte 0x58,0x4D,0x89,0x5E,0x60,0x4D,0x8B,0x5E,0x50,0x4D,0x89,0x5E,0x58,0x4D,0x8B,0x5E
	.byte 0x48,0x4D,0x89,0x5E,0x50,0x41,0xBB,0x24,0x01,0x00,0x00,0x4D,0x89,0x1E,0x48,0x8D
	.byte 0x05,0x03,0x00,0x00,0x00,0xFF,0xE2,0x90,0x48,0x89,0xF8,0x4D,0x8B,0xBE,0x90,0x00
	.byte 0x00,0x00,0x49,0x8B,0x8E,0x80,0x00,0x00,0x00,0x49,0x8B,0x76,0x78,0x4D,0x8B,0x4E
	.byte 0x70,0x49,0x8B,0x5E,0x68,0x4D,0x8B,0x46,0x60,0x49,0x8B,0x56,0x58,0x4D,0x8B,0x5E
	.byte 0x50,0x4D,0x89,0x9E,0x90,0x00,0x00,0x00,0x48,0x89,0xC7,0x48,0xC1,0xE8,0x09,0x4C
	.byte 0x01,0xE0,0x48,0x8B,0x40,0x10,0x48,0x83,0xF8,0x1C,0x0F,0x85,0x48,0x00,0x00,0x00
	.byte 0x48,0x89,0xF8,0x48,0xC1,0xE8,0x09,0x4C,0x01,0xE0,0x48,0x8B,0x40,0x08,0x4D,0x89
	.byte 0xFA,0x4D,0x8B,0xBE,0x88,0x00,0x00,0x00,0x49,0x89,0x86,0x88,0x00,0x00,0x00,0x4C
	.byte 0x89,0xD0,0x49,0x89,0xDA,0x49,0x8B,0x9E,0x90,0x00,0x00,0x00,0x49,0x89,0xBE,0x90
	.byte 0x00,0x00,0x00,0x4C,0x89,0xD7,0x4D,0x8B,0x96,0x88,0x00,0x00,0x00,0x49,0x81,0xC6
	.byte 0x90,0x00,0x00,0x00,0x41,0xFF,0xE2,0x90,0x4C,0x89,0xF8,0x49,0x89,0xDA,0x49,0x8B
	.byte 0x9E,0x90,0x00,0x00,0x00,0x49,0x89,0xBE,0x90,0x00,0x00,0x00,0x4C,0x89,0xD7,0x4D
	.byte 0x8B,0xBE,0x88,0x00,0x00,0x00,0x49,0x83,0xC6,0x08,0xE9,0xE1,0xE9,0xFF,0xFF,0x90
	.byte 0x48,0x89,0xC2,0x48,0xC1,0xE8,0x09,0x4C,0x01,0xE0,0x48,0x8B,0x48,0x08,0x49,0x8B
	.byte 0xBE,0x80,0x00,0x00,0x00,0x49,0x8B,0xB6,0x88,0x00,0x00,0x00,0x41,0xBB,0x25,0x01
	.byte 0x00,0x00,0x4D,0x89,0x1E,0x48,0x8D,0x05,0x02,0x00,0x00,0x00,0xFF,0xE1,0x48,0x89
	.byte 0xF8,0x49,0x8B,0xBE,0x90,0x00,0x00,0x00,0x4D,0x8B,0x5E,0x78,0x4D,0x89,0x9E,0x90
	.byte 0x00,0x00,0x00,0x49,0x8B,0x56,0x70,0x4D,0x8B,0x4E,0x68,0x49,0x8B,0x76,0x60,0x4D
	.byte 0x8B,0x46,0x58,0x49,0x8B,0x4E,0x50,0x49,0x8B,0x5E,0x48,0x49,0x89,0xC7,0x48,0xC1
	.byte 0xE8,0x09,0x4C,0x01,0xE0,0x48,0x8B,0x40,0x10,0x48,0x83,0xF8,0x18,0x0F,0x85,0x3D
	.byte 0x00,0x00,0x00,0x4C,0x89,0xF8,0x48,0xC1,0xE8,0x09,0x4C,0x01,0xE0,0x48,0x8B,0x40
	.byte 0x08,0x49,0x89,0xFA,0x48,0x89,0xF7,0x48,0x89,0xD6,0x48,0x89,0xCA,0x49,0x8B,0x8E
	.byte 0x90,0x00,0x00,0x00,0x49,0x89,0x86,0x90,0x00,0x00,0x00,0x4C,0x89,0xD0,0x4D,0x8B
	.byte 0x96,0x90,0x00,0x00,0x00,0x49,0x81,0xC6,0x98,0x00,0x00,0x00,0x41,0xFF,0xE2,0x90
	.byte 0x48,0x89,0xF8,0x48,0x89,0xF7,0x48,0x89,0xD6,0x48,0x89,0xCA,0x49,0x8B,0x8E,0x90
	.byte 0x00,0x00,0x00,0x49,0x83,0xC6,0x10,0xE9,0xA2,0xD6,0xFF,0xFF,0x48,0x83,0xFF,0x0C
	.byte 0x0F,0x8D,0xA0,0x00,0x00,0x00,0x48,0x89,0xC1,0x48,0xC1,0xE8,0x09,0x4C,0x01,0xE0
	.byte 0x4C,0x8B,0x40,0x08,0x49,0x8B,0x7E,0x48,0x49,0x8B,0xB6,0x80,0x00,0x00,0x00,0x49
	.byte 0x8B,0x96,0x88,0x00,0x00,0x00,0x41,0xBB,0x26,0x01,0x00,0x00,0x4D,0x89,0x1E,0x48
	.byte 0x8D,0x05,0x04,0x00,0x00,0x00,0x41,0xFF,0xE0,0x90,0x48,0x89,0xFB,0x4D,0x8B,0xBE
	.byte 0x90,0x00,0x00,0x00,0x49,0x8B,0x4E,0x78,0x49,0x8B,0x76,0x70,0x4D,0x8B,0x4E,0x68
	.byte 0x49,0x8B,0x7E,0x60,0x4D,0x8B,0x46,0x58,0x49,0x8B,0x56,0x50,0x48,0x89,0xD8,0x48
	.byte 0xC1,0xEB,0x09,0x4C,0x01,0xE3,0x48,0x8B,0x5B,0x10,0x48,0x83,0xFB,0x14,0x0F,0x85
	.byte 0x22,0x00,0x00,0x00,0x48,0x89,0xC3,0x48,0xC1,0xE8,0x09,0x4C,0x01,0xE0,0x48,0x8B
	.byte 0x40,0x08,0x4D,0x89,0xFA,0x49,0x89,0xC7,0x4C,0x89,0xD0,0x49,0x81,0xC6,0x98,0x00
	.byte 0x00,0x00,0x41,0xFF,0xE7,0x90,0x48,0x89,0xC3,0x4C,0x89,0xF8,0x49,0x83,0xC6,0x18
	.byte 0xE9,0x67,0xC4,0xFF,0xFF,0x90,0x48,0x83,0xFF,0x10,0x0F,0x8D,0x9C,0x00,0x00,0x00
	.byte 0x49,0x89,0xC0,0x48,0xC1,0xE8,0x09,0x4C,0x01,0xE0,0x4C,0x8B,0x48,0x08,0x49,0x8B
	.byte 0x7E,0x68,0x49,0x8B,0x76,0x48,0x49,0x8B,0x96,0x80,0x00,0x00,0x00,0x49,0x8B,0x8E
	.byte 0x88,0x00,0x00,0x00,0x41,0xBB,0x27,0x01,0x00,0x00,0x4D,0x89,0x1E,0x48,0x8D,0x05
	.byte 0x04,0x00,0x00,0x00,0x41,0xFF,0xE1,0x90,0x49,0x8B,0x86,0x90,0x00,0x00,0x00,0x49
	.byte 0x8B,0x4E,0x78,0x49,0x8B,0x76,0x70,0x4D,0x8B,0x46,0x60,0x4D,0x8B,0x7E,0x58,0x49
	.byte 0x8B,0x56,0x50,0x49,0x89,0xF9,0x48,0xC1,0xEF,0x09,0x4C,0x01,0xE7,0x48,0x8B,0x7F
	.byte 0x10,0x48,0x83,0xFF,0x10,0x0F,0x85,0x21,0x00,0x00,0x00,0x4C,0x89,0xCF,0x49,0xC1
	.byte 0xE9,0x09,0x4D,0x01,0xE1,0x49,0x8B,0x59,0x08,0x49,0x89,0xF9,0x4C,0x89,0xC7,0x4D
	.byte 0x89,0xF8,0x49,0x81,0xC6,0x98,0x00,0x00,0x00,0xFF,0xE3,0x90,0x4C,0x89,0xC7,0x4D
	.byte 0x89,0xF8,0x49,0x83,0xC6,0x20,0xE9,0xB1,0xB2,0xFF,0xFF,0x90,0x49,0x89,0xC1,0x48
	.byte 0xC1,0xE8,0x09,0x4C,0x01,0xE0,0x48,0x8B,0x58,0x08,0x49,0x8B,0x7E,0x58,0x49,0x8B
	.byte 0x76,0x68,0x49,0x8B,0x56,0x48,0x49,0x8B,0x8E,0x80,0x00,0x00,0x00,0x4D,0x8B,0x86
	.byte 0x88,0x00,0x00,0x00,0x41,0xBB,0x28,0x01,0x00,0x00,0x4D,0x89,0x1E,0x48,0x8D,0x05
	.byte 0x02,0x00,0x00,0x00,0xFF,0xE3,0x49,0x89,0xF9,0x49,0x8B,0x86,0x90,0x00,0x00,0x00
	.byte 0x49,0x8B,0x4E,0x78,0x49,0x8B,0x76,0x70,0x49,0x8B,0x7E,0x60,0x49,0x8B,0x56,0x50
	.byte 0x4D,0x89,0xC8,0x49,0xC1,0xE9,0x09,0x4D,0x01,0xE1,0x4D,0x8B,0x49,0x10,0x49,0x83
	.byte 0xF9,0x0C,0x0F,0x85,0x1C,0x00,0x00,0x00,0x4C,0x89,0xC3,0x49,0xC1,0xE8,0x09,0x4D
	.byte 0x01,0xE0,0x4D,0x8B,0x48,0x08,0x49,0x89,0xD8,0x49,0x81,0xC6,0x98,0x00,0x00,0x00
	.byte 0x41,0xFF,0xE1,0x90,0x49,0x83,0xC6,0x28,0xE9,0xFB,0xA1,0xFF,0xFF,0x90,0x48,0x83
	.byte 0xFF,0x1C,0x0F,0x8D,0x4C,0x01,0x00,0x00,0x48,0x83,0xFF,0x18,0x0F,0x8D,0x94,0x00
	.byte 0x00,0x00,0x48,0x89,0xC3,0x48,0xC1,0xE8,0x09,0x4C,0x01,0xE0,0x4C,0x8B,0x78,0x08
	.byte 0x49,0x8B,0x7E,0x78,0x49,0x8B,0x76,0x58,0x49,0x8B,0x56,0x68,0x49,0x8B,0x4E,0x48
	.byte 0x4D,0x8B,0x86,0x80,0x00,0x00,0x00,0x4D,0x8B,0x8E,0x88,0x00,0x00,0x00,0x41,0xBB
	.byte 0x29,0x01,0x00,0x00,0x4D,0x89,0x1E,0x48,0x8D,0x05,0x04,0x00,0x00,0x00,0x41,0xFF
	.byte 0xE7,0x90,0x49,0x89,0xF8,0x49,0x8B,0x86,0x90,0x00,0x00,0x00,0x49,0x8B,0x76,0x70
	.byte 0x49,0x8B,0x7E,0x60,0x49,0x8B,0x56,0x50,0x4C,0x89,0xC1,0x49,0xC1,0xE8,0x09,0x4D
	.byte 0x01,0xE0,0x4D,0x8B,0x40,0x10,0x49,0x83,0xF8,0x08,0x0F,0x85,0x1C,0x00,0x00,0x00
	.byte 0x49,0x89,0xC9,0x48,0xC1,0xE9,0x09,0x4C,0x01,0xE1,0x4C,0x8B,0x41,0x08,0x4C,0x89
	.byte 0xC9,0x49,0x81,0xC6,0x98,0x00,0x00,0x00,0x41,0xFF,0xE0,0x90,0x49,0x83,0xC6,0x30
	.byte 0xE9,0x8F,0x91,0xFF,0xFF,0x90,0x49,0x89,0xC7,0x48,0xC1,0xE8,0x09,0x4C,0x01,0xE0
	.byte 0x48,0x8B,0x40,0x08,0x49,0x8B,0x7E,0x50,0x49,0x8B,0x76,0x78,0x49,0x8B,0x56,0x58
	.byte 0x49,0x8B,0x4E,0x68,0x4D,0x8B,0x46,0x48,0x4D,0x8B,0x8E,0x80,0x00,0x00,0x00,0x49
	.byte 0x8B,0x9E,0x88,0x00,0x00,0x00,0x4D,0x8B,0x9E,0x90,0x00,0x00,0x00,0x4D,0x89,0x9E
	.byte 0x88,0x00,0x00,0x00,0x49,0x89,0x86,0x90,0x00,0x00,0x00,0x4D,0x8B,0x96,0x90,0x00
	.byte 0x00,0x00,0x41,0xBB,0x2A,0x01,0x00,0x00,0x4D,0x89,0x1E,0x48,0x8D,0x05,0x04,0x00
	.byte 0x00,0x00,0x41,0xFF,0xE2,0x90,0x49,0x8B,0x86,0x88,0x00,0x00,0x00,0x49,0x8B,0x76
	.byte 0x70,0x4D,0x8B,0x46,0x60,0x48,0x89,0xFA,0x48,0xC1,0xEF,0x09,0x4C,0x01,0xE7,0x48
	.byte 0x8B,0x7F,0x10,0x48,0x83,0xFF,0x04,0x0F,0x85,0x1B,0x00,0x00,0x00,0x48,0x89,0xD7
	.byte 0x48,0xC1,0xEF,0x09,0x4C,0x01,0xE7,0x48,0x8B,0x4F,0x08,0x4C,0x89,0xC7,0x49,0x81
	.byte 0xC6,0x98,0x00,0x00,0x00,0xFF,0xE1,0x90,0x4C,0x89,0xC7,0x49,0x83,0xC6,0x38,0xE9
	.byte 0xA0,0x81,0xFF,0xFF,0x48,0x83,0xFF,0x20,0x0F,0x8D,0xCC,0x00,0x00,0x00,0x48,0x89
	.byte 0xC7,0x48,0xC1,0xE8,0x09,0x4C,0x01,0xE0,0x48,0x8B,0x40,0x08,0x49,0x8B,0x9E,0x80
	.byte 0x00,0x00,0x00,0x4D,0x8B,0x9E,0x90,0x00,0x00,0x00,0x4D,0x89,0x9E,0x80,0x00,0x00
	.byte 0x00,0x49,0x89,0xBE,0x90,0x00,0x00,0x00,0x49,0x8B,0x7E,0x70,0x49,0x8B,0x76,0x50
	.byte 0x49,0x8B,0x56,0x78,0x49,0x8B,0x4E,0x58,0x4D,0x8B,0x46,0x68,0x4D,0x8B,0x4E,0x48
	.byte 0x4D,0x8B,0xBE,0x88,0x00,0x00,0x00,0x49,0x89,0x86,0x88,0x00,0x00,0x00,0x4D,0x8B
	.byte 0x96,0x88,0x00,0x00,0x00,0x41,0xBB,0x2B,0x01,0x00,0x00,0x4D,0x89,0x1E,0x49,0x83
	.byte 0xEE,0x08,0x4D,0x39,0xEE,0x0F,0x82,0x81,0x33,0xFF,0xFF,0x4D,0x8B,0x9E,0x98,0x00
	.byte 0x00,0x00,0x4D,0x89,0x1E,0x48,0x8D,0x05,0x04,0x00,0x00,0x00,0x41,0xFF,0xE2,0x90
	.byte 0x49,0x8B,0x86,0x80,0x00,0x00,0x00,0x49,0x8B,0x4E,0x60,0x48,0x89,0xFE,0x48,0xC1
	.byte 0xEF,0x09,0x4C,0x01,0xE7,0x48,0x8B,0x7F,0x10,0x48,0x83,0xFF,0x00,0x0F,0x85,0x1B
	.byte 0x00,0x00,0x00,0x48,0x89,0xF7,0x48,0xC1,0xEF,0x09,0x4C,0x01,0xE7,0x48,0x8B,0x57
	.byte 0x08,0x48,0x89,0xCF,0x49,0x81,0xC6,0x98,0x00,0x00,0x00,0xFF,0xE2,0x90,0x48,0x89
	.byte 0xCF,0x49,0x83,0xC6,0x48,0xE9,0xD0,0x72,0xFF,0xFF,0x48,0x83,0xFF,0x24,0x0F,0x8D
	.byte 0xD2,0x00,0x00,0x00,0x48,0x89,0xC7,0x48,0xC1,0xE8,0x09,0x4C,0x01,0xE0,0x48,0x8B
	.byte 0x40,0x08,0x49,0x8B,0x4E,0x78,0x4D,0x8B,0x9E,0x90,0x00,0x00,0x00,0x4D,0x89,0x5E
	.byte 0x78,0x4D,0x8B,0x9E,0x88,0x00,0x00,0x00,0x4D,0x89,0x9E,0x90,0x00,0x00,0x00,0x49
	.byte 0x89,0xBE,0x88,0x00,0x00,0x00,0x49,0x8B,0x7E,0x60,0x49,0x8B,0x76,0x70,0x49,0x8B
	.byte 0x56,0x50,0x4D,0x8B,0x46,0x58,0x4D,0x8B,0x4E,0x68,0x49,0x8B,0x5E,0x48,0x4D,0x8B
	.byte 0xBE,0x80,0x00,0x00,0x00,0x49,0x89,0x86,0x80,0x00,0x00,0x00,0x4D,0x8B,0x96,0x80
	.byte 0x00,0x00,0x00,0x41,0xBB,0x2C,0x01,0x00,0x00,0x4D,0x89,0x1E,0x49,0x83,0xEE,0x10
	.byte 0x4D,0x39,0xEE,0x0F,0x82,0xA3,0x32,0xFF,0xFF,0x4D,0x8B,0x9E,0xA0,0x00,0x00,0x00
	.byte 0x4D,0x89,0x5E,0x08,0x4D,0x8B,0x9E,0x98,0x00,0x00,0x00,0x4D,0x89,0x1E,0x48,0x8D
	.byte 0x05,0x03,0x00,0x00,0x00,0x41,0xFF,0xE2,0x49,0x8B,0x46,0x78,0x48,0x89,0xFE,0x48
	.byte 0xC1,0xEE,0x09,0x4C,0x01,0xE6,0x48,0x8B,0x76,0x10,0x48,0x83,0xFE,0x00,0x0F,0x85
	.byte 0x18,0x00,0x00,0x00,0x48,0x89,0xFE,0x48,0xC1,0xEE,0x09,0x4C,0x01,0xE6,0x48,0x8B
	.byte 0x76,0x08,0x49,0x81,0xC6,0x98,0x00,0x00,0x00,0xFF,0xE6,0x90,0x49,0x83,0xC6,0x48
	.byte 0xE9,0xF5,0x71,0xFF,0xFF,0x90,0x48,0x89,0xC7,0x48,0xC1,0xE8,0x09,0x4C,0x01,0xE0
	.byte 0x48,0x8B,0x40,0x08,0x49,0x8B,0x56,0x70,0x4D,0x8B,0x9E,0x90,0x00,0x00,0x00,0x4D
	.byte 0x89,0x5E,0x70,0x4D,0x8B,0x9E,0x80,0x00,0x00,0x00,0x4D,0x89,0x9E,0x90,0x00,0x00
	.byte 0x00,0x49,0x89,0xBE,0x80,0x00,0x00,0x00,0x49,0x8B,0x7E,0x40,0x49,0x8B,0x76,0x60
	.byte 0x49,0x8B,0x4E,0x50,0x4D,0x8B,0x46,0x78,0x4D,0x8B,0x4E,0x58,0x49,0x8B,0x5E,0x68
	.byte 0x4D,0x8B,0x7E,0x48,0x49,0x89,0x46,0x78,0x4D,0x8B,0x56,0x78,0x41,0xBB,0x2D,0x01
	.byte 0x00,0x00,0x4D,0x89,0x1E,0x49,0x83,0xEE,0x18,0x4D,0x39,0xEE,0x0F,0x82,0xDA,0x31
	.byte 0xFF,0xFF,0x4D,0x8B,0x9E,0xA8,0x00,0x00,0x00,0x4D,0x89,0x5E,0x10,0x4D,0x8B,0x9E
	.byte 0xA0,0x00,0x00,0x00,0x4D,0x89,0x5E,0x08,0x4D,0x8B,0x9E,0x98,0x00,0x00,0x00,0x4D
	.byte 0x89,0x1E,0x48,0x8D,0x05,0x03,0x00,0x00,0x00,0x41,0xFF,0xE2,0x49,0x8B,0x46,0x70
	.byte 0x48,0x89,0xFE,0x48,0xC1,0xEE,0x09,0x4C,0x01,0xE6,0x48,0x8B,0x76,0x10,0x48,0x83
	.byte 0xFE,0x00,0x0F,0x85,0x18,0x00,0x00,0x00,0x48,0x89,0xFE,0x48,0xC1,0xEE,0x09,0x4C
	.byte 0x01,0xE6,0x48,0x8B,0x76,0x08,0x49,0x81,0xC6,0x98,0x00,0x00,0x00,0xFF,0xE6,0x90
	.byte 0x49,0x83,0xC6,0x48,0xE9,0x21,0x71,0xFF,0xFF,0x90,0x48,0xF7,0xC6,0x01,0x00,0x00
	.byte 0x00,0x0F,0x84,0x1F,0x00,0x00,0x00,0x48,0x89,0xF0,0x48,0xC1,0xEE,0x09,0x4C,0x01
	.byte 0xE6,0x48,0x8B,0x36,0x48,0xBF,0xFE,0xFF,0xFF,0xFF,0x00,0x00,0x00,0x00,0x48,0x21
	.byte 0xFE,0xE9,0x04,0x00,0x00,0x00,0x48,0x89,0xF0,0x90,0x48,0x81,0xFE,0xE2,0x01,0x00
	.byte 0x00,0x0F,0x85,0xC9,0x03,0x00,0x00,0x49,0x89,0x46,0x38,0x48,0xC1,0xE8,0x09,0x4C
	.byte 0x01,0xE0,0x48,0x8B,0x48,0x10,0xBA,0x08,0x00,0x00,0x00,0x48,0xBF,0xFC,0xFF,0xFF
	.byte 0xFF,0xFF,0xFF,0xFF,0xFF,0x48,0x01,0xCF,0xB8,0x00,0x00,0x00,0x00,0x40,0x0F,0x90
	.byte 0xC0,0x48,0x89,0xCE,0x48,0x09,0xC6,0x48,0x83,0xCE,0xFC,0x48,0xF7,0xC6,0x01,0x00
	.byte 0x00,0x00,0x0F,0x84,0x7C,0x00,0x00,0x00,0x48,0xBF,0xFC,0xFF,0xFF,0xFF,0xFF,0xFF
	.byte 0xFF,0xFF,0x48,0x89,0xCE,0x4D,0x8B,0x5E,0x50,0x4D,0x89,0x5E,0x30,0x4D,0x8B,0x5E
	.byte 0x58,0x4D,0x89,0x5E,0x50,0x4D,0x8B,0x9E,0x88,0x00,0x00,0x00,0x4D,0x89,0x5E,0x58
	.byte 0x49,0x89,0x8E,0x88,0x00,0x00,0x00,0x49,0x89,0x7E,0x20,0x4D,0x8B,0x5E,0x48,0x4D
	.byte 0x89,0x5E,0x28,0x49,0x89,0x56,0x48,0x41,0xBB,0x2E,0x01,0x00,0x00,0x4D,0x89,0x1E
	.byte 0x48,0x8D,0x05,0x05,0x00,0x00,0x00,0xE9,0x22,0x3D,0xFF,0xFF,0x49,0x8B,0x8E,0x88
	.byte 0x00,0x00,0x00,0x4D,0x8B,0x5E,0x38,0x4D,0x89,0x9E,0x88,0x00,0x00,0x00,0x4D,0x8B
	.byte 0x5E,0x30,0x4D,0x89,0x5E,0x38,0x4D,0x8B,0x5E,0x28,0x4D,0x89,0x5E,0x30,0xE9,0x33
	.byte 0x00,0x00,0x00,0x90,0x4D,0x8B,0x56,0x38,0x4D,0x8B,0x5E,0x50,0x4D,0x89,0x5E,0x38
	.byte 0x4D,0x8B,0x5E,0x58,0x4D,0x89,0x5E,0x50,0x4D,0x8B,0x9E,0x88,0x00,0x00,0x00,0x4D
	.byte 0x89,0x5E,0x58,0x4D,0x89,0x96,0x88,0x00,0x00,0x00,0x4D,0x8B,0x5E,0x48,0x4D,0x89
	.byte 0x5E,0x30,0x49,0x89,0x56,0x48,0x49,0x89,0xF8,0x48,0xD1,0xEF,0x48,0x89,0xF8,0x48
	.byte 0x89,0xCE,0x48,0xF7,0xE6,0x48,0x89,0xCE,0x4C,0x09,0xC1,0x48,0x83,0xE1,0x01,0x48
	.byte 0x09,0xD1,0x48,0x89,0xC7,0x48,0xD1,0xEF,0x48,0x83,0xF9,0x00,0x0F,0x84,0x66,0x00
	.byte 0x00,0x00,0x4C,0x89,0xC7,0x4D,0x8B,0x96,0x80,0x00,0x00,0x00,0x4D,0x8B,0x9E,0x88
	.byte 0x00,0x00,0x00,0x4D,0x89,0x9E,0x80,0x00,0x00,0x00,0x4D,0x89,0x96,0x88,0x00,0x00
	.byte 0x00,0x49,0x89,0x76,0x20,0x4D,0x8B,0x56,0x70,0x4D,0x8B,0x5E,0x68,0x4D,0x89,0x5E
	.byte 0x70,0x4D,0x89,0x56,0x68,0x4D,0x89,0x46,0x28,0x41,0xBB,0x2F,0x01,0x00,0x00,0x4D
	.byte 0x89,0x1E,0x48,0x8D,0x05,0x05,0x00,0x00,0x00,0xE9,0x62,0x3C,0xFF,0xFF,0x49,0x8B
	.byte 0x4E,0x48,0x4D,0x8B,0x5E,0x40,0x4D,0x89,0x5E,0x48,0x4D,0x8B,0x5E,0x38,0x4D,0x89
	.byte 0x5E,0x40,0xE9,0x41,0x00,0x00,0x00,0x90,0x4D,0x8B,0x96,0x80,0x00,0x00,0x00,0x4D
	.byte 0x8B,0x9E,0x88,0x00,0x00,0x00,0x4D,0x89,0x9E,0x80,0x00,0x00,0x00,0x4D,0x89,0x96
	.byte 0x88,0x00,0x00,0x00,0x4D,0x8B,0x56,0x70,0x4D,0x8B,0x5E,0x68,0x4D,0x89,0x5E,0x70
	.byte 0x4D,0x89,0x56,0x68,0x49,0x8B,0x4E,0x48,0x4D,0x8B,0x5E,0x40,0x4D,0x89,0x5E,0x48
	.byte 0x4D,0x8B,0x5E,0x38,0x4D,0x89,0x5E,0x40,0x48,0x89,0xF8,0x48,0x83,0xCF,0x08,0x48
	.byte 0x89,0xFE,0x48,0xC1,0xEE,0x3F,0x48,0x09,0xFE,0x48,0xF7,0xC6,0x01,0x00,0x00,0x00
	.byte 0x0F,0x84,0x2E,0x00,0x00,0x00,0xBE,0x08,0x00,0x00,0x00,0x48,0x89,0xC7,0x49,0x89
	.byte 0x46,0x38,0x49,0x89,0x76,0x28,0x41,0xBB,0x30,0x01,0x00,0x00,0x4D,0x89,0x1E,0x48
	.byte 0x8D,0x05,0x06,0x00,0x00,0x00,0xE9,0xCF,0x3B,0xFF,0xFF,0x90,0x48,0x89,0xFE,0xE9
	.byte 0x0C,0x00,0x00,0x00,0x31,0xD2,0x48,0xF7,0xF1,0x48,0x89,0xC6,0x48,0xC1,0xE6,0x02
	.byte 0xBF,0x20,0x00,0x00,0x00,0x48,0x01,0xF7,0xB8,0x00,0x00,0x00,0x00,0x40,0x0F,0x90
	.byte 0xC0,0x48,0x89,0xF2,0x48,0x09,0xC2,0x48,0x83,0xCA,0x20,0x48,0xF7,0xC2,0x01,0x00
	.byte 0x00,0x00,0x0F,0x84,0x2C,0x00,0x00,0x00,0xBF,0x20,0x00,0x00,0x00,0x49,0x89,0x7E
	.byte 0x38,0x49,0x89,0x76,0x28,0x41,0xBB,0x31,0x01,0x00,0x00,0x4D,0x89,0x1E,0x48,0x8D
	.byte 0x05,0x05,0x00,0x00,0x00,0xE9,0x54,0x3B,0xFF,0xFF,0x49,0x89,0x7E,0x38,0xE9,0x05
	.byte 0x00,0x00,0x00,0x90,0x49,0x89,0x7E,0x38,0x49,0x8B,0x45,0xD8,0x49,0x8B,0x7D,0xF8
	.byte 0x48,0x29,0xF8,0x48,0x83,0xF8,0x68,0x0F,0x82,0x45,0x00,0x00,0x00,0x49,0x8B,0x9E
	.byte 0x88,0x00,0x00,0x00,0x49,0x8B,0x8E,0x80,0x00,0x00,0x00,0x4D,0x8B,0x7E,0x70,0x4D
	.byte 0x8B,0x46,0x60,0x4D,0x8B,0x5E,0x58,0x4D,0x89,0x9E,0x88,0x00,0x00,0x00,0x4D,0x8B
	.byte 0x5E,0x50,0x4D,0x89,0x9E,0x80,0x00,0x00,0x00,0x49,0x8B,0x56,0x48,0x4D,0x8B,0x5E
	.byte 0x40,0x4D,0x89,0x5E,0x70,0x49,0x8B,0x76,0x38,0x4D,0x8B,0x4E,0x30,0xE9,0x5A,0x00
	.byte 0x00,0x00,0xBF,0x68,0x00,0x00,0x00,0x41,0xBB,0x32,0x01,0x00,0x00,0x4D,0x89,0x1E
	.byte 0x48,0x8D,0x05,0x05,0x00,0x00,0x00,0xE9,0x5C,0x2E,0xFF,0xFF,0x49,0x8B,0x9E,0x88
	.byte 0x00,0x00,0x00,0x49,0x8B,0x8E,0x80,0x00,0x00,0x00,0x4D,0x8B,0x7E,0x70,0x4D,0x8B
	.byte 0x46,0x60,0x4D,0x8B,0x5E,0x58,0x4D,0x89,0x9E,0x88,0x00,0x00,0x00,0x4D,0x8B,0x5E
	.byte 0x50,0x4D,0x89,0x9E,0x80,0x00,0x00,0x00,0x49,0x8B,0x56,0x48,0x4D,0x8B,0x5E,0x40
	.byte 0x4D,0x89,0x5E,0x70,0x49,0x8B,0x76,0x38,0x4D,0x8B,0x4E,0x30,0x49,0x8B,0x45,0xB8
	.byte 0x48,0x8B,0x78,0x10,0x48,0x89,0xF0,0x48,0xD1,0xE0,0x4C,0x01,0xE0,0x48,0xC1,0xEF
	.byte 0x09,0x48,0x01,0xF8,0x48,0x8B,0x70,0x08,0x49,0x8B,0x7D,0xF8,0x48,0xB8,0xF3,0x01
	.byte 0x00,0x00,0x0C,0x00,0x00,0x00,0x48,0x89,0x07,0x48,0x89,0xF8,0x48,0x89,0x70,0x08
	.byte 0x48,0x89,0x50,0x10,0x48,0x89,0x48,0x18,0x4C,0x89,0x40,0x20,0x4D,0x8B,0x56,0x68
	.byte 0x4C,0x89,0x50,0x28,0x4D,0x8B,0x56,0x70,0x4C,0x89,0x50,0x30,0x4D,0x8B,0x56,0x78
	.byte 0x4C,0x89,0x50,0x38,0x4D,0x8B,0x96,0x80,0x00,0x00,0x00,0x4C,0x89,0x50,0x40,0x4C
	.byte 0x89,0x78,0x48,0x4C,0x89,0x48,0x50,0x48,0x89,0x58,0x58,0x4D,0x8B,0x96,0x88,0x00
	.byte 0x00,0x00,0x4C,0x89,0x50,0x60,0x48,0x89,0xC7,0x4C,0x29,0xE7,0x48,0xC1,0xE7,0x09
	.byte 0x48,0x81,0xCF,0xF9,0x01,0x00,0x00,0x48,0x83,0xC0,0x68,0x49,0x89,0x45,0xF8,0x4D
	.byte 0x8B,0x9E,0x90,0x00,0x00,0x00,0x49,0x81,0xC6,0x98,0x00,0x00,0x00,0x41,0xFF,0xE3
	.byte 0x48,0xA9,0x01,0x00,0x00,0x00,0x0F,0x84,0x1C,0x00,0x00,0x00,0x49,0x89,0x46,0x38
	.byte 0x48,0xC1,0xE8,0x09,0x4C,0x01,0xE0,0x48,0x8B,0x30,0x48,0xC1,0xEE,0x20,0x48,0xC1
	.byte 0xE6,0x02,0xE9,0x07,0x00,0x00,0x00,0x90,0x31,0xF6,0x49,0x89,0x46,0x38,0x48,0xBF
	.byte 0xF4,0xFF,0xFF,0xFF,0xFF,0xFF,0xFF,0xFF,0x48,0x01,0xF7,0xB8,0x00,0x00,0x00,0x00
	.byte 0x40,0x0F,0x90,0xC0,0x48,0x89,0xF2,0x48,0x09,0xC2,0x48,0x83,0xCA,0xF4,0x48,0xF7
	.byte 0xC2,0x01,0x00,0x00,0x00,0x0F,0x84,0x59,0x00,0x00,0x00,0x48,0xBF,0xF4,0xFF,0xFF
	.byte 0xFF,0xFF,0xFF,0xFF,0xFF,0x49,0x89,0x7E,0x30,0x4D,0x8B,0x96,0x88,0x00,0x00,0x00
	.byte 0x4D,0x8B,0x5E,0x40,0x4D,0x89,0x9E,0x88,0x00,0x00,0x00,0x4D,0x89,0x56,0x40,0x4D
	.byte 0x8B,0x5E,0x58,0x4D,0x89,0x5E,0x20,0x49,0x89,0x76,0x58,0x41,0xBB,0x33,0x01,0x00
	.byte 0x00,0x4D,0x89,0x1E,0x48,0x8D,0x05,0x05,0x00,0x00,0x00,0xE9,0x4E,0x39,0xFF,0xFF
	.byte 0x49,0x8B,0x46,0x38,0x49,0x8B,0xB6,0x88,0x00,0x00,0x00,0x49,0x89,0x7E,0x58,0xE9
	.byte 0x20,0x00,0x00,0x00,0x4D,0x8B,0x5E,0x58,0x4D,0x89,0x5E,0x20,0x49,0x89,0x7E,0x58
	.byte 0x49,0x8B,0x46,0x38,0x49,0x8B,0x76,0x40,0x4D,0x8B,0x9E,0x88,0x00,0x00,0x00,0x4D
	.byte 0x89,0x5E,0x40,0x90,0x49,0x89,0x86,0x88,0x00,0x00,0x00,0x48,0xC1,0xE8,0x09,0x4C
	.byte 0x01,0xE0,0x48,0x8B,0x50,0x18,0xBF,0x24,0x00,0x00,0x00,0x48,0x01,0xF7,0xB8,0x00
	.byte 0x00,0x00,0x00,0x40,0x0F,0x90,0xC0,0x49,0x89,0x76,0x38,0x48,0x09,0xC6,0x48,0x83
	.byte 0xCE,0x24,0x48,0xF7,0xC6,0x01,0x00,0x00,0x00,0x0F,0x84,0x87,0x00,0x00,0x00,0xBF
	.byte 0x24,0x00,0x00,0x00,0x49,0x8B,0x76,0x38,0x4D,0x8B,0x5E,0x48,0x4D,0x89,0x5E,0x18
	.byte 0x4D,0x8B,0x5E,0x78,0x4D,0x89,0x5E,0x48,0x4D,0x8B,0x9E,0x88,0x00,0x00,0x00,0x4D
	.byte 0x89,0x5E,0x78,0x4D,0x8B,0x9E,0x80,0x00,0x00,0x00,0x4D,0x89,0x9E,0x88,0x00,0x00
	.byte 0x00,0x4D,0x8B,0x5E,0x58,0x4D,0x89,0x9E,0x80,0x00,0x00,0x00,0x4D,0x8B,0x5E,0x68
	.byte 0x4D,0x89,0x5E,0x58,0x4D,0x8B,0x5E,0x70,0x4D,0x89,0x5E,0x68,0x49,0x89,0x56,0x28
	.byte 0x4D,0x8B,0x5E,0x60,0x4D,0x89,0x5E,0x70,0x4D,0x8B,0x5E,0x50,0x4D,0x89,0x5E,0x30
	.byte 0x49,0x89,0x7E,0x60,0x41,0xBB,0x34,0x01,0x00,0x00,0x4D,0x89,0x1E,0x48,0x8D,0x05
	.byte 0x06,0x00,0x00,0x00,0xE9,0x65,0x38,0xFF,0xFF,0x90,0x49,0x8B,0xB6,0x80,0x00,0x00
	.byte 0x00,0xE9,0x52,0x00,0x00,0x00,0x4D,0x8B,0x5E,0x48,0x4D,0x89,0x5E,0x18,0x4D,0x8B
	.byte 0x5E,0x78,0x4D,0x89,0x5E,0x48,0x4D,0x8B,0x9E,0x88,0x00,0x00,0x00,0x4D,0x89,0x5E
	.byte 0x78,0x4D,0x8B,0x9E,0x80,0x00,0x00,0x00,0x4D,0x89,0x9E,0x88,0x00,0x00,0x00,0x49
	.byte 0x8B,0x76,0x58,0x4D,0x8B,0x5E,0x68,0x4D,0x89,0x5E,0x58,0x4D,0x8B,0x5E,0x70,0x4D
	.byte 0x89,0x5E,0x68,0x49,0x89,0x56,0x28,0x4D,0x8B,0x5E,0x60,0x4D,0x89,0x5E,0x70,0x4D
	.byte 0x8B,0x5E,0x50,0x4D,0x89,0x5E,0x30,0x90,0x48,0x89,0xF9,0x48,0x01,0xF1,0xB8,0x00
	.byte 0x00,0x00,0x00,0x40,0x0F,0x90,0xC0,0x48,0x89,0xF2,0x48,0x09,0xFA,0x48,0x09,0xC2
	.byte 0x48,0xF7,0xC2,0x01,0x00,0x00,0x00,0x0F,0x84,0x35,0x00,0x00,0x00,0x49,0x89,0x7E
	.byte 0x60,0x49,0x89,0xB6,0x80,0x00,0x00,0x00,0x41,0xBB,0x35,0x01,0x00,0x00,0x4D,0x89
	.byte 0x1E,0x48,0x8D,0x05,0x06,0x00,0x00,0x00,0xE9,0xC1,0x37,0xFF,0xFF,0x90,0x49,0x8B
	.byte 0xB6,0x80,0x00,0x00,0x00,0x49,0x89,0xBE,0x80,0x00,0x00,0x00,0xE9,0x09,0x00,0x00
	.byte 0x00,0x90,0x49,0x89,0x8E,0x80,0x00,0x00,0x00,0x90,0xBF,0x20,0x00,0x00,0x00,0x48
	.byte 0x01,0xF7,0xB8,0x00,0x00,0x00,0x00,0x40,0x0F,0x90,0xC0,0x49,0x89,0x76,0x60,0x48
	.byte 0x09,0xC6,0x48,0x83,0xCE,0x20,0x48,0xF7,0xC6,0x01,0x00,0x00,0x00,0x0F,0x84,0x33
	.byte 0x00,0x00,0x00,0xBF,0x20,0x00,0x00,0x00,0x49,0x8B,0x76,0x60,0x49,0x89,0x7E,0x50
	.byte 0x41,0xBB,0x36,0x01,0x00,0x00,0x4D,0x89,0x1E,0x48,0x8D,0x05,0x06,0x00,0x00,0x00
	.byte 0xE9,0x59,0x37,0xFF,0xFF,0x90,0x49,0x8B,0x8E,0x80,0x00,0x00,0x00,0x49,0x89,0x7E
	.byte 0x50,0xE9,0x0C,0x00,0x00,0x00,0x49,0x89,0x7E,0x50,0x49,0x8B,0x8E,0x80,0x00,0x00
	.byte 0x00,0x90,0xBA,0x08,0x00,0x00,0x00,0x48,0xBF,0xFC,0xFF,0xFF,0xFF,0xFF,0xFF,0xFF
	.byte 0xFF,0x48,0x01,0xCF,0xB8,0x00,0x00,0x00,0x00,0x40,0x0F,0x90,0xC0,0x48,0x89,0xCE
	.byte 0x48,0x09,0xC6,0x48,0x83,0xCE,0xFC,0x48,0xF7,0xC6,0x01,0x00,0x00,0x00,0x0F,0x84
	.byte 0x4C,0x00,0x00,0x00,0x48,0xBF,0xFC,0xFF,0xFF,0xFF,0xFF,0xFF,0xFF,0xFF,0x48,0x89
	.byte 0xCE,0x49,0x89,0x96,0x80,0x00,0x00,0x00,0x49,0x89,0x7E,0x08,0x4D,0x8B,0x5E,0x50
	.byte 0x4D,0x89,0x5E,0x10,0x49,0x89,0x4E,0x50,0x41,0xBB,0x37,0x01,0x00,0x00,0x4D,0x89
	.byte 0x1E,0x48,0x8D,0x05,0x06,0x00,0x00,0x00,0xE9,0xD1,0x36,0xFF,0xFF,0x90,0x49,0x8B
	.byte 0x4E,0x50,0x4D,0x8B,0x5E,0x10,0x4D,0x89,0x5E,0x50,0xE9,0x09,0x00,0x00,0x00,0x90
	.byte 0x49,0x89,0x96,0x80,0x00,0x00,0x00,0x90,0x48,0x89,0xF8,0x48,0xD1,0xE8,0x48,0x89
	.byte 0xCE,0x48,0xF7,0xE6,0x48,0x89,0xCE,0x48,0x09,0xF9,0x48,0x83,0xE1,0x01,0x48,0x09
	.byte 0xD1,0x48,0xD1,0xE8,0x48,0x83,0xF9,0x00,0x0F,0x84,0x40,0x00,0x00,0x00,0x49,0x89
	.byte 0x7E,0x08,0x49,0x89,0x76,0x10,0x41,0xBB,0x38,0x01,0x00,0x00,0x4D,0x89,0x1E,0x48
	.byte 0x8D,0x05,0x06,0x00,0x00,0x00,0xE9,0x85,0x36,0xFF,0xFF,0x90,0x48,0x89,0xF8,0x49
	.byte 0x8B,0x8E,0x80,0x00,0x00,0x00,0x4D,0x8B,0x5E,0x60,0x4D,0x89,0x9E,0x80,0x00,0x00
	.byte 0x00,0x4D,0x8B,0x5E,0x50,0x4D,0x89,0x5E,0x60,0xE9,0x1A,0x00,0x00,0x00,0x49,0x8B
	.byte 0x8E,0x80,0x00,0x00,0x00,0x4D,0x8B,0x5E,0x60,0x4D,0x89,0x9E,0x80,0x00,0x00,0x00
	.byte 0x4D,0x8B,0x5E,0x50,0x4D,0x89,0x5E,0x60,0x48,0x89,0xC6,0x48,0x83,0xCE,0x08,0x48
	.byte 0x89,0xF7,0x48,0xC1,0xEF,0x3F,0x48,0x09,0xF7,0x48,0xF7,0xC7,0x01,0x00,0x00,0x00
	.byte 0x0F,0x84,0x32,0x00,0x00,0x00,0xBE,0x08,0x00,0x00,0x00,0x48,0x89,0xC7,0x49,0x89
	.byte 0x76,0x10,0x49,0x89,0x46,0x50,0x41,0xBB,0x39,0x01,0x00,0x00,0x4D,0x89,0x1E,0x48
	.byte 0x8D,0x05,0x06,0x00,0x00,0x00,0xE9,0x0F,0x36,0xFF,0xFF,0x90,0x48,0x89,0xFA,0x49
	.byte 0x8B,0x76,0x60,0xE9,0x10,0x00,0x00,0x00,0x31,0xD2,0x48,0xF7,0xF1,0x48,0x89,0xC2
	.byte 0x48,0xC1,0xE2,0x02,0x49,0x8B,0x76,0x60,0x48,0x89,0xD7,0x48,0x01,0xF7,0xB8,0x00
	.byte 0x00,0x00,0x00,0x40,0x0F,0x90,0xC0,0x48,0x89,0xF1,0x48,0x09,0xD1,0x48,0x09,0xC1
	.byte 0x48,0xF7,0xC1,0x01,0x00,0x00,0x00,0x0F,0x84,0x2D,0x00,0x00,0x00,0x48,0x89,0xD7
	.byte 0x49,0x89,0x56,0x50,0x49,0x89,0x76,0x60,0x41,0xBB,0x3A,0x01,0x00,0x00,0x4D,0x89
	.byte 0x1E,0x48,0x8D,0x05,0x06,0x00,0x00,0x00,0xE9,0x91,0x35,0xFF,0xFF,0x90,0x49,0x8B
	.byte 0xB6,0x80,0x00,0x00,0x00,0xE9,0x08,0x00,0x00,0x00,0x49,0x8B,0xB6,0x80,0x00,0x00
	.byte 0x00,0x90,0x49,0x8B,0x45,0xB8,0x48,0x8B,0x40,0x10,0x48,0xD1,0xE7,0x4C,0x01,0xE7
	.byte 0x48,0xC1,0xE8,0x09,0x48,0x01,0xC7,0x48,0x8B,0x57,0x08,0xBF,0x30,0x00,0x00,0x00
	.byte 0x48,0x01,0xF7,0xB8,0x00,0x00,0x00,0x00,0x40,0x0F,0x90,0xC0,0x49,0x89,0x76,0x60
	.byte 0x48,0x09,0xC6,0x48,0x83,0xCE,0x30,0x48,0xF7,0xC6,0x01,0x00,0x00,0x00,0x0F,0x84
	.byte 0x30,0x00,0x00,0x00,0xBF,0x30,0x00,0x00,0x00,0x49,0x8B,0x76,0x60,0x49,0x89,0xBE
	.byte 0x80,0x00,0x00,0x00,0x49,0x89,0x56,0x10,0x41,0xBB,0x3B,0x01,0x00,0x00,0x4D,0x89
	.byte 0x1E,0x48,0x8D,0x05,0x06,0x00,0x00,0x00,0xE9,0x11,0x35,0xFF,0xFF,0x90,0xE9,0x05
	.byte 0x00,0x00,0x00,0x90,0x49,0x89,0x56,0x10,0xB8,0x0C,0x00,0x00,0x00,0x48,0xF7,0xC7
	.byte 0x01,0x00,0x00,0x00,0x0F,0x84,0xA6,0x00,0x00,0x00,0x48,0xBF,0xFF,0xFF,0xFF,0xFF
	.byte 0xFF,0xFF,0xFF,0xFF,0x41,0xBB,0x3C,0x01,0x00,0x00,0x4D,0x89,0x1E,0x48,0x8D,0x05
	.byte 0x06,0x00,0x00,0x00,0xE9,0x5F,0x28,0xFF,0xFF,0x90,0x45,0x31,0xDB,0x4D,0x89,0x5E
	.byte 0x10,0x4D,0x8B,0x5E,0x10,0x4D,0x89,0x9E,0x88,0x00,0x00,0x00,0x4D,0x8B,0x5E,0x10
	.byte 0x4D,0x89,0x5E,0x48,0x4D,0x8B,0x5E,0x10,0x4D,0x89,0x5E,0x68,0x4D,0x8B,0x5E,0x10
	.byte 0x4D,0x89,0x5E,0x28,0x4D,0x8B,0x5E,0x10,0x4D,0x89,0x9E,0x80,0x00,0x00,0x00,0x4D
	.byte 0x8B,0x5E,0x10,0x4D,0x89,0x5E,0x78,0x4D,0x8B,0x5E,0x10,0x4D,0x89,0x5E,0x58,0x4D
	.byte 0x8B,0x5E,0x10,0x4D,0x89,0x5E,0x70,0x4D,0x8B,0x5E,0x10,0x4D,0x89,0x5E,0x60,0x49
	.byte 0x8B,0x7E,0x10,0x4D,0x8B,0x5E,0x10,0x4D,0x89,0x5E,0x40,0x4D,0x8B,0x5E,0x10,0x4D
	.byte 0x89,0x5E,0x20,0x4D,0x8B,0x5E,0x10,0x4D,0x89,0x5E,0x38,0x4D,0x8B,0x5E,0x10,0x4D
	.byte 0x89,0x5E,0x30,0x4D,0x8B,0x5E,0x10,0x4D,0x89,0x5E,0x18,0xE9,0x08,0x00,0x00,0x00
	.byte 0x49,0x89,0x86,0x80,0x00,0x00,0x00,0x90,0x49,0x89,0x7E,0x50,0x48,0xC1,0xEF,0x02
	.byte 0x49,0xBA,0x00,0x00,0x00,0x00,0x01,0x00,0x00,0x00,0x4C,0x39,0xD7,0x0F,0x82,0x0F
	.byte 0x00,0x00,0x00,0x48,0xBF,0xFF,0xFF,0xFF,0xFF,0xFF,0xFF,0xFF,0xFF,0xE9,0x08,0x00
	.byte 0x00,0x00,0x48,0x83,0xC7,0x01,0x48,0xC1,0xE7,0x03,0x49,0x8B,0x45,0xD8,0x49,0x8B
	.byte 0x75,0xF8,0x48,0x29,0xF0,0x48,0x39,0xF8,0x0F,0x82,0x34,0x00,0x00,0x00,0x4D,0x8B
	.byte 0x8E,0x80,0x00,0x00,0x00,0x49,0x8B,0x5E,0x78,0x4D,0x8B,0x7E,0x70,0x4D,0x8B,0x46
	.byte 0x60,0x49,0x8B,0x46,0x50,0x4D,0x8B,0x5E,0x40,0x4D,0x89,0x5E,0x60,0x4D,0x8B,0x5E
	.byte 0x38,0x4D,0x89,0x5E,0x70,0x4D,0x8B,0x5E,0x18,0x4D,0x89,0x5E,0x50,0xE9,0x46,0x00
	.byte 0x00,0x00,0x41,0xBB,0x3D,0x01,0x00,0x00,0x4D,0x89,0x1E,0x48,0x8D,0x05,0x06,0x00
	.byte 0x00,0x00,0xE9,0x41,0x27,0xFF,0xFF,0x90,0x4D,0x8B,0x8E,0x80,0x00,0x00,0x00,0x49
	.byte 0x8B,0x5E,0x78,0x4D,0x8B,0x7E,0x70,0x4D,0x8B,0x46,0x60,0x49,0x8B,0x46,0x50,0x4D
	.byte 0x8B,0x5E,0x40,0x4D,0x89,0x5E,0x60,0x4D,0x8B,0x5E,0x38,0x4D,0x89,0x5E,0x70,0x4D
	.byte 0x8B,0x5E,0x18,0x4D,0x89,0x5E,0x50,0x90,0x49,0x8B,0x7D,0xF8,0x48,0x89,0xC6,0x48
	.byte 0xC1,0xE6,0x1E,0x48,0x81,0xCE,0xF3,0x01,0x00,0x00,0x48,0x89,0xC2,0x49,0x89,0x46
	.byte 0x40,0x48,0xC1,0xEA,0x02,0x48,0x89,0xF8,0x48,0x89,0x30,0x48,0x89,0xC6,0x4D,0x8B
	.byte 0x56,0x10,0x4C,0x89,0x56,0x08,0x4D,0x8B,0x56,0x70,0x4C,0x89,0x56,0x10,0x4D,0x8B
	.byte 0x56,0x28,0x4C,0x89,0x56,0x18,0x4C,0x89,0x7E,0x20,0x4D,0x8B,0x56,0x68,0x4C,0x89
	.byte 0x56,0x28,0x4D,0x8B,0x56,0x30,0x4C,0x89,0x56,0x30,0x4D,0x8B,0x56,0x48,0x4C,0x89
	.byte 0x56,0x38,0x4D,0x8B,0x56,0x20,0x4C,0x89,0x56,0x40,0x4D,0x8B,0x56,0x58,0x4C,0x89
	.byte 0x56,0x48,0x4D,0x8B,0x56,0x50,0x4C,0x89,0x56,0x50,0x4D,0x8B,0x96,0x88,0x00,0x00
	.byte 0x00,0x4C,0x89,0x56,0x58,0x4D,0x8B,0x56,0x60,0x4C,0x89,0x56,0x60,0x49,0x8B,0x7D
	.byte 0xF8,0x4C,0x29,0xE7,0x48,0xC1,0xE7,0x09,0x48,0x83,0xCF,0x01,0x48,0x81,0xCF,0xE0
	.byte 0x01,0x00,0x00,0x48,0x83,0xFA,0x0F,0x0F,0x82,0x0F,0x00,0x00,0x00,0x48,0x83,0xCF
	.byte 0x1E,0x48,0x89,0xD0,0x48,0x89,0xF9,0xE9,0x10,0x00,0x00,0x00,0x48,0x89,0xD0,0x48
	.byte 0xD1,0xE0,0x48,0x09,0xF8,0x48,0x89,0xC1,0x48,0x89,0xD0,0x90,0x48,0xC1,0xE0,0x03
	.byte 0x48,0x89,0xC7,0x48,0x89,0xF0,0x48,0x01,0xC7,0x48,0x83,0xC7,0x08,0x49,0x89,0x7D
	.byte 0xF8,0x48,0x89,0xC2,0x4C,0x89,0xC7,0x48,0x83,0xC2,0x68,0x4C,0x89,0xCE,0x4D,0x89
	.byte 0x4E,0x78,0x48,0xD1,0xE6,0x4C,0x01,0xE6,0x48,0x89,0xD8,0x49,0x89,0x5E,0x38,0x48
	.byte 0xC1,0xE8,0x09,0x48,0x01,0xC6,0x48,0x83,0xC6,0x08,0x48,0x85,0xFF,0x0F,0x84,0x2D
	.byte 0x00,0x00,0x00,0x4D,0x89,0x7E,0x18,0x49,0x89,0xBE,0x80,0x00,0x00,0x00,0x41,0xBB
	.byte 0x3E,0x01,0x00,0x00,0x4D,0x89,0x1E,0x48,0x8D,0x05,0x06,0x00,0x00,0x00,0xE9,0x35
	.byte 0x38,0xFF,0xFF,0x90,0x49,0x8B,0x86,0x90,0x00,0x00,0x00,0xE9,0x0A,0x00,0x00,0x00
	.byte 0x49,0x8B,0x86,0x90,0x00,0x00,0x00,0x48,0x89,0xCF,0x49,0x81,0xC6,0x98,0x00,0x00
	.byte 0x00,0xFF,0xE0,0x90,0x49,0x81,0xEE,0x88,0x00,0x00,0x00,0x4D,0x39,0xEE,0x0F,0x82
	.byte 0xA8,0x25,0xFF,0xFF,0x4D,0x89,0x46,0x58,0x49,0x89,0xC8,0x48,0x89,0xC1,0x49,0x8B
	.byte 0x86,0x88,0x00,0x00,0x00,0x4D,0x8B,0x9E,0x88,0x00,0x00,0x00,0x4D,0x89,0x5E,0x48
	.byte 0x49,0x89,0x7E,0x68,0x4D,0x89,0x4E,0x70,0x49,0x89,0xF1,0x49,0x89,0x56,0x50,0x4D
	.byte 0x8B,0x9E,0x98,0x00,0x00,0x00,0x4D,0x89,0x5E,0x60,0x48,0xC1,0xE8,0x09,0x4C,0x01
	.byte 0xE0,0x48,0x8B,0x78,0x10,0x48,0xBA,0xD8,0xFF,0xFF,0xFF,0xFF,0xFF,0xFF,0xFF,0x48
	.byte 0x01,0xFA,0xB8,0x00,0x00,0x00,0x00,0x40,0x0F,0x90,0xC0,0x48,0x89,0xFE,0x48,0x09
	.byte 0xC7,0x48,0x89,0xF8,0x48,0x83,0xC8,0xD8,0x48,0xA9,0x01,0x00,0x00,0x00,0x0F,0x84
	.byte 0x4A,0x00,0x00,0x00,0x48,0xBF,0xD8,0xFF,0xFF,0xFF,0xFF,0xFF,0xFF,0xFF,0x49,0x89
	.byte 0x8E,0x98,0x00,0x00,0x00,0x4D,0x89,0xBE,0x88,0x00,0x00,0x00,0x4D,0x89,0x86,0x80
	.byte 0x00,0x00,0x00,0x49,0x89,0x76,0x30,0x4D,0x89,0x4E,0x78,0x49,0x89,0x7E,0x38,0x49
	.byte 0x89,0x5E,0x40,0x41,0xBB,0x3F,0x01,0x00,0x00,0x4D,0x89,0x1E,0x48,0x8D,0x05,0x05
	.byte 0x00,0x00,0x00,0xE9,0x76,0x31,0xFF,0xFF,0xE9,0x21,0x00,0x00,0x00,0x90,0x48,0x89
	.byte 0xD7,0x49,0x89,0x8E,0x98,0x00,0x00,0x00,0x4D,0x89,0xBE,0x88,0x00,0x00,0x00,0x4D
	.byte 0x89,0x86,0x80,0x00,0x00,0x00,0x4D,0x89,0x4E,0x78,0x49,0x89,0x5E,0x40,0x31,0xD2
	.byte 0x31,0xC0,0x48,0xF7,0xC7,0x01,0x00,0x00,0x00,0x0F,0x84,0x3D,0x00,0x00,0x00,0x31
	.byte 0xF6,0x4D,0x8B,0x5E,0x40,0x4D,0x89,0x5E,0x38,0x49,0x89,0x7E,0x40,0x49,0x89,0x56
	.byte 0x30,0x41,0xBB,0x40,0x01,0x00,0x00,0x4D,0x89,0x1E,0x48,0x8D,0x05,0x05,0x00,0x00
	.byte 0x00,0xE9,0x90,0x31,0xFF,0xFF,0x49,0x8B,0x76,0x48,0x4D,0x8B,0x5E,0x38,0x4D,0x89
	.byte 0x5E,0x48,0xB8,0x01,0x00,0x00,0x00,0xE9,0x10,0x00,0x00,0x00,0x49,0x8B,0x76,0x48
	.byte 0x4D,0x8B,0x5E,0x40,0x4D,0x89,0x5E,0x48,0x49,0x89,0x7E,0x40,0x48,0x39,0xC7,0x0F
	.byte 0x8D,0x7B,0x08,0x00,0x00,0x48,0x89,0xF0,0x48,0xC1,0xEE,0x09,0x4C,0x01,0xE6,0x48
	.byte 0x8B,0x7E,0x10,0x48,0x83,0xFF,0x14,0x0F,0x8D,0x57,0x04,0x00,0x00,0x48,0x83,0xFF
	.byte 0x08,0x0F,0x8D,0x45,0x02,0x00,0x00,0x48,0x83,0xFF,0x04,0x0F,0x8D,0x5F,0x01,0x00
	.byte 0x00,0x48,0x89,0xC6,0x48,0xC1,0xE8,0x09,0x4C,0x01,0xE0,0x48,0x8B,0x50,0x08,0x49
	.byte 0x8B,0xBE,0x90,0x00,0x00,0x00,0x4D,0x8B,0x9E,0x80,0x00,0x00,0x00,0x4D,0x89,0x9E
	.byte 0x90,0x00,0x00,0x00,0x4D,0x8B,0x5E,0x78,0x4D,0x89,0x9E,0x80,0x00,0x00,0x00,0x4D
	.byte 0x8B,0x5E,0x70,0x4D,0x89,0x5E,0x78,0x4D,0x8B,0x5E,0x68,0x4D,0x89,0x5E,0x70,0x4D
	.byte 0x8B,0x5E,0x60,0x4D,0x89,0x5E,0x68,0x4D,0x8B,0x5E,0x58,0x4D,0x89,0x5E,0x60,0x4D
	.byte 0x8B,0x5E,0x50,0x4D,0x89,0x5E,0x58,0x4D,0x8B,0x5E,0x48,0x4D,0x89,0x5E,0x50,0x41
	.byte 0xBB,0x41,0x01,0x00,0x00,0x4D,0x89,0x1E,0x48,0x8D,0x05,0x03,0x00,0x00,0x00,0xFF
	.byte 0xE2,0x90,0x48,0x89,0xF8,0x4D,0x8B,0x8E,0x98,0x00,0x00,0x00,0x4D,0x8B,0x86,0x90
	.byte 0x00,0x00,0x00,0x49,0x8B,0xB6,0x80,0x00,0x00,0x00,0x4D,0x8B,0x5E,0x78,0x4D,0x89
	.byte 0x9E,0x98,0x00,0x00,0x00,0x49,0x8B,0x4E,0x70,0x4D,0x8B,0x7E,0x68,0x49,0x8B,0x5E
	.byte 0x60,0x49,0x8B,0x56,0x58,0x4D,0x8B,0x5E,0x50,0x4D,0x89,0x9E,0x90,0x00,0x00,0x00
	.byte 0x48,0x89,0xC7,0x48,0xC1,0xE8,0x09,0x4C,0x01,0xE0,0x48,0x8B,0x40,0x10,0x48,0x83
	.byte 0xF8,0x20,0x0F,0x85,0x5C,0x00,0x00,0x00,0x48,0x89,0xF8,0x48,0xC1,0xE8,0x09,0x4C
	.byte 0x01,0xE0,0x48,0x8B,0x40,0x08,0x4D,0x89,0xCA,0x4D,0x8B,0x8E,0x98,0x00,0x00,0x00
	.byte 0x4D,0x89,0xBE,0x98,0x00,0x00,0x00,0x4D,0x8B,0xBE,0x88,0x00,0x00,0x00,0x49,0x89
	.byte 0x86,0x88,0x00,0x00,0x00,0x4C,0x89,0xD0,0x49,0x89,0xCA,0x4C,0x89,0xC1,0x49,0x89
	.byte 0xD8,0x49,0x8B,0x9E,0x90,0x00,0x00,0x00,0x49,0x89,0xBE,0x90,0x00,0x00,0x00,0x4C
	.byte 0x89,0xD7,0x4D,0x8B,0x96,0x88,0x00,0x00,0x00,0x49,0x81,0xC6,0x90,0x00,0x00,0x00
	.byte 0x41,0xFF,0xE2,0x90,0x4C,0x89,0xC8,0x49,0x89,0xCA,0x4C,0x89,0xC1,0x49,0x89,0xD8
	.byte 0x49,0x8B,0x9E,0x90,0x00,0x00,0x00,0x49,0x89,0xBE,0x90,0x00,0x00,0x00,0x4C,0x89
	.byte 0xD7,0x4D,0x8B,0x8E,0x98,0x00,0x00,0x00,0x4D,0x89,0xBE,0x98,0x00,0x00,0x00,0x4D
	.byte 0x8B,0xBE,0x88,0x00,0x00,0x00,0x49,0x83,0xC6,0x08,0xE9,0x1F,0xE8,0xFF,0xFF,0x90
	.byte 0x48,0x89,0xC2,0x48,0xC1,0xE8,0x09,0x4C,0x01,0xE0,0x48,0x8B,0x48,0x08,0x49,0x8B
	.byte 0x7E,0x60,0x49,0x8B,0xB6,0x90,0x00,0x00,0x00,0x4D,0x8B,0x9E,0x88,0x00,0x00,0x00
	.byte 0x4D,0x89,0x9E,0x90,0x00,0x00,0x00,0x41,0xBB,0x42,0x01,0x00,0x00,0x4D,0x89,0x1E
	.byte 0x48,0x8D,0x05,0x03,0x00,0x00,0x00,0xFF,0xE1,0x90,0x48,0x89,0xF8,0x49,0x8B,0x8E
	.byte 0x80,0x00,0x00,0x00,0x49,0x8B,0x76,0x78,0x4D,0x8B,0x4E,0x70,0x49,0x8B,0x5E,0x68
	.byte 0x4D,0x8B,0x46,0x58,0x49,0x8B,0x56,0x50,0x4D,0x8B,0x7E,0x48,0x48,0x89,0xC7,0x48
	.byte 0xC1,0xE8,0x09,0x4C,0x01,0xE0,0x48,0x8B,0x40,0x10,0x48,0x83,0xF8,0x1C,0x0F,0x85
	.byte 0x44,0x00,0x00,0x00,0x48,0x89,0xF8,0x48,0xC1,0xE8,0x09,0x4C,0x01,0xE0,0x48,0x8B
	.byte 0x40,0x08,0x4D,0x8B,0x96,0x98,0x00,0x00,0x00,0x49,0x89,0xBE,0x98,0x00,0x00,0x00
	.byte 0x48,0x89,0xDF,0x4C,0x89,0xFB,0x4D,0x8B,0xBE,0x90,0x00,0x00,0x00,0x49,0x89,0x86
	.byte 0x90,0x00,0x00,0x00,0x4C,0x89,0xD0,0x4D,0x8B,0x96,0x90,0x00,0x00,0x00,0x49,0x81
	.byte 0xC6,0x98,0x00,0x00,0x00,0x41,0xFF,0xE2,0x49,0x8B,0x86,0x98,0x00,0x00,0x00,0x49
	.byte 0x89,0xBE,0x98,0x00,0x00,0x00,0x48,0x89,0xDF,0x4C,0x89,0xFB,0x4D,0x8B,0xBE,0x90
	.byte 0x00,0x00,0x00,0x49,0x83,0xC6,0x10,0xE9,0xE4,0xD3,0xFF,0xFF,0x48,0x83,0xFF,0x0C
	.byte 0x0F,0x8D,0xAE,0x00,0x00,0x00,0x48,0x89,0xC1,0x48,0xC1,0xE8,0x09,0x4C,0x01,0xE0
	.byte 0x4C,0x8B,0x40,0x08,0x49,0x8B,0xBE,0x88,0x00,0x00,0x00,0x49,0x8B,0x76,0x60,0x49
	.byte 0x8B,0x96,0x90,0x00,0x00,0x00,0x41,0xBB,0x43,0x01,0x00,0x00,0x4D,0x89,0x1E,0x48
	.byte 0x8D,0x05,0x04,0x00,0x00,0x00,0x41,0xFF,0xE0,0x90,0x48,0x89,0xF8,0x49,0x8B,0x8E
	.byte 0x80,0x00,0x00,0x00,0x49,0x8B,0x76,0x78,0x4D,0x8B,0x4E,0x70,0x49,0x8B,0x7E,0x68
	.byte 0x4D,0x8B,0x46,0x58,0x49,0x8B,0x56,0x50,0x49,0x8B,0x5E,0x48,0x49,0x89,0xC7,0x48
	.byte 0xC1,0xE8,0x09,0x4C,0x01,0xE0,0x48,0x8B,0x40,0x10,0x48,0x83,0xF8,0x18,0x0F,0x85
	.byte 0x30,0x00,0x00,0x00,0x4C,0x89,0xF8,0x48,0xC1,0xE8,0x09,0x4C,0x01,0xE0,0x48,0x8B
	.byte 0x40,0x08,0x4D,0x8B,0x96,0x98,0x00,0x00,0x00,0x49,0x89,0x86,0x98,0x00,0x00,0x00
	.byte 0x4C,0x89,0xD0,0x4D,0x8B,0x96,0x98,0x00,0x00,0x00,0x49,0x81,0xC6,0xA0,0x00,0x00
	.byte 0x00,0x41,0xFF,0xE2,0x49,0x8B,0x86,0x98,0x00,0x00,0x00,0x49,0x83,0xC6,0x18,0xE9
	.byte 0xBA,0xC0,0xFF,0xFF,0x48,0x83,0xFF,0x10,0x0F,0x8D,0xA6,0x00,0x00,0x00,0x49,0x89
	.byte 0xC0,0x48,0xC1,0xE8,0x09,0x4C,0x01,0xE0,0x4C,0x8B,0x48,0x08,0x49,0x8B,0x7E,0x48
	.byte 0x49,0x8B,0xB6,0x88,0x00,0x00,0x00,0x49,0x8B,0x56,0x60,0x49,0x8B,0x8E,0x90,0x00
	.byte 0x00,0x00,0x41,0xBB,0x44,0x01,0x00,0x00,0x4D,0x89,0x1E,0x48,0x8D,0x05,0x04,0x00
	.byte 0x00,0x00,0x41,0xFF,0xE1,0x90,0x48,0x89,0xFB,0x4D,0x8B,0xBE,0x98,0x00,0x00,0x00
	.byte 0x49,0x8B,0x8E,0x80,0x00,0x00,0x00,0x49,0x8B,0x76,0x78,0x4D,0x8B,0x4E,0x70,0x49
	.byte 0x8B,0x7E,0x68,0x4D,0x8B,0x46,0x58,0x49,0x8B,0x56,0x50,0x48,0x89,0xD8,0x48,0xC1
	.byte 0xEB,0x09,0x4C,0x01,0xE3,0x48,0x8B,0x5B,0x10,0x48,0x83,0xFB,0x14,0x0F,0x85,0x21
	.byte 0x00,0x00,0x00,0x48,0x89,0xC3,0x48,0xC1,0xE8,0x09,0x4C,0x01,0xE0,0x48,0x8B,0x40
	.byte 0x08,0x4D,0x89,0xFA,0x49,0x89,0xC7,0x4C,0x89,0xD0,0x49,0x81,0xC6,0xA0,0x00,0x00
	.byte 0x00,0x41,0xFF,0xE7,0x48,0x89,0xC3,0x4C,0x89,0xF8,0x49,0x83,0xC6,0x20,0xE9,0x79
	.byte 0xAE,0xFF,0xFF,0x90,0x49,0x89,0xC1,0x48,0xC1,0xE8,0x09,0x4C,0x01,0xE0,0x48,0x8B
	.byte 0x58,0x08,0x49,0x8B,0x7E,0x70,0x49,0x8B,0x76,0x48,0x49,0x8B,0x96,0x88,0x00,0x00
	.byte 0x00,0x49,0x8B,0x4E,0x60,0x4D,0x8B,0x86,0x90,0x00,0x00,0x00,0x41,0xBB,0x45,0x01
	.byte 0x00,0x00,0x4D,0x89,0x1E,0x48,0x8D,0x05,0x02,0x00,0x00,0x00,0xFF,0xE3,0x49,0x8B
	.byte 0x86,0x98,0x00,0x00,0x00,0x49,0x8B,0x8E,0x80,0x00,0x00,0x00,0x49,0x8B,0x76,0x78
	.byte 0x4D,0x8B,0x46,0x68,0x4D,0x8B,0x7E,0x58,0x49,0x8B,0x56,0x50,0x49,0x89,0xF9,0x48
	.byte 0xC1,0xEF,0x09,0x4C,0x01,0xE7,0x48,0x8B,0x7F,0x10,0x48,0x83,0xFF,0x10,0x0F,0x85
	.byte 0x20,0x00,0x00,0x00,0x4C,0x89,0xCF,0x49,0xC1,0xE9,0x09,0x4D,0x01,0xE1,0x49,0x8B
	.byte 0x59,0x08,0x49,0x89,0xF9,0x4C,0x89,0xC7,0x4D,0x89,0xF8,0x49,0x81,0xC6,0xA0,0x00
	.byte 0x00,0x00,0xFF,0xE3,0x4C,0x89,0xC7,0x4D,0x89,0xF8,0x49,0x83,0xC6,0x28,0xE9,0xC9
	.byte 0x9C,0xFF,0xFF,0x90,0x48,0x83,0xFF,0x1C,0x0F,0x8D,0x5E,0x01,0x00,0x00,0x48,0x83
	.byte 0xFF,0x18,0x0F,0x8D,0x9C,0x00,0x00,0x00,0x48,0x89,0xC3,0x48,0xC1,0xE8,0x09,0x4C
	.byte 0x01,0xE0,0x4C,0x8B,0x78,0x08,0x49,0x8B,0x7E,0x58,0x49,0x8B,0x76,0x70,0x49,0x8B
	.byte 0x56,0x48,0x49,0x8B,0x8E,0x88,0x00,0x00,0x00,0x4D,0x8B,0x46,0x60,0x4D,0x8B,0x8E
	.byte 0x90,0x00,0x00,0x00,0x41,0xBB,0x46,0x01,0x00,0x00,0x4D,0x89,0x1E,0x48,0x8D,0x05
	.byte 0x04,0x00,0x00,0x00,0x41,0xFF,0xE7,0x90,0x49,0x8B,0x86,0x98,0x00,0x00,0x00,0x49
	.byte 0x8B,0x8E,0x80,0x00,0x00,0x00,0x49,0x8B,0x76,0x78,0x49,0x8B,0x5E,0x68,0x49,0x8B
	.byte 0x56,0x50,0x49,0x89,0xF8,0x48,0xC1,0xEF,0x09,0x4C,0x01,0xE7,0x48,0x8B,0x7F,0x10
	.byte 0x48,0x83,0xFF,0x0C,0x0F,0x85,0x1E,0x00,0x00,0x00,0x4C,0x89,0xC7,0x49,0xC1,0xE8
	.byte 0x09,0x4D,0x01,0xE0,0x4D,0x8B,0x48,0x08,0x49,0x89,0xF8,0x48,0x89,0xDF,0x49,0x81
	.byte 0xC6,0xA0,0x00,0x00,0x00,0x41,0xFF,0xE1,0x48,0x89,0xDF,0x49,0x83,0xC6,0x30,0xE9
	.byte 0xF4,0x8B,0xFF,0xFF,0x49,0x89,0xC7,0x48,0xC1,0xE8,0x09,0x4C,0x01,0xE0,0x48,0x8B
	.byte 0x40,0x08,0x49,0x8B,0xBE,0x80,0x00,0x00,0x00,0x49,0x8B,0x76,0x58,0x49,0x8B,0x56
	.byte 0x70,0x49,0x8B,0x4E,0x48,0x4D,0x8B,0x86,0x88,0x00,0x00,0x00,0x4D,0x8B,0x4E,0x60
	.byte 0x49,0x8B,0x9E,0x90,0x00,0x00,0x00,0x4D,0x8B,0x9E,0x98,0x00,0x00,0x00,0x4D,0x89
	.byte 0x9E,0x90,0x00,0x00,0x00,0x49,0x89,0x86,0x98,0x00,0x00,0x00,0x4D,0x8B,0x96,0x98
	.byte 0x00,0x00,0x00,0x41,0xBB,0x47,0x01,0x00,0x00,0x4D,0x89,0x1E,0x48,0x8D,0x05,0x03
	.byte 0x00,0x00,0x00,0x41,0xFF,0xE2,0x49,0x8B,0x86,0x90,0x00,0x00,0x00,0x49,0x8B,0x76
	.byte 0x78,0x4D,0x8B,0x4E,0x68,0x49,0x8B,0x56,0x50,0x48,0x89,0xF9,0x48,0xC1,0xEF,0x09
	.byte 0x4C,0x01,0xE7,0x48,0x8B,0x7F,0x10,0x48,0x83,0xFF,0x08,0x0F,0x85,0x1F,0x00,0x00
	.byte 0x00,0x48,0x89,0xCF,0x48,0xC1,0xE9,0x09,0x4C,0x01,0xE1,0x4C,0x8B,0x41,0x08,0x48
	.byte 0x89,0xF9,0x4C,0x89,0xCF,0x49,0x81,0xC6,0xA0,0x00,0x00,0x00,0x41,0xFF,0xE0,0x90
	.byte 0x4C,0x89,0xCF,0x49,0x83,0xC6,0x38,0xE9,0x78,0x7B,0xFF,0xFF,0x48,0x83,0xFF,0x20
	.byte 0x0F,0x8D,0xD0,0x00,0x00,0x00,0x48,0x89,0xC7,0x48,0xC1,0xE8,0x09,0x4C,0x01,0xE0
	.byte 0x48,0x8B,0x40,0x08,0x4D,0x8B,0x8E,0x88,0x00,0x00,0x00,0x4D,0x8B,0x9E,0x98,0x00
	.byte 0x00,0x00,0x4D,0x89,0x9E,0x88,0x00,0x00,0x00,0x49,0x89,0xBE,0x98,0x00,0x00,0x00
	.byte 0x49,0x8B,0x7E,0x50,0x49,0x8B,0xB6,0x80,0x00,0x00,0x00,0x49,0x8B,0x56,0x58,0x49
	.byte 0x8B,0x4E,0x70,0x4D,0x8B,0x46,0x48,0x49,0x8B,0x5E,0x60,0x4D,0x8B,0xBE,0x90,0x00
	.byte 0x00,0x00,0x49,0x89,0x86,0x90,0x00,0x00,0x00,0x4D,0x8B,0x96,0x90,0x00,0x00,0x00
	.byte 0x41,0xBB,0x48,0x01,0x00,0x00,0x4D,0x89,0x1E,0x49,0x83,0xEE,0x08,0x4D,0x39,0xEE
	.byte 0x0F,0x82,0x16,0x1E,0xFF,0xFF,0x4D,0x8B,0x9E,0xA0,0x00,0x00,0x00,0x4D,0x89,0x1E
	.byte 0x48,0x8D,0x05,0x03,0x00,0x00,0x00,0x41,0xFF,0xE2,0x48,0x89,0xF9,0x49,0x8B,0x86
	.byte 0x88,0x00,0x00,0x00,0x49,0x8B,0x76,0x78,0x49,0x8B,0x7E,0x68,0x48,0x89,0xCA,0x48
	.byte 0xC1,0xE9,0x09,0x4C,0x01,0xE1,0x48,0x8B,0x49,0x10,0x48,0x83,0xF9,0x04,0x0F,0x85
	.byte 0x18,0x00,0x00,0x00,0x48,0x89,0xD1,0x48,0xC1,0xE9,0x09,0x4C,0x01,0xE1,0x48,0x8B
	.byte 0x49,0x08,0x49,0x81,0xC6,0xA0,0x00,0x00,0x00,0xFF,0xE1,0x90,0x49,0x83,0xC6,0x40
	.byte 0xE9,0x5F,0x6B,0xFF,0xFF,0x90,0x48,0x83,0xFF,0x24,0x0F,0x8D,0xE2,0x00,0x00,0x00
	.byte 0x48,0x89,0xC7,0x48,0xC1,0xE8,0x09,0x4C,0x01,0xE0,0x48,0x8B,0x40,0x08,0x49,0x8B
	.byte 0x96,0x80,0x00,0x00,0x00,0x4D,0x8B,0x9E,0x98,0x00,0x00,0x00,0x4D,0x89,0x9E,0x80
	.byte 0x00,0x00,0x00,0x4D,0x8B,0x9E,0x90,0x00,0x00,0x00,0x4D,0x89,0x9E,0x98,0x00,0x00
	.byte 0x00,0x49,0x89,0xBE,0x90,0x00,0x00,0x00,0x49,0x8B,0x7E,0x78,0x49,0x8B,0x76,0x50
	.byte 0x49,0x8B,0x4E,0x58,0x4D,0x8B,0x46,0x70,0x4D,0x8B,0x4E,0x48,0x49,0x8B,0x9E,0x88
	.byte 0x00,0x00,0x00,0x4D,0x8B,0x7E,0x60,0x49,0x89,0x86,0x88,0x00,0x00,0x00,0x4D,0x8B
	.byte 0x96,0x88,0x00,0x00,0x00,0x41,0xBB,0x49,0x01,0x00,0x00,0x4D,0x89,0x1E,0x49,0x83
	.byte 0xEE,0x10,0x4D,0x39,0xEE,0x0F,0x82,0x31,0x1D,0xFF,0xFF,0x4D,0x8B,0x9E,0xA8,0x00
	.byte 0x00,0x00,0x4D,0x89,0x5E,0x08,0x4D,0x8B,0x9E,0xA0,0x00,0x00,0x00,0x4D,0x89,0x1E
	.byte 0x48,0x8D,0x05,0x03,0x00,0x00,0x00,0x41,0xFF,0xE2,0x48,0x89,0xFA,0x49,0x8B,0x86
	.byte 0x80,0x00,0x00,0x00,0x49,0x8B,0x7E,0x68,0x48,0x89,0xD6,0x48,0xC1,0xEA,0x09,0x4C
	.byte 0x01,0xE2,0x48,0x8B,0x52,0x10,0x48,0x83,0xFA,0x00,0x0F,0x85,0x18,0x00,0x00,0x00
	.byte 0x48,0x89,0xF2,0x48,0xC1,0xEA,0x09,0x4C,0x01,0xE2,0x48,0x8B,0x52,0x08,0x49,0x81
	.byte 0xC6,0xA0,0x00,0x00,0x00,0xFF,0xE2,0x90,0x49,0x83,0xC6,0x50,0xE9,0x79,0x5C,0xFF
	.byte 0xFF,0x90,0x48,0x89,0xC7,0x48,0xC1,0xE8,0x09,0x4C,0x01,0xE0,0x48,0x8B,0x40,0x08
	.byte 0x4D,0x8B,0xBE,0x88,0x00,0x00,0x00,0x49,0x89,0xBE,0x88,0x00,0x00,0x00,0x49,0x8B
	.byte 0x7E,0x68,0x49,0x8B,0x76,0x78,0x49,0x8B,0x56,0x50,0x49,0x8B,0x8E,0x80,0x00,0x00
	.byte 0x00,0x4D,0x8B,0x46,0x58,0x4D,0x8B,0x4E,0x70,0x49,0x8B,0x5E,0x48,0x4D,0x8B,0x9E
	.byte 0x98,0x00,0x00,0x00,0x4D,0x89,0x5E,0x78,0x4D,0x8B,0x5E,0x60,0x4D,0x89,0x9E,0x98
	.byte 0x00,0x00,0x00,0x49,0x89,0x86,0x80,0x00,0x00,0x00,0x4D,0x8B,0x96,0x80,0x00,0x00
	.byte 0x00,0x41,0xBB,0x4A,0x01,0x00,0x00,0x4D,0x89,0x1E,0x49,0x83,0xEE,0x18,0x4D,0x39
	.byte 0xEE,0x0F,0x82,0x55,0x1C,0xFF,0xFF,0x4D,0x8B,0x9E,0xB0,0x00,0x00,0x00,0x4D,0x89
	.byte 0x5E,0x10,0x4D,0x8B,0x9E,0xA8,0x00,0x00,0x00,0x4D,0x89,0x5E,0x08,0x4D,0x8B,0x9E
	.byte 0xA0,0x00,0x00,0x00,0x4D,0x89,0x1E,0x48,0x8D,0x05,0x04,0x00,0x00,0x00,0x41,0xFF
	.byte 0xE2,0x90,0x49,0x8B,0x46,0x78,0x48,0x89,0xFE,0x48,0xC1,0xEE,0x09,0x4C,0x01,0xE6
	.byte 0x48,0x8B,0x76,0x10,0x48,0x83,0xFE,0x00,0x0F,0x85,0x18,0x00,0x00,0x00,0x48,0x89
	.byte 0xFE,0x48,0xC1,0xEE,0x09,0x4C,0x01,0xE6,0x48,0x8B,0x76,0x08,0x49,0x81,0xC6,0xA0
	.byte 0x00,0x00,0x00,0xFF,0xE6,0x90,0x49,0x83,0xC6,0x50,0xE9,0x9B,0x5B,0xFF,0xFF,0x90
	.byte 0x48,0xF7,0xC6,0x01,0x00,0x00,0x00,0x0F,0x84,0x1F,0x00,0x00,0x00,0x48,0x89,0xF0
	.byte 0x48,0xC1,0xEE,0x09,0x4C,0x01,0xE6,0x48,0x8B,0x36,0x48,0xBF,0xFE,0xFF,0xFF,0xFF
	.byte 0x00,0x00,0x00,0x00,0x48,0x21,0xFE,0xE9,0x04,0x00,0x00,0x00,0x48,0x89,0xF0,0x90
	.byte 0x48,0x81,0xFE,0xE2,0x01,0x00,0x00,0x0F,0x85,0x1F,0x04,0x00,0x00,0x49,0x89,0x46
	.byte 0x38,0x48,0xC1,0xE8,0x09,0x4C,0x01,0xE0,0x48,0x8B,0x48,0x10,0xBA,0x08,0x00,0x00
	.byte 0x00,0x48,0xBF,0xFC,0xFF,0xFF,0xFF,0xFF,0xFF,0xFF,0xFF,0x48,0x01,0xCF,0xB8,0x00
	.byte 0x00,0x00,0x00,0x40,0x0F,0x90,0xC0,0x48,0x89,0xCE,0x48,0x09,0xC6,0x48,0x83,0xCE
	.byte 0xFC,0x48,0xF7,0xC6,0x01,0x00,0x00,0x00,0x0F,0x84,0x88,0x00,0x00,0x00,0x48,0xBF
	.byte 0xFC,0xFF,0xFF,0xFF,0xFF,0xFF,0xFF,0xFF,0x48,0x89,0xCE,0x4D,0x8B,0x5E,0x48,0x4D
	.byte 0x89,0x5E,0x28,0x4D,0x8B,0x5E,0x58,0x4D,0x89,0x5E,0x48,0x4D,0x8B,0x5E,0x68,0x4D
	.byte 0x89,0x5E,0x58,0x49,0x89,0x56,0x68,0x4D,0x8B,0x5E,0x38,0x4D,0x89,0x5E,0x30,0x4D
	.byte 0x8B,0x5E,0x50,0x4D,0x89,0x5E,0x38,0x4D,0x8B,0x5E,0x60,0x4D,0x89,0x5E,0x50,0x4D
	.byte 0x8B,0x5E,0x40,0x4D,0x89,0x5E,0x60,0x49,0x89,0x4E,0x40,0x49,0x89,0x7E,0x20,0x41
	.byte 0xBB,0x4B,0x01,0x00,0x00,0x4D,0x89,0x1E,0x48,0x8D,0x05,0x05,0x00,0x00,0x00,0xE9
	.byte 0x8A,0x27,0xFF,0xFF,0x49,0x8B,0x4E,0x40,0x4D,0x8B,0x5E,0x38,0x4D,0x89,0x5E,0x40
	.byte 0x4D,0x8B,0x5E,0x30,0x4D,0x89,0x5E,0x38,0x4D,0x8B,0x5E,0x28,0x4D,0x89,0x5E,0x30
	.byte 0xE9,0x35,0x00,0x00,0x00,0x90,0x4D,0x8B,0x5E,0x48,0x4D,0x89,0x5E,0x30,0x4D,0x8B
	.byte 0x5E,0x58,0x4D,0x89,0x5E,0x48,0x4D,0x8B,0x5E,0x68,0x4D,0x89,0x5E,0x58,0x49,0x89
	.byte 0x56,0x68,0x4D,0x8B,0x56,0x40,0x4D,0x8B,0x5E,0x50,0x4D,0x89,0x5E,0x40,0x4D,0x8B
	.byte 0x5E,0x60,0x4D,0x89,0x5E,0x50,0x4D,0x89,0x56,0x60,0x49,0x89,0xF8,0x48,0xD1,0xEF
	.byte 0x48,0x89,0xF8,0x48,0x89,0xCE,0x48,0xF7,0xE6,0x48,0x89,0xCE,0x4C,0x09,0xC1,0x48
	.byte 0x83,0xE1,0x01,0x48,0x09,0xD1,0x48,0x89,0xC7,0x48,0xD1,0xEF,0x48,0x83,0xF9,0x00
	.byte 0x0F,0x84,0x6E,0x00,0x00,0x00,0x4C,0x89,0xC7,0x4D,0x8B,0x96,0x88,0x00,0x00,0x00
	.byte 0x4D,0x8B,0x5E,0x68,0x4D,0x89,0x9E,0x88,0x00,0x00,0x00,0x4D,0x8B,0x5E,0x70,0x4D
	.byte 0x89,0x5E,0x68,0x4D,0x8B,0x9E,0x80,0x00,0x00,0x00,0x4D,0x89,0x5E,0x70,0x4D,0x8B
	.byte 0x5E,0x78,0x4D,0x89,0x9E,0x80,0x00,0x00,0x00,0x4D,0x8B,0x9E,0x90,0x00,0x00,0x00
	.byte 0x4D,0x89,0x5E,0x78,0x4D,0x89,0x96,0x90,0x00,0x00,0x00,0x4D,0x89,0x46,0x20,0x49
	.byte 0x89,0x76,0x28,0x41,0xBB,0x4C,0x01,0x00,0x00,0x4D,0x89,0x1E,0x48,0x8D,0x05,0x05
	.byte 0x00,0x00,0x00,0xE9,0xB8,0x26,0xFF,0xFF,0x49,0x8B,0x8E,0x88,0x00,0x00,0x00,0xE9
	.byte 0x3C,0x00,0x00,0x00,0x49,0x8B,0x4E,0x68,0x4D,0x8B,0x5E,0x70,0x4D,0x89,0x5E,0x68
	.byte 0x4D,0x8B,0x9E,0x80,0x00,0x00,0x00,0x4D,0x89,0x5E,0x70,0x4D,0x8B,0x5E,0x78,0x4D
	.byte 0x89,0x9E,0x80,0x00,0x00,0x00,0x4D,0x8B,0x9E,0x90,0x00,0x00,0x00,0x4D,0x89,0x5E
	.byte 0x78,0x4D,0x8B,0x9E,0x88,0x00,0x00,0x00,0x4D,0x89,0x9E,0x90,0x00,0x00,0x00,0x90
	.byte 0x48,0x89,0xF8,0x48,0x83,0xCF,0x08,0x48,0x89,0xFE,0x48,0xC1,0xEE,0x3F,0x48,0x09
	.byte 0xFE,0x48,0xF7,0xC6,0x01,0x00,0x00,0x00,0x0F,0x84,0x30,0x00,0x00,0x00,0xBE,0x08
	.byte 0x00,0x00,0x00,0x48,0x89,0xC7,0x49,0x89,0x76,0x28,0x49,0x89,0x86,0x88,0x00,0x00
	.byte 0x00,0x41,0xBB,0x4D,0x01,0x00,0x00,0x4D,0x89,0x1E,0x48,0x8D,0x05,0x05,0x00,0x00
	.byte 0x00,0xE9,0x34,0x26,0xFF,0xFF,0x48,0x89,0xFE,0xE9,0x0C,0x00,0x00,0x00,0x31,0xD2
	.byte 0x48,0xF7,0xF1,0x48,0x89,0xC6,0x48,0xC1,0xE6,0x02,0xBF,0x24,0x00,0x00,0x00,0x48
	.byte 0x01,0xF7,0xB8,0x00,0x00,0x00,0x00,0x40,0x0F,0x90,0xC0,0x48,0x89,0xF2,0x48,0x09
	.byte 0xC2,0x48,0x83,0xCA,0x24,0x48,0xF7,0xC2,0x01,0x00,0x00,0x00,0x0F,0x84,0x32,0x00
	.byte 0x00,0x00,0xBF,0x24,0x00,0x00,0x00,0x49,0x89,0xB6,0x88,0x00,0x00,0x00,0x49,0x89
	.byte 0x7E,0x28,0x41,0xBB,0x4E,0x01,0x00,0x00,0x4D,0x89,0x1E,0x48,0x8D,0x05,0x06,0x00
	.byte 0x00,0x00,0xE9,0xB7,0x25,0xFF,0xFF,0x90,0x49,0x89,0xBE,0x88,0x00,0x00,0x00,0xE9
	.byte 0x08,0x00,0x00,0x00,0x49,0x89,0xBE,0x88,0x00,0x00,0x00,0x90,0x49,0x8B,0x45,0xD8
	.byte 0x49,0x8B,0x7D,0xF8,0x48,0x29,0xF8,0x48,0x83,0xF8,0x70,0x0F,0x82,0x5B,0x00,0x00
	.byte 0x00,0x4D,0x8B,0xBE,0x90,0x00,0x00,0x00,0x49,0x8B,0xB6,0x88,0x00,0x00,0x00,0x4D
	.byte 0x8B,0x8E,0x80,0x00,0x00,0x00,0x4D,0x8B,0x5E,0x78,0x4D,0x89,0x9E,0x90,0x00,0x00
	.byte 0x00,0x4D,0x8B,0x5E,0x68,0x4D,0x89,0x9E,0x80,0x00,0x00,0x00,0x49,0x8B,0x56,0x60
	.byte 0x4D,0x8B,0x46,0x58,0x4D,0x8B,0x5E,0x50,0x4D,0x89,0x9E,0x88,0x00,0x00,0x00,0x4D
	.byte 0x8B,0x5E,0x48,0x4D,0x89,0x5E,0x78,0x4D,0x8B,0x5E,0x40,0x4D,0x89,0x5E,0x68,0x49
	.byte 0x8B,0x4E,0x38,0x49,0x8B,0x5E,0x30,0xE9,0x70,0x00,0x00,0x00,0xBF,0x70,0x00,0x00
	.byte 0x00,0x41,0xBB,0x4F,0x01,0x00,0x00,0x4D,0x89,0x1E,0x48,0x8D,0x05,0x05,0x00,0x00
	.byte 0x00,0xE9,0xA2,0x18,0xFF,0xFF,0x4D,0x8B,0xBE,0x90,0x00,0x00,0x00,0x49,0x8B,0xB6
	.byte 0x88,0x00,0x00,0x00,0x4D,0x8B,0x8E,0x80,0x00,0x00,0x00,0x4D,0x8B,0x5E,0x78,0x4D
	.byte 0x89,0x9E,0x90,0x00,0x00,0x00,0x4D,0x8B,0x5E,0x68,0x4D,0x89,0x9E,0x80,0x00,0x00
	.byte 0x00,0x49,0x8B,0x56,0x60,0x4D,0x8B,0x46,0x58,0x4D,0x8B,0x5E,0x50,0x4D,0x89,0x9E
	.byte 0x88,0x00,0x00,0x00,0x4D,0x8B,0x5E,0x48,0x4D,0x89,0x5E,0x78,0x4D,0x8B,0x5E,0x40
	.byte 0x4D,0x89,0x5E,0x68,0x49,0x8B,0x4E,0x38,0x49,0x8B,0x5E,0x30,0x49,0x8B,0x45,0xB8
	.byte 0x48,0x8B,0x78,0x10,0x48,0x89,0xF0,0x48,0xD1,0xE0,0x4C,0x01,0xE0,0x48,0xC1,0xEF
	.byte 0x09,0x48,0x01,0xF8,0x48,0x8B,0x70,0x08,0x49,0x8B,0x7D,0xF8,0x48,0xB8,0xF3,0x01
	.byte 0x00,0x00,0x0D,0x00,0x00,0x00,0x48,0x89,0x07,0x48,0x89,0xF8,0x48,0x89,0x70,0x08
	.byte 0x48,0x89,0x50,0x10,0x48,0x89,0x48,0x18,0x4C,0x89,0x40,0x20,0x4C,0x89,0x48,0x28
	.byte 0x4D,0x8B,0x56,0x68,0x4C,0x89,0x50,0x30,0x4D,0x8B,0x56,0x70,0x4C,0x89,0x50,0x38
	.byte 0x4D,0x8B,0x56,0x78,0x4C,0x89,0x50,0x40,0x4D,0x8B,0x96,0x80,0x00,0x00,0x00,0x4C
	.byte 0x89,0x50,0x48,0x48,0x89,0x58,0x50,0x4C,0x89,0x78,0x58,0x4D,0x8B,0x96,0x88,0x00
	.byte 0x00,0x00,0x4C,0x89,0x50,0x60,0x4D,0x8B,0x96,0x90,0x00,0x00,0x00,0x4C,0x89,0x50
	.byte 0x68,0x48,0x89,0xC7,0x4C,0x29,0xE7,0x48,0xC1,0xE7,0x09,0x48,0x81,0xCF,0xFB,0x01
	.byte 0x00,0x00,0x48,0x83,0xC0,0x70,0x49,0x89,0x45,0xF8,0x4D,0x8B,0x9E,0x98,0x00,0x00
	.byte 0x00,0x49,0x81,0xC6,0xA0,0x00,0x00,0x00,0x41,0xFF,0xE3,0x90,0x48,0xA9,0x01,0x00
	.byte 0x00,0x00,0x0F,0x84,0x1C,0x00,0x00,0x00,0x49,0x89,0x46,0x38,0x48,0xC1,0xE8,0x09
	.byte 0x4C,0x01,0xE0,0x48,0x8B,0x30,0x48,0xC1,0xEE,0x20,0x48,0xC1,0xE6,0x02,0xE9,0x07
	.byte 0x00,0x00,0x00,0x90,0x31,0xF6,0x49,0x89,0x46,0x38,0x48,0xBF,0xF4,0xFF,0xFF,0xFF
	.byte 0xFF,0xFF,0xFF,0xFF,0x48,0x01,0xF7,0xB8,0x00,0x00,0x00,0x00,0x40,0x0F,0x90,0xC0
	.byte 0x48,0x89,0xF2,0x48,0x09,0xC2,0x48,0x83,0xCA,0xF4,0x48,0xF7,0xC2,0x01,0x00,0x00
	.byte 0x00,0x0F,0x84,0x75,0x00,0x00,0x00,0x48,0xBF,0xF4,0xFF,0xFF,0xFF,0xFF,0xFF,0xFF
	.byte 0xFF,0x4D,0x8B,0x5E,0x48,0x4D,0x89,0x5E,0x18,0x49,0x89,0x76,0x48,0x4D,0x8B,0x96
	.byte 0x90,0x00,0x00,0x00,0x4D,0x8B,0x5E,0x40,0x4D,0x89,0x9E,0x90,0x00,0x00,0x00,0x4D
	.byte 0x8B,0x5E,0x70,0x4D,0x89,0x5E,0x40,0x4D,0x89,0x56,0x70,0x4D,0x8B,0x5E,0x58,0x4D
	.byte 0x89,0x5E,0x30,0x4D,0x8B,0x5E,0x60,0x4D,0x89,0x5E,0x58,0x49,0x89,0x7E,0x60,0x41
	.byte 0xBB,0x50,0x01,0x00,0x00,0x4D,0x89,0x1E,0x48,0x8D,0x05,0x05,0x00,0x00,0x00,0xE9
	.byte 0x5A,0x23,0xFF,0xFF,0x49,0x8B,0xB6,0x90,0x00,0x00,0x00,0x49,0x8B,0x46,0x38,0x49
	.byte 0x89,0xBE,0x90,0x00,0x00,0x00,0xE9,0x3B,0x00,0x00,0x00,0x90,0x49,0x8B,0x76,0x40
	.byte 0x4D,0x8B,0x5E,0x70,0x4D,0x89,0x5E,0x40,0x4D,0x8B,0x9E,0x90,0x00,0x00,0x00,0x4D
	.byte 0x89,0x5E,0x70,0x49,0x89,0xBE,0x90,0x00,0x00,0x00,0x4D,0x8B,0x5E,0x58,0x4D,0x89
	.byte 0x5E,0x30,0x4D,0x8B,0x5E,0x60,0x4D,0x89,0x5E,0x58,0x49,0x8B,0x46,0x38,0x4D,0x8B
	.byte 0x5E,0x48,0x4D,0x89,0x5E,0x18,0x49,0x89,0x46,0x48,0x48,0xC1,0xE8,0x09,0x4C,0x01
	.byte 0xE0,0x48,0x8B,0x50,0x18,0xBF,0x28,0x00,0x00,0x00,0x48,0x01,0xF7,0xB8,0x00,0x00
	.byte 0x00,0x00,0x40,0x0F,0x90,0xC0,0x49,0x89,0x76,0x60,0x48,0x09,0xC6,0x48,0x83,0xCE
	.byte 0x28,0x48,0xF7,0xC6,0x01,0x00,0x00,0x00,0x0F,0x84,0x60,0x00,0x00,0x00,0xBF,0x28
	.byte 0x00,0x00,0x00,0x49,0x8B,0x76,0x60,0x4D,0x8B,0x9E,0x88,0x00,0x00,0x00,0x4D,0x89
	.byte 0x5E,0x28,0x49,0x89,0xBE,0x88,0x00,0x00,0x00,0x4D,0x8B,0x5E,0x78,0x4D,0x89,0x5E
	.byte 0x38,0x4D,0x8B,0x5E,0x70,0x4D,0x89,0x5E,0x78,0x4D,0x8B,0x5E,0x68,0x4D,0x89,0x5E
	.byte 0x20,0x4D,0x8B,0x5E,0x58,0x4D,0x89,0x5E,0x70,0x49,0x89,0x56,0x10,0x41,0xBB,0x51
	.byte 0x01,0x00,0x00,0x4D,0x89,0x1E,0x48,0x8D,0x05,0x05,0x00,0x00,0x00,0xE9,0x7C,0x22
	.byte 0xFF,0xFF,0x49,0x8B,0xB6,0x90,0x00,0x00,0x00,0xE9,0x36,0x00,0x00,0x00,0x4D,0x8B
	.byte 0x9E,0x88,0x00,0x00,0x00,0x4D,0x89,0x5E,0x28,0x4D,0x8B,0x5E,0x78,0x4D,0x89,0x5E
	.byte 0x38,0x49,0x8B,0xB6,0x90,0x00,0x00,0x00,0x4D,0x8B,0x5E,0x70,0x4D,0x89,0x5E,0x78
	.byte 0x4D,0x8B,0x5E,0x68,0x4D,0x89,0x5E,0x20,0x4D,0x8B,0x5E,0x58,0x4D,0x89,0x5E,0x70
	.byte 0x49,0x89,0x56,0x10,0x48,0x89,0xF9,0x48,0x01,0xF1,0xB8,0x00,0x00,0x00,0x00,0x40
	.byte 0x0F,0x90,0xC0,0x48,0x89,0xF2,0x48,0x09,0xFA,0x48,0x09,0xC2,0x48,0xF7,0xC2,0x01
	.byte 0x00,0x00,0x00,0x0F,0x84,0x37,0x00,0x00,0x00,0x49,0x89,0xB6,0x90,0x00,0x00,0x00
	.byte 0x49,0x89,0xBE,0x88,0x00,0x00,0x00,0x41,0xBB,0x52,0x01,0x00,0x00,0x4D,0x89,0x1E
	.byte 0x48,0x8D,0x05,0x05,0x00,0x00,0x00,0xE9,0xF2,0x21,0xFF,0xFF,0x49,0x8B,0xB6,0x90
	.byte 0x00,0x00,0x00,0x49,0x89,0xBE,0x90,0x00,0x00,0x00,0xE9,0x09,0x00,0x00,0x00,0x90
	.byte 0x49,0x89,0x8E,0x90,0x00,0x00,0x00,0x90,0xBF,0x24,0x00,0x00,0x00,0x48,0x01,0xF7
	.byte 0xB8,0x00,0x00,0x00,0x00,0x40,0x0F,0x90,0xC0,0x49,0x89,0xB6,0x88,0x00,0x00,0x00
	.byte 0x48,0x09,0xC6,0x48,0x83,0xCE,0x24,0x48,0xF7,0xC6,0x01,0x00,0x00,0x00,0x0F,0x84
	.byte 0x3A,0x00,0x00,0x00,0xBF,0x24,0x00,0x00,0x00,0x49,0x8B,0xB6,0x88,0x00,0x00,0x00
	.byte 0x49,0x89,0x7E,0x68,0x41,0xBB,0x53,0x01,0x00,0x00,0x4D,0x89,0x1E,0x48,0x8D,0x05
	.byte 0x06,0x00,0x00,0x00,0xE9,0x85,0x21,0xFF,0xFF,0x90,0x49,0x8B,0x8E,0x90,0x00,0x00
	.byte 0x00,0x49,0x89,0xBE,0x90,0x00,0x00,0x00,0xE9,0x0F,0x00,0x00,0x00,0x90,0x49,0x8B
	.byte 0x8E,0x90,0x00,0x00,0x00,0x49,0x89,0xBE,0x90,0x00,0x00,0x00,0xBA,0x08,0x00,0x00
	.byte 0x00,0x48,0xBF,0xFC,0xFF,0xFF,0xFF,0xFF,0xFF,0xFF,0xFF,0x48,0x01,0xCF,0xB8,0x00
	.byte 0x00,0x00,0x00,0x40,0x0F,0x90,0xC0,0x48,0x89,0xCE,0x48,0x09,0xC6,0x48,0x83,0xCE
	.byte 0xFC,0x48,0xF7,0xC6,0x01,0x00,0x00,0x00,0x0F,0x84,0x50,0x00,0x00,0x00,0x48,0xBF
	.byte 0xFC,0xFF,0xFF,0xFF,0xFF,0xFF,0xFF,0xFF,0x48,0x89,0xCE,0x49,0x89,0x7E,0x08,0x4D
	.byte 0x8B,0x5E,0x70,0x4D,0x89,0x5E,0x68,0x49,0x89,0x4E,0x70,0x49,0x89,0x56,0x58,0x41
	.byte 0xBB,0x54,0x01,0x00,0x00,0x4D,0x89,0x1E,0x48,0x8D,0x05,0x05,0x00,0x00,0x00,0xE9
	.byte 0xFA,0x20,0xFF,0xFF,0x49,0x8B,0x4E,0x70,0x4D,0x8B,0x5E,0x68,0x4D,0x89,0x5E,0x70
	.byte 0x4D,0x8B,0x5E,0x58,0x4D,0x89,0x5E,0x68,0xE9,0x05,0x00,0x00,0x00,0x90,0x49,0x89
	.byte 0x56,0x68,0x48,0x89,0xF8,0x48,0xD1,0xE8,0x48,0x89,0xCE,0x48,0xF7,0xE6,0x48,0x89
	.byte 0xCE,0x48,0x09,0xF9,0x48,0x83,0xE1,0x01,0x48,0x09,0xD1,0x48,0xD1,0xE8,0x48,0x83
	.byte 0xF9,0x00,0x0F,0x84,0x2A,0x00,0x00,0x00,0x49,0x89,0x76,0x08,0x49,0x89,0x7E,0x58
	.byte 0x41,0xBB,0x55,0x01,0x00,0x00,0x4D,0x89,0x1E,0x48,0x8D,0x05,0x06,0x00,0x00,0x00
	.byte 0xE9,0xAB,0x20,0xFF,0xFF,0x90,0x48,0x89,0xF8,0x49,0x8B,0x4E,0x68,0xE9,0x04,0x00
	.byte 0x00,0x00,0x49,0x8B,0x4E,0x68,0x48,0x89,0xC6,0x48,0x83,0xCE,0x08,0x48,0x89,0xF7
	.byte 0x48,0xC1,0xEF,0x3F,0x48,0x09,0xF7,0x48,0xF7,0xC7,0x01,0x00,0x00,0x00,0x0F,0x84
	.byte 0x44,0x00,0x00,0x00,0xBE,0x08,0x00,0x00,0x00,0x48,0x89,0xC7,0x49,0x89,0x46,0x68
	.byte 0x49,0x89,0x76,0x58,0x41,0xBB,0x56,0x01,0x00,0x00,0x4D,0x89,0x1E,0x48,0x8D,0x05
	.byte 0x06,0x00,0x00,0x00,0xE9,0x61,0x20,0xFF,0xFF,0x90,0x48,0x89,0xFA,0x49,0x8B,0xB6
	.byte 0x90,0x00,0x00,0x00,0x4D,0x8B,0x9E,0x88,0x00,0x00,0x00,0x4D,0x89,0x9E,0x90,0x00
	.byte 0x00,0x00,0xE9,0x23,0x00,0x00,0x00,0x90,0x31,0xD2,0x48,0xF7,0xF1,0x48,0x89,0xC2
	.byte 0x48,0xC1,0xE2,0x02,0x49,0x8B,0xB6,0x90,0x00,0x00,0x00,0x4D,0x8B,0x9E,0x88,0x00
	.byte 0x00,0x00,0x4D,0x89,0x9E,0x90,0x00,0x00,0x00,0x90,0x48,0x89,0xD7,0x48,0x01,0xF7
	.byte 0xB8,0x00,0x00,0x00,0x00,0x40,0x0F,0x90,0xC0,0x48,0x89,0xF1,0x48,0x09,0xD1,0x48
	.byte 0x09,0xC1,0x48,0xF7,0xC1,0x01,0x00,0x00,0x00,0x0F,0x84,0x2F,0x00,0x00,0x00,0x48
	.byte 0x89,0xD7,0x49,0x89,0xB6,0x88,0x00,0x00,0x00,0x49,0x89,0x56,0x68,0x41,0xBB,0x57
	.byte 0x01,0x00,0x00,0x4D,0x89,0x1E,0x48,0x8D,0x05,0x05,0x00,0x00,0x00,0xE9,0xBC,0x1F
	.byte 0xFF,0xFF,0x49,0x8B,0xB6,0x90,0x00,0x00,0x00,0xE9,0x08,0x00,0x00,0x00,0x49,0x8B
	.byte 0xB6,0x90,0x00,0x00,0x00,0x90,0x49,0x8B,0x45,0xB8,0x48,0x8B,0x40,0x10,0x48,0xD1
	.byte 0xE7,0x4C,0x01,0xE7,0x48,0xC1,0xE8,0x09,0x48,0x01,0xC7,0x48,0x8B,0x57,0x08,0xBF
	.byte 0x34,0x00,0x00,0x00,0x48,0x01,0xF7,0xB8,0x00,0x00,0x00,0x00,0x40,0x0F,0x90,0xC0
	.byte 0x49,0x89,0xB6,0x90,0x00,0x00,0x00,0x48,0x09,0xC6,0x48,0x83,0xCE,0x34,0x48,0xF7
	.byte 0xC6,0x01,0x00,0x00,0x00,0x0F,0x84,0x33,0x00,0x00,0x00,0xBF,0x34,0x00,0x00,0x00
	.byte 0x49,0x8B,0xB6,0x90,0x00,0x00,0x00,0x49,0x89,0x56,0x68,0x49,0x89,0xBE,0x88,0x00
	.byte 0x00,0x00,0x41,0xBB,0x58,0x01,0x00,0x00,0x4D,0x89,0x1E,0x48,0x8D,0x05,0x06,0x00
	.byte 0x00,0x00,0xE9,0x37,0x1F,0xFF,0xFF,0x90,0xE9,0x05,0x00,0x00,0x00,0x90,0x49,0x89
	.byte 0x56,0x68,0xB8,0x0C,0x00,0x00,0x00,0x48,0xF7,0xC7,0x01,0x00,0x00,0x00,0x0F,0x84
	.byte 0xAE,0x00,0x00,0x00,0x48,0xBF,0xFF,0xFF,0xFF,0xFF,0xFF,0xFF,0xFF,0xFF,0x41,0xBB
	.byte 0x59,0x01,0x00,0x00,0x4D,0x89,0x1E,0x48,0x8D,0x05,0x06,0x00,0x00,0x00,0xE9,0x85
	.byte 0x12,0xFF,0xFF,0x90,0x45,0x31,0xDB,0x4D,0x89,0x5E,0x18,0x4D,0x8B,0x5E,0x18,0x4D
	.byte 0x89,0x5E,0x68,0x4D,0x8B,0x5E,0x18,0x4D,0x89,0x5E,0x28,0x4D,0x8B,0x5E,0x18,0x4D
	.byte 0x89,0x9E,0x80,0x00,0x00,0x00,0x4D,0x8B,0x5E,0x18,0x4D,0x89,0x5E,0x38,0x4D,0x8B
	.byte 0x5E,0x18,0x4D,0x89,0x9E,0x90,0x00,0x00,0x00,0x49,0x8B,0x7E,0x18,0x4D,0x8B,0x5E
	.byte 0x18,0x4D,0x89,0x5E,0x78,0x4D,0x8B,0x5E,0x18,0x4D,0x89,0x5E,0x40,0x4D,0x8B,0x5E
	.byte 0x18,0x4D,0x89,0x5E,0x60,0x4D,0x8B,0x5E,0x18,0x4D,0x89,0x5E,0x20,0x4D,0x8B,0x5E
	.byte 0x18,0x4D,0x89,0x5E,0x70,0x4D,0x8B,0x5E,0x18,0x4D,0x89,0x5E,0x30,0x4D,0x8B,0x5E
	.byte 0x18,0x4D,0x89,0x5E,0x50,0x4D,0x8B,0x5E,0x18,0x4D,0x89,0x5E,0x10,0x4D,0x8B,0x5E
	.byte 0x18,0x4D,0x89,0x5E,0x58,0x4D,0x8B,0x5E,0x18,0x4D,0x89,0x5E,0x48,0xE9,0x04,0x00
	.byte 0x00,0x00,0x49,0x89,0x46,0x58,0x49,0x89,0xBE,0x88,0x00,0x00,0x00,0x48,0xC1,0xEF
	.byte 0x02,0x49,0xBA,0x00,0x00,0x00,0x00,0x01,0x00,0x00,0x00,0x4C,0x39,0xD7,0x0F,0x82
	.byte 0x10,0x00,0x00,0x00,0x48,0xBF,0xFF,0xFF,0xFF,0xFF,0xFF,0xFF,0xFF,0xFF,0xE9,0x09
	.byte 0x00,0x00,0x00,0x90,0x48,0x83,0xC7,0x01,0x48,0xC1,0xE7,0x03,0x49,0x8B,0x45,0xD8
	.byte 0x49,0x8B,0x75,0xF8,0x48,0x29,0xF0,0x48,0x39,0xF8,0x0F,0x82,0x36,0x00,0x00,0x00
	.byte 0x4D,0x8B,0x8E,0x90,0x00,0x00,0x00,0x49,0x8B,0x86,0x88,0x00,0x00,0x00,0x4D,0x8B
	.byte 0x5E,0x78,0x4D,0x89,0x9E,0x88,0x00,0x00,0x00,0x4D,0x8B,0x5E,0x70,0x4D,0x89,0x5E
	.byte 0x78,0x49,0x8B,0x5E,0x58,0x4D,0x8B,0x7E,0x48,0x4D,0x8B,0x5E,0x18,0x4D,0x89,0x5E
	.byte 0x70,0xE9,0x48,0x00,0x00,0x00,0x41,0xBB,0x5A,0x01,0x00,0x00,0x4D,0x89,0x1E,0x48
	.byte 0x8D,0x05,0x06,0x00,0x00,0x00,0xE9,0x5D,0x11,0xFF,0xFF,0x90,0x4D,0x8B,0x8E,0x90
	.byte 0x00,0x00,0x00,0x49,0x8B,0x86,0x88,0x00,0x00,0x00,0x4D,0x8B,0x5E,0x78,0x4D,0x89
	.byte 0x9E,0x88,0x00,0x00,0x00,0x4D,0x8B,0x5E,0x70,0x4D,0x89,0x5E,0x78,0x49,0x8B,0x5E
	.byte 0x58,0x4D,0x8B,0x7E,0x48,0x4D,0x8B,0x5E,0x18,0x4D,0x89,0x5E,0x70,0x90,0x49,0x8B
	.byte 0x7D,0xF8,0x48,0x89,0xC6,0x48,0xC1,0xE6,0x1E,0x48,0x81,0xCE,0xF3,0x01,0x00,0x00
	.byte 0x48,0x89,0xC2,0x49,0x89,0x46,0x18,0x48,0xC1,0xEA,0x02,0x48,0x89,0xF8,0x48,0x89
	.byte 0x30,0x48,0x89,0xC1,0x4D,0x8B,0x56,0x68,0x4C,0x89,0x51,0x08,0x4D,0x8B,0x56,0x60
	.byte 0x4C,0x89,0x51,0x10,0x4D,0x8B,0x56,0x10,0x4C,0x89,0x51,0x18,0x4D,0x8B,0x56,0x20
	.byte 0x4C,0x89,0x51,0x20,0x4D,0x8B,0x56,0x38,0x4C,0x89,0x51,0x28,0x4D,0x8B,0x56,0x50
	.byte 0x4C,0x89,0x51,0x30,0x4D,0x8B,0x96,0x80,0x00,0x00,0x00,0x4C,0x89,0x51,0x38,0x4D
	.byte 0x8B,0x56,0x30,0x4C,0x89,0x51,0x40,0x4D,0x8B,0x56,0x40,0x4C,0x89,0x51,0x48,0x4D
	.byte 0x8B,0x56,0x70,0x4C,0x89,0x51,0x50,0x4D,0x8B,0x56,0x28,0x4C,0x89,0x51,0x58,0x4D
	.byte 0x8B,0x56,0x78,0x4C,0x89,0x51,0x60,0x4D,0x8B,0x96,0x88,0x00,0x00,0x00,0x4C,0x89
	.byte 0x51,0x68,0x49,0x8B,0x7D,0xF8,0x4C,0x29,0xE7,0x48,0xC1,0xE7,0x09,0x48,0x83,0xCF
	.byte 0x01,0x48,0x81,0xCF,0xE0,0x01,0x00,0x00,0x48,0x83,0xFA,0x0F,0x0F,0x82,0x10,0x00
	.byte 0x00,0x00,0x48,0x83,0xCF,0x1E,0x48,0x89,0xD0,0x49,0x89,0xF8,0xE9,0x13,0x00,0x00
	.byte 0x00,0x90,0x48,0x89,0xD0,0x48,0x89,0xD6,0x48,0xD1,0xE0,0x48,0x09,0xF8,0x49,0x89
	.byte 0xC0,0x48,0x89,0xF0,0x48,0xC1,0xE0,0x03,0x48,0x89,0xCF,0x48,0x01,0xF8,0x48,0x83
	.byte 0xC0,0x08,0x49,0x89,0x45,0xF8,0x48,0x89,0xFA,0x4C,0x89,0xCF,0x48,0x83,0xC2,0x70
	.byte 0x48,0x89,0xDE,0x49,0x89,0x9E,0x90,0x00,0x00,0x00,0x48,0xD1,0xE6,0x4C,0x01,0xE6
	.byte 0x4C,0x89,0xF8,0x4D,0x89,0x7E,0x48,0x48,0xC1,0xE8,0x09,0x48,0x01,0xC6,0x48,0x83
	.byte 0xC6,0x08,0x48,0x85,0xFF,0x0F,0x84,0x29,0x00,0x00,0x00,0x4C,0x89,0xC1,0x49,0x89
	.byte 0x7E,0x58,0x41,0xBB,0x5B,0x01,0x00,0x00,0x4D,0x89,0x1E,0x48,0x8D,0x05,0x06,0x00
	.byte 0x00,0x00,0xE9,0x41,0x22,0xFF,0xFF,0x90,0x49,0x8B,0x86,0x98,0x00,0x00,0x00,0xE9
	.byte 0x0A,0x00,0x00,0x00,0x49,0x8B,0x86,0x98,0x00,0x00,0x00,0x4C,0x89,0xC7,0x49,0x81
	.byte 0xC6,0xA0,0x00,0x00,0x00,0xFF,0xE0,0x90,0x48,0xC1,0xEE,0x09,0x4C,0x01,0xE6,0x48
	.byte 0x8B,0x56,0x18,0x48,0x8B,0x76,0x20,0x48,0x89,0xD1,0x48,0xC1,0xE9,0x09,0x4C,0x01
	.byte 0xE1,0x48,0x8B,0x49,0x08,0xFF,0xE1,0x90,0x48,0xC1,0xEA,0x09,0x4C,0x01,0xE2,0x48
	.byte 0x8B,0x4A,0x18,0x48,0x8B,0x52,0x20,0x49,0x89,0xC8,0x49,0xC1,0xE8,0x09,0x4D,0x01
	.byte 0xE0,0x4D,0x8B,0x40,0x08,0x41,0xFF,0xE0,0x48,0xC1,0xEE,0x09,0x4C,0x01,0xE6,0x48
	.byte 0x8B,0x4E,0x18,0x48,0x89,0xF2,0x48,0x8B,0x72,0x20,0x48,0x8B,0x52,0x28,0x49,0x89
	.byte 0xC8,0x49,0xC1,0xE8,0x09,0x4D,0x01,0xE0,0x4D,0x8B,0x40,0x08,0x41,0xFF,0xE0,0x90
	.byte 0x48,0xC1,0xE9,0x09,0x4C,0x01,0xE1,0x4C,0x8B,0x41,0x18,0x48,0x8B,0x49,0x20,0x4D
	.byte 0x89,0xC1,0x49,0xC1,0xE9,0x09,0x4D,0x01,0xE1,0x4D,0x8B,0x49,0x08,0x41,0xFF,0xE1
	.byte 0x48,0x89,0xD1,0x48,0xC1,0xE9,0x09,0x4C,0x01,0xE1,0x4C,0x8B,0x41,0x18,0x48,0x8B
	.byte 0x51,0x20,0x48,0x8B,0x49,0x28,0x4D,0x89,0xC1,0x49,0xC1,0xE9,0x09,0x4D,0x01,0xE1
	.byte 0x4D,0x8B,0x49,0x08,0x41,0xFF,0xE1,0x90,0x48,0xC1,0xEE,0x09,0x4C,0x01,0xE6,0x4C
	.byte 0x8B,0x46,0x18,0x48,0x8B,0x5E,0x20,0x48,0x8B,0x56,0x28,0x48,0x8B,0x4E,0x30,0x4C
	.byte 0x89,0xC6,0x48,0xC1,0xEE,0x09,0x4C,0x01,0xE6,0x4C,0x8B,0x4E,0x08,0x48,0x89,0xDE
	.byte 0x41,0xFF,0xE1,0x90,0x49,0xC1,0xE8,0x09,0x4D,0x01,0xE0,0x4D,0x8B,0x48,0x18,0x4D
	.byte 0x8B,0x40,0x20,0x4C,0x89,0xCB,0x48,0xC1,0xEB,0x09,0x4C,0x01,0xE3,0x48,0x8B,0x5B
	.byte 0x08,0xFF,0xE3,0x90,0x49,0x89,0xC8,0x49,0xC1,0xE8,0x09,0x4D,0x01,0xE0,0x4D,0x8B
	.byte 0x48,0x18,0x49,0x8B,0x48,0x20,0x4D,0x8B,0x40,0x28,0x4C,0x89,0xCB,0x48,0xC1,0xEB
	.byte 0x09,0x4C,0x01,0xE3,0x48,0x8B,0x5B,0x08,0xFF,0xE3,0x49,0x89,0xD0,0x49,0xC1,0xE8
	.byte 0x09,0x4D,0x01,0xE0,0x4D,0x8B,0x48,0x18,0x49,0x8B,0x50,0x20,0x49,0x8B,0x48,0x28
	.byte 0x4D,0x8B,0x40,0x30,0x4C,0x89,0xCB,0x48,0xC1,0xEB,0x09,0x4C,0x01,0xE3,0x48,0x8B
	.byte 0x5B,0x08,0xFF,0xE3,0x49,0x89,0xF0,0x49,0xC1,0xE8,0x09,0x4D,0x01,0xE0,0x4D,0x8B
	.byte 0x48,0x18,0x49,0x8B,0x70,0x20,0x49,0x8B,0x50,0x28,0x49,0x8B,0x48,0x30,0x4D,0x8B
	.byte 0x40,0x38,0x4C,0x89,0xCB,0x48,0xC1,0xEB,0x09,0x4C,0x01,0xE3,0x48,0x8B,0x5B,0x08
	.byte 0xFF,0xE3,0x49,0xC1,0xE9,0x09,0x4D,0x01,0xE1,0x49,0x8B,0x59,0x18,0x4D,0x8B,0x49
	.byte 0x20,0x49,0x89,0xDF,0x49,0xC1,0xEF,0x09,0x4D,0x01,0xE7,0x4D,0x8B,0x7F,0x08,0x41
	.byte 0xFF,0xE7,0x4D,0x89,0xC1,0x49,0xC1,0xE9,0x09,0x4D,0x01,0xE1,0x49,0x8B,0x59,0x18
	.byte 0x4D,0x8B,0x41,0x20,0x4D,0x8B,0x49,0x28,0x49,0x89,0xDF,0x49,0xC1,0xEF,0x09,0x4D
	.byte 0x01,0xE7,0x4D,0x8B,0x7F,0x08,0x41,0xFF,0xE7,0x90,0x49,0x89,0xC9,0x49,0xC1,0xE9
	.byte 0x09,0x4D,0x01,0xE1,0x49,0x8B,0x59,0x18,0x49,0x8B,0x49,0x20,0x4D,0x8B,0x41,0x28
	.byte 0x4D,0x8B,0x49,0x30,0x49,0x89,0xDF,0x49,0xC1,0xEF,0x09,0x4D,0x01,0xE7,0x4D,0x8B
	.byte 0x7F,0x08,0x41,0xFF,0xE7,0x90,0x49,0x89,0xD1,0x49,0xC1,0xE9,0x09,0x4D,0x01,0xE1
	.byte 0x49,0x8B,0x59,0x18,0x49,0x8B,0x51,0x20,0x49,0x8B,0x49,0x28,0x4D,0x8B,0x41,0x30
	.byte 0x4D,0x8B,0x49,0x38,0x49,0x89,0xDF,0x49,0xC1,0xEF,0x09,0x4D,0x01,0xE7,0x4D,0x8B
	.byte 0x7F,0x08,0x41,0xFF,0xE7,0x90,0x49,0x89,0xF1,0x49,0xC1,0xE9,0x09,0x4D,0x01,0xE1
	.byte 0x49,0x8B,0x59,0x18,0x49,0x8B,0x71,0x20,0x49,0x8B,0x51,0x28,0x49,0x8B,0x49,0x30
	.byte 0x4D,0x8B,0x41,0x38,0x4D,0x8B,0x49,0x40,0x49,0x89,0xDF,0x49,0xC1,0xEF,0x09,0x4D
	.byte 0x01,0xE7,0x4D,0x8B,0x7F,0x08,0x41,0xFF,0xE7,0x90,0x49,0x83,0xEE,0x10,0x4D,0x39
	.byte 0xEE,0x0F,0x82,0x65,0x0D,0xFF,0xFF,0x90,0x49,0x89,0xC7,0x48,0x89,0xD8,0x48,0xC1
	.byte 0xE8,0x09,0x4C,0x01,0xE0,0x4C,0x8B,0x58,0x18,0x4D,0x89,0x5E,0x08,0x48,0x8B,0x58
	.byte 0x20,0x49,0x8B,0x46,0x08,0x48,0xC1,0xE8,0x09,0x4C,0x01,0xE0,0x48,0x8B,0x40,0x08
	.byte 0x4D,0x89,0xFA,0x4D,0x8B,0x7E,0x08,0x49,0x89,0x46,0x08,0x4C,0x89,0xD0,0x4D,0x8B
	.byte 0x56,0x08,0x49,0x83,0xC6,0x10,0x41,0xFF,0xE2,0x90,0x49,0x83,0xEE,0x10,0x4D,0x39
	.byte 0xEE,0x0F,0x82,0x15,0x0D,0xFF,0xFF,0x90,0x49,0x89,0xC7,0x4C,0x89,0xC8,0x48,0xC1
	.byte 0xE8,0x09,0x4C,0x01,0xE0,0x4C,0x8B,0x58,0x18,0x4D,0x89,0x5E,0x08,0x4C,0x8B,0x48
	.byte 0x20,0x48,0x8B,0x58,0x28,0x49,0x8B,0x46,0x08,0x48,0xC1,0xE8,0x09,0x4C,0x01,0xE0
	.byte 0x48,0x8B,0x40,0x08,0x4D,0x89,0xFA,0x4D,0x8B,0x7E,0x08,0x49,0x89,0x46,0x08,0x4C
	.byte 0x89,0xD0,0x4D,0x8B,0x56,0x08,0x49,0x83,0xC6,0x10,0x41,0xFF,0xE2,0x90,0x49,0x83
	.byte 0xEE,0x10,0x4D,0x39,0xEE,0x0F,0x82,0xC1,0x0C,0xFF,0xFF,0x90,0x49,0x89,0xC7,0x4C
	.byte 0x89,0xC0,0x48,0xC1,0xE8,0x09,0x4C,0x01,0xE0,0x4C,0x8B,0x58,0x18,0x4D,0x89,0x5E
	.byte 0x08,0x4C,0x8B,0x40,0x20,0x4C,0x8B,0x48,0x28,0x48,0x8B,0x58,0x30,0x49,0x8B,0x46
	.byte 0x08,0x48,0xC1,0xE8,0x09,0x4C,0x01,0xE0,0x48,0x8B,0x40,0x08,0x4D,0x89,0xFA,0x4D
	.byte 0x8B,0x7E,0x08,0x49,0x89,0x46,0x08,0x4C,0x89,0xD0,0x4D,0x8B,0x56,0x08,0x49,0x83
	.byte 0xC6,0x10,0x41,0xFF,0xE2,0x90,0x49,0x83,0xEE,0x10,0x4D,0x39,0xEE,0x0F,0x82,0x69
	.byte 0x0C,0xFF,0xFF,0x90,0x49,0x89,0xC7,0x48,0x89,0xC8,0x48,0xC1,0xE8,0x09,0x4C,0x01
	.byte 0xE0,0x4C,0x8B,0x58,0x18,0x4D,0x89,0x5E,0x08,0x48,0x8B,0x48,0x20,0x4C,0x8B,0x40
	.byte 0x28,0x4C,0x8B,0x48,0x30,0x48,0x8B,0x58,0x38,0x49,0x8B,0x46,0x08,0x48,0xC1,0xE8
	.byte 0x09,0x4C,0x01,0xE0,0x48,0x8B,0x40,0x08,0x4D,0x89,0xFA,0x4D,0x8B,0x7E,0x08,0x49
	.byte 0x89,0x46,0x08,0x4C,0x89,0xD0,0x4D,0x8B,0x56,0x08,0x49,0x83,0xC6,0x10,0x41,0xFF
	.byte 0xE2,0x90,0x49,0x83,0xEE,0x10,0x4D,0x39,0xEE,0x0F,0x82,0x0D,0x0C,0xFF,0xFF,0x90
	.byte 0x49,0x89,0xC7,0x48,0x89,0xD0,0x48,0xC1,0xE8,0x09,0x4C,0x01,0xE0,0x4C,0x8B,0x58
	.byte 0x18,0x4D,0x89,0x5E,0x08,0x48,0x8B,0x50,0x20,0x48,0x8B,0x48,0x28,0x4C,0x8B,0x40
	.byte 0x30,0x4C,0x8B,0x48,0x38,0x48,0x8B,0x58,0x40,0x49,0x8B,0x46,0x08,0x48,0xC1,0xE8
	.byte 0x09,0x4C,0x01,0xE0,0x48,0x8B,0x40,0x08,0x4D,0x89,0xFA,0x4D,0x8B,0x7E,0x08,0x49
	.byte 0x89,0x46,0x08,0x4C,0x89,0xD0,0x4D,0x8B,0x56,0x08,0x49,0x83,0xC6,0x10,0x41,0xFF
	.byte 0xE2,0x90,0x49,0x83,0xEE,0x10,0x4D,0x39,0xEE,0x0F,0x82,0xAD,0x0B,0xFF,0xFF,0x90
	.byte 0x49,0x89,0xC7,0x48,0x89,0xF0,0x48,0xC1,0xE8,0x09,0x4C,0x01,0xE0,0x4C,0x8B,0x58
	.byte 0x18,0x4D,0x89,0x5E,0x08,0x48,0x8B,0x70,0x20,0x48,0x8B,0x50,0x28,0x48,0x8B,0x48
	.byte 0x30,0x4C,0x8B,0x40,0x38,0x4C,0x8B,0x48,0x40,0x48,0x8B,0x58,0x48,0x49,0x8B,0x46
	.byte 0x08,0x48,0xC1,0xE8,0x09,0x4C,0x01,0xE0,0x48,0x8B,0x40,0x08,0x4D,0x89,0xFA,0x4D
	.byte 0x8B,0x7E,0x08,0x49,0x89,0x46,0x08,0x4C,0x89,0xD0,0x4D,0x8B,0x56,0x08,0x49,0x83
	.byte 0xC6,0x10,0x41,0xFF,0xE2,0x90,0x49,0x83,0xEE,0x18,0x4D,0x39,0xEE,0x0F,0x82,0x49
	.byte 0x0B,0xFF,0xFF,0x90,0x49,0x89,0x46,0x10,0x4C,0x89,0xF8,0x49,0x89,0x5E,0x08,0x48
	.byte 0x89,0xFB,0x48,0xC1,0xE8,0x09,0x4C,0x01,0xE0,0x48,0x8B,0x78,0x18,0x4C,0x8B,0x78
	.byte 0x20,0x48,0x89,0xF8,0x48,0xC1,0xE8,0x09,0x4C,0x01,0xE0,0x48,0x8B,0x40,0x08,0x4D
	.byte 0x8B,0x56,0x10,0x49,0x89,0x7E,0x10,0x48,0x89,0xDF,0x49,0x8B,0x5E,0x08,0x49,0x89
	.byte 0x46,0x08,0x4C,0x89,0xD0,0x4D,0x8B,0x56,0x08,0x49,0x83,0xC6,0x10,0x41,0xFF,0xE2
	.byte 0x49,0x83,0xEE,0x18,0x4D,0x39,0xEE,0x0F,0x82,0xEF,0x0A,0xFF,0xFF,0x90,0x49,0x89
	.byte 0x46,0x10,0x48,0x89,0xD8,0x4C,0x89,0xCB,0x49,0x89,0xF9,0x48,0xC1,0xE8,0x09,0x4C
	.byte 0x01,0xE0,0x48,0x8B,0x78,0x18,0x4C,0x8B,0x58,0x20,0x4D,0x89,0x5E,0x08,0x4C,0x8B
	.byte 0x78,0x28,0x48,0x89,0xF8,0x48,0xC1,0xE8,0x09,0x4C,0x01,0xE0,0x48,0x8B,0x40,0x08
	.byte 0x4D,0x8B,0x56,0x10,0x49,0x89,0x7E,0x10,0x4C,0x89,0xCF,0x49,0x89,0xD9,0x49,0x8B
	.byte 0x5E,0x08,0x49,0x89,0x46,0x08,0x4C,0x89,0xD0,0x4D,0x8B,0x56,0x08,0x49,0x83,0xC6
	.byte 0x10,0x41,0xFF,0xE2,0x49,0x83,0xEE,0x18,0x4D,0x39,0xEE,0x0F,0x82,0x8B,0x0A,0xFF
	.byte 0xFF,0x90,0x49,0x89,0x46,0x10,0x4C,0x89,0xC8,0x48,0x89,0xFB,0x48,0xC1,0xE8,0x09
	.byte 0x4C,0x01,0xE0,0x48,0x8B,0x78,0x18,0x4C,0x8B,0x48,0x20,0x4C,0x8B,0x58,0x28,0x4D
	.byte 0x89,0x5E,0x08,0x4C,0x8B,0x78,0x30,0x48,0x89,0xF8,0x48,0xC1,0xE8,0x09,0x4C,0x01
	.byte 0xE0,0x48,0x8B,0x40,0x08,0x4D,0x8B,0x56,0x10,0x49,0x89,0x7E,0x10,0x48,0x89,0xDF
	.byte 0x49,0x8B,0x5E,0x08,0x49,0x89,0x46,0x08,0x4C,0x89,0xD0,0x4D,0x8B,0x56,0x08,0x49
	.byte 0x83,0xC6,0x10,0x41,0xFF,0xE2,0x49,0x83,0xEE,0x18,0x4D,0x39,0xEE,0x0F,0x82,0x29
	.byte 0x0A,0xFF,0xFF,0x90,0x49,0x89,0x46,0x10,0x4C,0x89,0xC0,0x49,0x89,0xF9,0x48,0xC1
	.byte 0xE8,0x09,0x4C,0x01,0xE0,0x48,0x8B,0x78,0x18,0x4C,0x8B,0x40,0x20,0x48,0x8B,0x58
	.byte 0x28,0x4C,0x8B,0x58,0x30,0x4D,0x89,0x5E,0x08,0x4C,0x8B,0x78,0x38,0x48,0x89,0xF8
	.byte 0x48,0xC1,0xE8,0x09,0x4C,0x01,0xE0,0x48,0x8B,0x40,0x08,0x4D,0x8B,0x56,0x10,0x49
	.byte 0x89,0x7E,0x10,0x4C,0x89,0xCF,0x49,0x89,0xD9,0x49,0x8B,0x5E,0x08,0x49,0x89,0x46
	.byte 0x08,0x4C,0x89,0xD0,0x4D,0x8B,0x56,0x08,0x49,0x83,0xC6,0x10,0x41,0xFF,0xE2,0x90
	.byte 0x49,0x83,0xEE,0x18,0x4D,0x39,0xEE,0x0F,0x82,0xBF,0x09,0xFF,0xFF,0x90,0x49,0x89
	.byte 0x46,0x10,0x48,0x89,0xC8,0x48,0x89,0xFB,0x48,0xC1,0xE8,0x09,0x4C,0x01,0xE0,0x48
	.byte 0x8B,0x78,0x18,0x48,0x8B,0x48,0x20,0x4C,0x8B,0x40,0x28,0x4C,0x8B,0x48,0x30,0x4C
	.byte 0x8B,0x58,0x38,0x4D,0x89,0x5E,0x08,0x4C,0x8B,0x78,0x40,0x48,0x89,0xF8,0x48,0xC1
	.byte 0xE8,0x09,0x4C,0x01,0xE0,0x48,0x8B,0x40,0x08,0x4D,0x8B,0x56,0x10,0x49,0x89,0x7E
	.byte 0x10,0x48,0x89,0xDF,0x49,0x8B,0x5E,0x08,0x49,0x89,0x46,0x08,0x4C,0x89,0xD0,0x4D
	.byte 0x8B,0x56,0x08,0x49,0x83,0xC6,0x10,0x41,0xFF,0xE2,0x49,0x83,0xEE,0x18,0x4D,0x39
	.byte 0xEE,0x0F,0x82,0x55,0x09,0xFF,0xFF,0x90,0x49,0x89,0x46,0x10,0x48,0x89,0xD0,0x49
	.byte 0x89,0xF9,0x48,0xC1,0xE8,0x09,0x4C,0x01,0xE0,0x48,0x8B,0x78,0x18,0x48,0x8B,0x50
	.byte 0x20,0x48,0x8B,0x48,0x28,0x4C,0x8B,0x40,0x30,0x48,0x8B,0x58,0x38,0x4C,0x8B,0x58
	.byte 0x40,0x4D,0x89,0x5E,0x08,0x4C,0x8B,0x78,0x48,0x48,0x89,0xF8,0x48,0xC1,0xE8,0x09
	.byte 0x4C,0x01,0xE0,0x48,0x8B,0x40,0x08,0x4D,0x8B,0x56,0x10,0x49,0x89,0x7E,0x10,0x4C
	.byte 0x89,0xCF,0x49,0x89,0xD9,0x49,0x8B,0x5E,0x08,0x49,0x89,0x46,0x08,0x4C,0x89,0xD0
	.byte 0x4D,0x8B,0x56,0x08,0x49,0x83,0xC6,0x10,0x41,0xFF,0xE2,0x90,0x49,0x83,0xEE,0x18
	.byte 0x4D,0x39,0xEE,0x0F,0x82,0xE3,0x08,0xFF,0xFF,0x90,0x49,0x89,0x46,0x10,0x48,0x89
	.byte 0xF0,0x48,0x89,0xFB,0x48,0xC1,0xE8,0x09,0x4C,0x01,0xE0,0x48,0x8B,0x78,0x18,0x48
	.byte 0x8B,0x70,0x20,0x48,0x8B,0x50,0x28,0x48,0x8B,0x48,0x30,0x4C,0x8B,0x40,0x38,0x4C
	.byte 0x8B,0x48,0x40,0x4C,0x8B,0x58,0x48,0x4D,0x89,0x5E,0x08,0x4C,0x8B,0x78,0x50,0x48
	.byte 0x89,0xF8,0x48,0xC1,0xE8,0x09,0x4C,0x01,0xE0,0x48,0x8B,0x40,0x08,0x4D,0x8B,0x56
	.byte 0x10,0x49,0x89,0x7E,0x10,0x48,0x89,0xDF,0x49,0x8B,0x5E,0x08,0x49,0x89,0x46,0x08
	.byte 0x4C,0x89,0xD0,0x4D,0x8B,0x56,0x08,0x49,0x83,0xC6,0x10,0x41,0xFF,0xE2,0x49,0x83
	.byte 0xEE,0x18,0x4D,0x39,0xEE,0x0F,0x82,0x71,0x08,0xFF,0xFF,0x90,0x4D,0x8B,0x56,0x18
	.byte 0x49,0x89,0x46,0x18,0x4C,0x89,0xD0,0x49,0x89,0x7E,0x10,0x4D,0x89,0x7E,0x08,0x49
	.byte 0x89,0xDF,0x48,0x89,0xF3,0x48,0xC1,0xE8,0x09,0x4C,0x01,0xE0,0x48,0x8B,0x78,0x18
	.byte 0x48,0x8B,0x70,0x20,0x48,0x89,0xF8,0x48,0xC1,0xE8,0x09,0x4C,0x01,0xE0,0x48,0x8B
	.byte 0x40,0x08,0x4D,0x8B,0x56,0x18,0x49,0x89,0x76,0x18,0x48,0x89,0xDE,0x4C,0x89,0xFB
	.byte 0x4D,0x8B,0x7E,0x08,0x49,0x89,0x46,0x08,0x4C,0x89,0xD0,0x4D,0x8B,0x56,0x10,0x49
	.byte 0x89,0x7E,0x10,0x4C,0x89,0xD7,0x4D,0x8B,0x56,0x08,0x49,0x83,0xC6,0x10,0x41,0xFF
	.byte 0xE2,0x90,0x49,0x83,0xEE,0x20,0x4D,0x39,0xEE,0x0F,0x82,0xFD,0x07,0xFF,0xFF,0x90
	.byte 0x49,0x89,0x46,0x18,0x4C,0x89,0xF8,0x49,0x89,0xFF,0x49,0x89,0x5E,0x10,0x4C,0x89
	.byte 0xCB,0x49,0x89,0xF1,0x48,0xC1,0xE8,0x09,0x4C,0x01,0xE0,0x48,0x8B,0x78,0x18,0x4C
	.byte 0x8B,0x58,0x20,0x4D,0x89,0x5E,0x08,0x48,0x8B,0x70,0x28,0x48,0x89,0xF8,0x48,0xC1
	.byte 0xE8,0x09,0x4C,0x01,0xE0,0x48,0x8B,0x40,0x08,0x4D,0x8B,0x56,0x18,0x49,0x89,0x76
	.byte 0x18,0x4C,0x89,0xCE,0x49,0x89,0xD9,0x49,0x8B,0x5E,0x10,0x49,0x89,0x7E,0x10,0x4C
	.byte 0x89,0xFF,0x4D,0x8B,0x7E,0x08,0x49,0x89,0x46,0x08,0x4C,0x89,0xD0,0x4D,0x8B,0x56
	.byte 0x08,0x49,0x83,0xC6,0x10,0x41,0xFF,0xE2,0x49,0x83,0xEE,0x20,0x4D,0x39,0xEE,0x0F
	.byte 0x82,0x87,0x07,0xFF,0xFF,0x90,0x49,0x89,0x46,0x18,0x48,0x89,0xD8,0x49,0x89,0x7E
	.byte 0x10,0x48,0x89,0xF3,0x48,0xC1,0xE8,0x09,0x4C,0x01,0xE0,0x48,0x8B,0x78,0x18,0x4C
	.byte 0x8B,0x78,0x20,0x4C,0x8B,0x58,0x28,0x4D,0x89,0x5E,0x08,0x48,0x8B,0x70,0x30,0x48
	.byte 0x89,0xF8,0x48,0xC1,0xE8,0x09,0x4C,0x01,0xE0,0x48,0x8B,0x40,0x08,0x4D,0x8B,0x56
	.byte 0x18,0x49,0x89,0x76,0x18,0x48,0x89,0xDE,0x4C,0x89,0xFB,0x4D,0x8B,0x7E,0x08,0x49
	.byte 0x89,0x46,0x08,0x4C,0x89,0xD0,0x4D,0x8B,0x56,0x10,0x49,0x89,0x7E,0x10,0x4C,0x89
	.byte 0xD7,0x4D,0x8B,0x56,0x08,0x49,0x83,0xC6,0x10,0x41,0xFF,0xE2,0x49,0x83,0xEE,0x20
	.byte 0x4D,0x39,0xEE,0x0F,0x82,0x13,0x07,0xFF,0xFF,0x90,0x49,0x89,0x46,0x18,0x4C,0x89
	.byte 0xC8,0x49,0x89,0xFF,0x49,0x89,0xF1,0x48,0xC1,0xE8,0x09,0x4C,0x01,0xE0,0x48,0x8B
	.byte 0x78,0x18,0x48,0x8B,0x58,0x20,0x4C,0x8B,0x58,0x28,0x4D,0x89,0x5E,0x10,0x4C,0x8B
	.byte 0x58,0x30,0x4D,0x89,0x5E,0x08,0x48,0x8B,0x70,0x38,0x48,0x89,0xF8,0x48,0xC1,0xE8
	.byte 0x09,0x4C,0x01,0xE0,0x48,0x8B,0x40,0x08,0x4D,0x8B,0x56,0x18,0x49,0x89,0x76,0x18
	.byte 0x4C,0x89,0xCE,0x49,0x89,0xD9,0x49,0x8B,0x5E,0x10,0x49,0x89,0x7E,0x10,0x4C,0x89
	.byte 0xFF,0x4D,0x8B,0x7E,0x08,0x49,0x89,0x46,0x08,0x4C,0x89,0xD0,0x4D,0x8B,0x56,0x08
	.byte 0x49,0x83,0xC6,0x10,0x41,0xFF,0xE2,0x90,0x49,0x83,0xEE,0x20,0x4D,0x39,0xEE,0x0F
	.byte 0x82,0x97,0x06,0xFF,0xFF,0x90,0x49,0x89,0x46,0x18,0x4C,0x89,0xC0,0x49,0x89,0x7E
	.byte 0x10,0x48,0x89,0xF3,0x48,0xC1,0xE8,0x09,0x4C,0x01,0xE0,0x48,0x8B,0x78,0x18,0x4C
	.byte 0x8B,0x40,0x20,0x4C,0x8B,0x48,0x28,0x4C,0x8B,0x78,0x30,0x4C,0x8B,0x58,0x38,0x4D
	.byte 0x89,0x5E,0x08,0x48,0x8B,0x70,0x40,0x48,0x89,0xF8,0x48,0xC1,0xE8,0x09,0x4C,0x01
	.byte 0xE0,0x48,0x8B,0x40,0x08,0x4D,0x8B,0x56,0x18,0x49,0x89,0x76,0x18,0x48,0x89,0xDE
	.byte 0x4C,0x89,0xFB,0x4D,0x8B,0x7E,0x08,0x49,0x89,0x46,0x08,0x4C,0x89,0xD0,0x4D,0x8B
	.byte 0x56,0x10,0x49,0x89,0x7E,0x10,0x4C,0x89,0xD7,0x4D,0x8B,0x56,0x08,0x49,0x83,0xC6
	.byte 0x10,0x41,0xFF,0xE2,0x49,0x83,0xEE,0x20,0x4D,0x39,0xEE,0x0F,0x82,0x1B,0x06,0xFF
	.byte 0xFF,0x90,0x49,0x89,0x46,0x18,0x48,0x89,0xC8,0x49,0x89,0xFF,0x49,0x89,0xF1,0x48
	.byte 0xC1,0xE8,0x09,0x4C,0x01,0xE0,0x48,0x8B,0x78,0x18,0x48,0x8B,0x48,0x20,0x4C,0x8B
	.byte 0x40,0x28,0x48,0x8B,0x58,0x30,0x4C,0x8B,0x58,0x38,0x4D,0x89,0x5E,0x10,0x4C,0x8B
	.byte 0x58,0x40,0x4D,0x89,0x5E,0x08,0x48,0x8B,0x70,0x48,0x48,0x89,0xF8,0x48,0xC1,0xE8
	.byte 0x09,0x4C,0x01,0xE0,0x48,0x8B,0x40,0x08,0x4D,0x8B,0x56,0x18,0x49,0x89,0x76,0x18
	.byte 0x4C,0x89,0xCE,0x49,0x89,0xD9,0x49,0x8B,0x5E,0x10,0x49,0x89,0x7E,0x10,0x4C,0x89
	.byte 0xFF,0x4D,0x8B,0x7E,0x08,0x49,0x89,0x46,0x08,0x4C,0x89,0xD0,0x4D,0x8B,0x56,0x08
	.byte 0x49,0x83,0xC6,0x10,0x41,0xFF,0xE2,0x90,0x49,0x83,0xEE,0x20,0x4D,0x39,0xEE,0x0F
	.byte 0x82,0x97,0x05,0xFF,0xFF,0x90,0x49,0x89,0x46,0x18,0x48,0x89,0xD0,0x49,0x89,0x7E
	.byte 0x10,0x48,0x89,0xF3,0x48,0xC1,0xE8,0x09,0x4C,0x01,0xE0,0x48,0x8B,0x78,0x18,0x48
	.byte 0x8B,0x50,0x20,0x48,0x8B,0x48,0x28,0x4C,0x8B,0x40,0x30,0x4C,0x8B,0x48,0x38,0x4C
	.byte 0x8B,0x78,0x40,0x4C,0x8B,0x58,0x48,0x4D,0x89,0x5E,0x08,0x48,0x8B,0x70,0x50,0x48
	.byte 0x89,0xF8,0x48,0xC1,0xE8,0x09,0x4C,0x01,0xE0,0x48,0x8B,0x40,0x08,0x4D,0x8B,0x56
	.byte 0x18,0x49,0x89,0x76,0x18,0x48,0x89,0xDE,0x4C,0x89,0xFB,0x4D,0x8B,0x7E,0x08,0x49
	.byte 0x89,0x46,0x08,0x4C,0x89,0xD0,0x4D,0x8B,0x56,0x10,0x49,0x89,0x7E,0x10,0x4C,0x89
	.byte 0xD7,0x4D,0x8B,0x56,0x08,0x49,0x83,0xC6,0x10,0x41,0xFF,0xE2,0x49,0x83,0xEE,0x20
	.byte 0x4D,0x39,0xEE,0x0F,0x82,0x13,0x05,0xFF,0xFF,0x90,0x49,0x89,0x46,0x18,0x48,0x89
	.byte 0xF0,0x49,0x89,0xFF,0x48,0xC1,0xE8,0x09,0x4C,0x01,0xE0,0x48,0x8B,0x78,0x18,0x4C
	.byte 0x8B,0x48,0x20,0x48,0x8B,0x50,0x28,0x48,0x8B,0x48,0x30,0x4C,0x8B,0x40,0x38,0x48
	.byte 0x8B,0x58,0x40,0x4C,0x8B,0x58,0x48,0x4D,0x89,0x5E,0x10,0x4C,0x8B,0x58,0x50,0x4D
	.byte 0x89,0x5E,0x08,0x48,0x8B,0x70,0x58,0x48,0x89,0xF8,0x48,0xC1,0xE8,0x09,0x4C,0x01
	.byte 0xE0,0x48,0x8B,0x40,0x08,0x4D,0x8B,0x56,0x18,0x49,0x89,0x76,0x18,0x4C,0x89,0xCE
	.byte 0x49,0x89,0xD9,0x49,0x8B,0x5E,0x10,0x49,0x89,0x7E,0x10,0x4C,0x89,0xFF,0x4D,0x8B
	.byte 0x7E,0x08,0x49,0x89,0x46,0x08,0x4C,0x89,0xD0,0x4D,0x8B,0x56,0x08,0x49,0x83,0xC6
	.byte 0x10,0x41,0xFF,0xE2,0x49,0x83,0xEE,0x18,0x4D,0x39,0xEE,0x0F,0x82,0x8B,0x04,0xFF
	.byte 0xFF,0x90,0x4D,0x8B,0x5E,0x20,0x4D,0x89,0x5E,0x08,0x49,0x89,0x46,0x20,0x49,0x8B
	.byte 0x46,0x18,0x49,0x89,0x7E,0x18,0x4D,0x89,0x7E,0x10,0x49,0x89,0xF7,0x48,0xC1,0xE8
	.byte 0x09,0x4C,0x01,0xE0,0x48,0x8B,0x78,0x18,0x48,0x8B,0x70,0x20,0x48,0x89,0xF8,0x48
	.byte 0xC1,0xE8,0x09,0x4C,0x01,0xE0,0x48,0x8B,0x40,0x08,0x4D,0x8B,0x56,0x20,0x4D,0x8B
	.byte 0x5E,0x08,0x4D,0x89,0x5E,0x20,0x49,0x89,0x46,0x08,0x4C,0x89,0xD0,0x4D,0x8B,0x56
	.byte 0x18,0x49,0x89,0x76,0x18,0x4C,0x89,0xFE,0x4D,0x8B,0x7E,0x10,0x49,0x89,0x7E,0x10
	.byte 0x4C,0x89,0xD7,0x4D,0x8B,0x56,0x08,0x49,0x83,0xC6,0x10,0x41,0xFF,0xE2,0x49,0x83
	.byte 0xEE,0x20,0x4D,0x39,0xEE,0x0F,0x82,0x11,0x04,0xFF,0xFF,0x90,0x4D,0x8B,0x56,0x20
	.byte 0x49,0x89,0x46,0x20,0x4C,0x89,0xD0,0x49,0x89,0x7E,0x18,0x4D,0x89,0x7E,0x10,0x49
	.byte 0x89,0xDF,0x48,0x89,0xF3,0x48,0xC1,0xE8,0x09,0x4C,0x01,0xE0,0x48,0x8B,0x78,0x18
	.byte 0x4C,0x8B,0x58,0x20,0x4D,0x89,0x5E,0x08,0x48,0x8B,0x70,0x28,0x48,0x89,0xF8,0x48
	.byte 0xC1,0xE8,0x09,0x4C,0x01,0xE0,0x48,0x8B,0x40,0x08,0x4D,0x8B,0x56,0x20,0x4D,0x8B
	.byte 0x5E,0x08,0x4D,0x89,0x5E,0x20,0x49,0x89,0x46,0x08,0x4C,0x89,0xD0,0x4D,0x8B,0x56
	.byte 0x18,0x49,0x89,0x76,0x18,0x48,0x89,0xDE,0x4C,0x89,0xFB,0x4D,0x8B,0x7E,0x10,0x49
	.byte 0x89,0x7E,0x10,0x4C,0x89,0xD7,0x4D,0x8B,0x56,0x08,0x49,0x83,0xC6,0x10,0x41,0xFF
	.byte 0xE2,0x90,0x49,0x83,0xEE,0x28,0x4D,0x39,0xEE,0x0F,0x82,0x8D,0x03,0xFF,0xFF,0x90
	.byte 0x49,0x89,0x46,0x20,0x4C,0x89,0xF8,0x49,0x89,0x7E,0x18,0x49,0x89,0xF7,0x48,0xC1
	.byte 0xE8,0x09,0x4C,0x01,0xE0,0x48,0x8B,0x78,0x18,0x4C,0x8B,0x58,0x20,0x4D,0x89,0x5E
	.byte 0x10,0x4C,0x8B,0x58,0x28,0x4D,0x89,0x5E,0x08,0x48,0x8B,0x70,0x30,0x48,0x89,0xF8
	.byte 0x48,0xC1,0xE8,0x09,0x4C,0x01,0xE0,0x48,0x8B,0x40,0x08,0x4D,0x8B,0x56,0x20,0x4D
	.byte 0x8B,0x5E,0x08,0x4D,0x89,0x5E,0x20,0x49,0x89,0x46,0x08,0x4C,0x89,0xD0,0x4D,0x8B
	.byte 0x56,0x18,0x49,0x89,0x76,0x18,0x4C,0x89,0xFE,0x4D,0x8B,0x7E,0x10,0x49,0x89,0x7E
	.byte 0x10,0x4C,0x89,0xD7,0x4D,0x8B,0x56,0x08,0x49,0x83,0xC6,0x10,0x41,0xFF,0xE2,0x90
	.byte 0x49,0x83,0xEE,0x28,0x4D,0x39,0xEE,0x0F,0x82,0x0F,0x03,0xFF,0xFF,0x90,0x49,0x89
	.byte 0x46,0x20,0x48,0x89,0xD8,0x49,0x89,0x7E,0x18,0x48,0x89,0xF3,0x48,0xC1,0xE8,0x09
	.byte 0x4C,0x01,0xE0,0x48,0x8B,0x78,0x18,0x4C,0x8B,0x78,0x20,0x4C,0x8B,0x58,0x28,0x4D
	.byte 0x89,0x5E,0x10,0x4C,0x8B,0x58,0x30,0x4D,0x89,0x5E,0x08,0x48,0x8B,0x70,0x38,0x48
	.byte 0x89,0xF8,0x48,0xC1,0xE8,0x09,0x4C,0x01,0xE0,0x48,0x8B,0x40,0x08,0x4D,0x8B,0x56
	.byte 0x20,0x4D,0x8B,0x5E,0x08,0x4D,0x89,0x5E,0x20,0x49,0x89,0x46,0x08,0x4C,0x89,0xD0
	.byte 0x4D,0x8B,0x56,0x18,0x49,0x89,0x76,0x18,0x48,0x89,0xDE,0x4C,0x89,0xFB,0x4D,0x8B
	.byte 0x7E,0x10,0x49,0x89,0x7E,0x10,0x4C,0x89,0xD7,0x4D,0x8B,0x56,0x08,0x49,0x83,0xC6
	.byte 0x10,0x41,0xFF,0xE2,0x49,0x83,0xEE,0x28,0x4D,0x39,0xEE,0x0F,0x82,0x8B,0x02,0xFF
	.byte 0xFF,0x90,0x49,0x89,0x46,0x20,0x4C,0x89,0xC8,0x49,0x89,0x7E,0x18,0x49,0x89,0xF7
	.byte 0x48,0xC1,0xE8,0x09,0x4C,0x01,0xE0,0x48,0x8B,0x78,0x18,0x4C,0x8B,0x48,0x20,0x48
	.byte 0x8B,0x58,0x28,0x4C,0x8B,0x58,0x30,0x4D,0x89,0x5E,0x10,0x4C,0x8B,0x58,0x38,0x4D
	.byte 0x89,0x5E,0x08,0x48,0x8B,0x70,0x40,0x48,0x89,0xF8,0x48,0xC1,0xE8,0x09,0x4C,0x01
	.byte 0xE0,0x48,0x8B,0x40,0x08,0x4D,0x8B,0x56,0x20,0x4D,0x8B,0x5E,0x08,0x4D,0x89,0x5E
	.byte 0x20,0x49,0x89,0x46,0x08,0x4C,0x89,0xD0,0x4D,0x8B,0x56,0x18,0x49,0x89,0x76,0x18
	.byte 0x4C,0x89,0xFE,0x4D,0x8B,0x7E,0x10,0x49,0x89,0x7E,0x10,0x4C,0x89,0xD7,0x4D,0x8B
	.byte 0x56,0x08,0x49,0x83,0xC6,0x10,0x41,0xFF,0xE2,0x90,0x49,0x83,0xEE,0x28,0x4D,0x39
	.byte 0xEE,0x0F,0x82,0x05,0x02,0xFF,0xFF,0x90,0x49,0x89,0x46,0x20,0x4C,0x89,0xC0,0x49
	.byte 0x89,0x7E,0x18,0x48,0x89,0xF3,0x48,0xC1,0xE8,0x09,0x4C,0x01,0xE0,0x48,0x8B,0x78
	.byte 0x18,0x4C,0x8B,0x40,0x20,0x4C,0x8B,0x48,0x28,0x4C,0x8B,0x78,0x30,0x4C,0x8B,0x58
	.byte 0x38,0x4D,0x89,0x5E,0x10,0x4C,0x8B,0x58,0x40,0x4D,0x89,0x5E,0x08,0x48,0x8B,0x70
	.byte 0x48,0x48,0x89,0xF8,0x48,0xC1,0xE8,0x09,0x4C,0x01,0xE0,0x48,0x8B,0x40,0x08,0x4D
	.byte 0x8B,0x56,0x20,0x4D,0x8B,0x5E,0x08,0x4D,0x89,0x5E,0x20,0x49,0x89,0x46,0x08,0x4C
	.byte 0x89,0xD0,0x4D,0x8B,0x56,0x18,0x49,0x89,0x76,0x18,0x48,0x89,0xDE,0x4C,0x89,0xFB
	.byte 0x4D,0x8B,0x7E,0x10,0x49,0x89,0x7E,0x10,0x4C,0x89,0xD7,0x4D,0x8B,0x56,0x08,0x49
	.byte 0x83,0xC6,0x10,0x41,0xFF,0xE2,0x49,0x83,0xEE,0x28,0x4D,0x39,0xEE,0x0F,0x82,0x79
	.byte 0x01,0xFF,0xFF,0x90,0x49,0x89,0x46,0x20,0x48,0x89,0xC8,0x49,0x89,0x7E,0x18,0x49
	.byte 0x89,0xF7,0x48,0xC1,0xE8,0x09,0x4C,0x01,0xE0,0x48,0x8B,0x78,0x18,0x48,0x8B,0x48
	.byte 0x20,0x4C,0x8B,0x40,0x28,0x4C,0x8B,0x48,0x30,0x48,0x8B,0x58,0x38,0x4C,0x8B,0x58
	.byte 0x40,0x4D,0x89,0x5E,0x10,0x4C,0x8B,0x58,0x48,0x4D,0x89,0x5E,0x08,0x48,0x8B,0x70
	.byte 0x50,0x48,0x89,0xF8,0x48,0xC1,0xE8,0x09,0x4C,0x01,0xE0,0x48,0x8B,0x40,0x08,0x4D
	.byte 0x8B,0x56,0x20,0x4D,0x8B,0x5E,0x08,0x4D,0x89,0x5E,0x20,0x49,0x89,0x46,0x08,0x4C
	.byte 0x89,0xD0,0x4D,0x8B,0x56,0x18,0x49,0x89,0x76,0x18,0x4C,0x89,0xFE,0x4D,0x8B,0x7E
	.byte 0x10,0x49,0x89,0x7E,0x10,0x4C,0x89,0xD7,0x4D,0x8B,0x56,0x08,0x49,0x83,0xC6,0x10
	.byte 0x41,0xFF,0xE2,0x90,0x49,0x83,0xEE,0x28,0x4D,0x39,0xEE,0x0F,0x82,0xEB,0x00,0xFF
	.byte 0xFF,0x90,0x49,0x89,0x46,0x20,0x48,0x89,0xD0,0x49,0x89,0x7E,0x18,0x48,0x89,0xF3
	.byte 0x48,0xC1,0xE8,0x09,0x4C,0x01,0xE0,0x48,0x8B,0x78,0x18,0x48,0x8B,0x50,0x20,0x48
	.byte 0x8B,0x48,0x28,0x4C,0x8B,0x40,0x30,0x4C,0x8B,0x48,0x38,0x4C,0x8B,0x78,0x40,0x4C
	.byte 0x8B,0x58,0x48,0x4D,0x89,0x5E,0x10,0x4C,0x8B,0x58,0x50,0x4D,0x89,0x5E,0x08,0x48
	.byte 0x8B,0x70,0x58,0x48,0x89,0xF8,0x48,0xC1,0xE8,0x09,0x4C,0x01,0xE0,0x48,0x8B,0x40
	.byte 0x08,0x4D,0x8B,0x56,0x20,0x4D,0x8B,0x5E,0x08,0x4D,0x89,0x5E,0x20,0x49,0x89,0x46
	.byte 0x08,0x4C,0x89,0xD0,0x4D,0x8B,0x56,0x18,0x49,0x89,0x76,0x18,0x48,0x89,0xDE,0x4C
	.byte 0x89,0xFB,0x4D,0x8B,0x7E,0x10,0x49,0x89,0x7E,0x10,0x4C,0x89,0xD7,0x4D,0x8B,0x56
	.byte 0x08,0x49,0x83,0xC6,0x10,0x41,0xFF,0xE2,0x49,0x83,0xEE,0x28,0x4D,0x39,0xEE,0x0F
	.byte 0x82,0x57,0x00,0xFF,0xFF,0x90,0x49,0x89,0x46,0x20,0x48,0x89,0xF0,0x49,0x89,0x7E
	.byte 0x18,0x48,0xC1,0xE8,0x09,0x4C,0x01,0xE0,0x48,0x8B,0x78,0x18,0x4C,0x8B,0x78,0x20
	.byte 0x48,0x8B,0x50,0x28,0x48,0x8B,0x48,0x30,0x4C,0x8B,0x40,0x38,0x4C,0x8B,0x48,0x40
	.byte 0x48,0x8B,0x58,0x48,0x4C,0x8B,0x58,0x50,0x4D,0x89,0x5E,0x10,0x4C,0x8B,0x58,0x58
	.byte 0x4D,0x89,0x5E,0x08,0x48,0x8B,0x70,0x60,0x48,0x89,0xF8,0x48,0xC1,0xE8,0x09,0x4C
	.byte 0x01,0xE0,0x48,0x8B,0x40,0x08,0x4D,0x8B,0x56,0x20,0x4D,0x8B,0x5E,0x08,0x4D,0x89
	.byte 0x5E,0x20,0x49,0x89,0x46,0x08,0x4C,0x89,0xD0,0x4D,0x8B,0x56,0x18,0x49,0x89,0x76
	.byte 0x18,0x4C,0x89,0xFE,0x4D,0x8B,0x7E,0x10,0x49,0x89,0x7E,0x10,0x4C,0x89,0xD7,0x4D
	.byte 0x8B,0x56,0x08,0x49,0x83,0xC6,0x10,0x41,0xFF,0xE2,0x49,0x83,0xEE,0x18,0x4D,0x39
	.byte 0xEE,0x0F,0x82,0xC5,0xFF,0xFE,0xFF,0x90,0x48,0x89,0xF2,0x48,0x89,0xF9,0x48,0xC1
	.byte 0xEE,0x09,0x4C,0x01,0xE6,0x48,0x8B,0x7E,0x10,0x48,0x83,0xFF,0x00,0x0F,0x85,0x4F
	.byte 0x00,0x00,0x00,0x48,0x89,0xF7,0x48,0x89,0xD6,0x48,0x8B,0x57,0x08,0xBF,0x02,0x00
	.byte 0x00,0x00,0x49,0x89,0x46,0x10,0x49,0x89,0x4E,0x08,0x41,0xBB,0x5C,0x01,0x00,0x00
	.byte 0x4D,0x89,0x1E,0x48,0x8D,0x05,0x02,0x00,0x00,0x00,0xFF,0xE2,0x49,0x8B,0x76,0x10
	.byte 0x49,0x8B,0x46,0x08,0x48,0xC1,0xE8,0x09,0x4C,0x01,0xE0,0x48,0xBA,0x3B,0x00,0x00
	.byte 0x00,0x01,0x00,0x00,0x00,0x48,0x89,0x10,0x48,0x89,0x78,0x08,0x49,0x83,0xC6,0x18
	.byte 0xFF,0xE6,0xBF,0x02,0x00,0x00,0x00,0x48,0x89,0xD6,0x49,0x89,0x46,0x10,0x49,0x89
	.byte 0x4E,0x08,0x41,0xBB,0x5D,0x01,0x00,0x00,0x4D,0x89,0x1E,0x48,0x8D,0x05,0x06,0x00
	.byte 0x00,0x00,0xE9,0xD5,0x3E,0xFF,0xFF,0x90,0x49,0x8B,0x76,0x10,0x49,0x8B,0x46,0x08
	.byte 0x48,0xC1,0xE8,0x09,0x4C,0x01,0xE0,0x48,0xBA,0x3B,0x00,0x00,0x00,0x01,0x00,0x00
	.byte 0x00,0x48,0x89,0x10,0x48,0x89,0x78,0x08,0x49,0x83,0xC6,0x18,0xFF,0xE6,0x49,0x81
	.byte 0xEE,0x40,0x01,0x00,0x00,0x4D,0x39,0xEE,0x0F,0x82,0xFE,0xFE,0xFE,0xFF,0xBF,0x04
	.byte 0x00,0x00,0x00,0x49,0x89,0x86,0x38,0x01,0x00,0x00,0x41,0xBB,0x5E,0x01,0x00,0x00
	.byte 0x4D,0x89,0x1E,0x48,0x8D,0x05,0x06,0x00,0x00,0x00,0xE9,0x45,0x34,0xFF,0xFF,0x90
	.byte 0x49,0x8B,0x45,0xD8,0x49,0x8B,0x7D,0xF8,0x48,0x29,0xF8,0x48,0x3D,0x70,0x01,0x00
	.byte 0x00,0x0F,0x83,0x1B,0x00,0x00,0x00,0xBF,0x70,0x01,0x00,0x00,0x41,0xBB,0x5F,0x01
	.byte 0x00,0x00,0x4D,0x89,0x1E,0x48,0x8D,0x05,0x06,0x00,0x00,0x00,0xE9,0xB7,0xFE,0xFE
	.byte 0xFF,0x90,0x4C,0x8D,0x1D,0x3F,0xFE,0xFF,0xFF,0x4D,0x89,0x9E,0x30,0x01,0x00,0x00
	.byte 0x4C,0x8D,0x1D,0x9D,0xFD,0xFF,0xFF,0x4D,0x89,0x9E,0x28,0x01,0x00,0x00,0x4C,0x8D
	.byte 0x1D,0x01,0xFD,0xFF,0xFF,0x4D,0x89,0x9E,0x20,0x01,0x00,0x00,0x4C,0x8D,0x1D,0x67
	.byte 0xFC,0xFF,0xFF,0x4D,0x89,0x9E,0x18,0x01,0x00,0x00,0x4C,0x8D,0x1D,0xD3,0xFB,0xFF
	.byte 0xFF,0x4D,0x89,0x9E,0x10,0x01,0x00,0x00,0x4C,0x8D,0x1D,0x41,0xFB,0xFF,0xFF,0x4D
	.byte 0x89,0x9E,0x08,0x01,0x00,0x00,0x4C,0x8D,0x1D,0xB5,0xFA,0xFF,0xFF,0x4D,0x89,0x9E
	.byte 0x00,0x01,0x00,0x00,0x4C,0x8D,0x1D,0x23,0xFA,0xFF,0xFF,0x4D,0x89,0x9E,0xF8,0x00
	.byte 0x00,0x00,0x4C,0x8D,0x1D,0x9B,0xF9,0xFF,0xFF,0x4D,0x89,0x9E,0xF0,0x00,0x00,0x00
	.byte 0x4C,0x8D,0x1D,0x05,0xF9,0xFF,0xFF,0x4D,0x89,0x9E,0xE8,0x00,0x00,0x00,0x4C,0x8D
	.byte 0x1D,0x73,0xF8,0xFF,0xFF,0x4D,0x89,0x9E,0xE0,0x00,0x00,0x00,0x4C,0x8D,0x1D,0xE1
	.byte 0xF7,0xFF,0xFF,0x4D,0x89,0x9E,0xD8,0x00,0x00,0x00,0x4C,0x8D,0x1D,0x57,0xF7,0xFF
	.byte 0xFF,0x4D,0x89,0x9E,0xD0,0x00,0x00,0x00,0x4C,0x8D,0x1D,0xCD,0xF6,0xFF,0xFF,0x4D
	.byte 0x89,0x9E,0xC8,0x00,0x00,0x00,0x4C,0x8D,0x1D,0x4B,0xF6,0xFF,0xFF,0x4D,0x89,0x9E
	.byte 0xC0,0x00,0x00,0x00,0x4C,0x8D,0x1D,0xC7,0xF5,0xFF,0xFF,0x4D,0x89,0x9E,0xB8,0x00
	.byte 0x00,0x00,0x4C,0x8D,0x1D,0x45,0xF5,0xFF,0xFF,0x4D,0x89,0x9E,0xB0,0x00,0x00,0x00
	.byte 0x4C,0x8D,0x1D,0xC5,0xF4,0xFF,0xFF,0x4D,0x89,0x9E,0xA8,0x00,0x00,0x00,0x4C,0x8D
	.byte 0x1D,0x45,0xF4,0xFF,0xFF,0x4D,0x89,0x9E,0xA0,0x00,0x00,0x00,0x4C,0x8D,0x1D,0xCD
	.byte 0xF3,0xFF,0xFF,0x4D,0x89,0x9E,0x98,0x00,0x00,0x00,0x4C,0x8D,0x1D,0x55,0xF3,0xFF
	.byte 0xFF,0x4D,0x89,0x9E,0x90,0x00,0x00,0x00,0x4C,0x8D,0x1D,0xE5,0xF2,0xFF,0xFF,0x4D
	.byte 0x89,0x9E,0x88,0x00,0x00,0x00,0x4C,0x8D,0x1D,0x73,0xF2,0xFF,0xFF,0x4D,0x89,0x9E
	.byte 0x80,0x00,0x00,0x00,0x4C,0x8D,0x1D,0x0B,0xF2,0xFF,0xFF,0x4D,0x89,0x5E,0x78,0x4C
	.byte 0x8D,0x1D,0x9C,0xF1,0xFF,0xFF,0x4D,0x89,0x5E,0x70,0x4C,0x8D,0x1D,0x31,0xF1,0xFF
	.byte 0xFF,0x4D,0x89,0x5E,0x68,0x4C,0x8D,0x1D,0xCA,0xF0,0xFF,0xFF,0x4D,0x89,0x5E,0x60
	.byte 0x4C,0x8D,0x1D,0x67,0xF0,0xFF,0xFF,0x4D,0x89,0x5E,0x58,0x4C,0x8D,0x1D,0x08,0xF0
	.byte 0xFF,0xFF,0x4D,0x89,0x5E,0x50,0x4C,0x8D,0x1D,0xAD,0xEF,0xFF,0xFF,0x4D,0x89,0x5E
	.byte 0x48,0x4C,0x8D,0x1D,0x6E,0xEF,0xFF,0xFF,0x4D,0x89,0x5E,0x40,0x4C,0x8D,0x1D,0x33
	.byte 0xEF,0xFF,0xFF,0x4D,0x89,0x5E,0x38,0x4C,0x8D,0x1D,0xFC,0xEE,0xFF,0xFF,0x4D,0x89
	.byte 0x5E,0x30,0x4C,0x8D,0x1D,0xC9,0xEE,0xFF,0xFF,0x4D,0x89,0x5E,0x28,0x4C,0x8D,0x1D
	.byte 0x9E,0xEE,0xFF,0xFF,0x4D,0x89,0x5E,0x20,0x4C,0x8D,0x1D,0x65,0xEE,0xFF,0xFF,0x4D
	.byte 0x89,0x5E,0x18,0x4C,0x8D,0x1D,0x30,0xEE,0xFF,0xFF,0x4D,0x89,0x5E,0x10,0x4C,0x8D
	.byte 0x1D,0xFF,0xED,0xFF,0xFF,0x4D,0x89,0x5E,0x08,0x4C,0x8D,0x3D,0xD4,0xED,0xFF,0xFF
	.byte 0x48,0x8D,0x1D,0xA1,0xED,0xFF,0xFF,0x4C,0x8D,0x0D,0x72,0xED,0xFF,0xFF,0x4C,0x8D
	.byte 0x05,0x4B,0xED,0xFF,0xFF,0x48,0x8D,0x0D,0x1C,0xED,0xFF,0xFF,0x48,0x8D,0x15,0xF5
	.byte 0xEC,0xFF,0xFF,0x48,0x8D,0x35,0xCE,0xEC,0xFF,0xFF,0x49,0x8B,0x7D,0xF8,0x48,0xB8
	.byte 0x03,0x00,0x00,0x00,0x2D,0x00,0x00,0x00,0x48,0x89,0x07,0x48,0x89,0xF8,0x48,0x89
	.byte 0x70,0x08,0x48,0x89,0x50,0x10,0x48,0x89,0x48,0x18,0x4C,0x89,0x40,0x20,0x4C,0x89
	.byte 0x48,0x28,0x48,0x89,0x58,0x30,0x4C,0x89,0x78,0x38,0x4D,0x8B,0x56,0x08,0x4C,0x89
	.byte 0x50,0x40,0x4D,0x8B,0x56,0x10,0x4C,0x89,0x50,0x48,0x4D,0x8B,0x56,0x18,0x4C,0x89
	.byte 0x50,0x50,0x4D,0x8B,0x56,0x20,0x4C,0x89,0x50,0x58,0x4D,0x8B,0x56,0x28,0x4C,0x89
	.byte 0x50,0x60,0x4D,0x8B,0x56,0x30,0x4C,0x89,0x50,0x68,0x4D,0x8B,0x56,0x38,0x4C,0x89
	.byte 0x50,0x70,0x4D,0x8B,0x56,0x40,0x4C,0x89,0x50,0x78,0x4D,0x8B,0x56,0x48,0x4C,0x89
	.byte 0x90,0x80,0x00,0x00,0x00,0x4D,0x8B,0x56,0x50,0x4C,0x89,0x90,0x88,0x00,0x00,0x00
	.byte 0x4D,0x8B,0x56,0x58,0x4C,0x89,0x90,0x90,0x00,0x00,0x00,0x4D,0x8B,0x56,0x60,0x4C
	.byte 0x89,0x90,0x98,0x00,0x00,0x00,0x4D,0x8B,0x56,0x68,0x4C,0x89,0x90,0xA0,0x00,0x00
	.byte 0x00,0x4D,0x8B,0x56,0x70,0x4C,0x89,0x90,0xA8,0x00,0x00,0x00,0x4D,0x8B,0x56,0x78
	.byte 0x4C,0x89,0x90,0xB0,0x00,0x00,0x00,0x4D,0x8B,0x96,0x80,0x00,0x00,0x00,0x4C,0x89
	.byte 0x90,0xB8,0x00,0x00,0x00,0x4D,0x8B,0x96,0x88,0x00,0x00,0x00,0x4C,0x89,0x90,0xC0
	.byte 0x00,0x00,0x00,0x4D,0x8B,0x96,0x90,0x00,0x00,0x00,0x4C,0x89,0x90,0xC8,0x00,0x00
	.byte 0x00,0x4D,0x8B,0x96,0x98,0x00,0x00,0x00,0x4C,0x89,0x90,0xD0,0x00,0x00,0x00,0x4D
	.byte 0x8B,0x96,0xA0,0x00,0x00,0x00,0x4C,0x89,0x90,0xD8,0x00,0x00,0x00,0x4D,0x8B,0x96
	.byte 0xA8,0x00,0x00,0x00,0x4C,0x89,0x90,0xE0,0x00,0x00,0x00,0x4D,0x8B,0x96,0xB0,0x00
	.byte 0x00,0x00,0x4C,0x89,0x90,0xE8,0x00,0x00,0x00,0x4D,0x8B,0x96,0xB8,0x00,0x00,0x00
	.byte 0x4C,0x89,0x90,0xF0,0x00,0x00,0x00,0x4D,0x8B,0x96,0xC0,0x00,0x00,0x00,0x4C,0x89
	.byte 0x90,0xF8,0x00,0x00,0x00,0x4D,0x8B,0x96,0xC8,0x00,0x00,0x00,0x4C,0x89,0x90,0x00
	.byte 0x01,0x00,0x00,0x4D,0x8B,0x96,0xD0,0x00,0x00,0x00,0x4C,0x89,0x90,0x08,0x01,0x00
	.byte 0x00,0x4D,0x8B,0x96,0xD8,0x00,0x00,0x00,0x4C,0x89,0x90,0x10,0x01,0x00,0x00,0x4D
	.byte 0x8B,0x96,0xE0,0x00,0x00,0x00,0x4C,0x89,0x90,0x18,0x01,0x00,0x00,0x4D,0x8B,0x96
	.byte 0xE8,0x00,0x00,0x00,0x4C,0x89,0x90,0x20,0x01,0x00,0x00,0x4D,0x8B,0x96,0xF0,0x00
	.byte 0x00,0x00,0x4C,0x89,0x90,0x28,0x01,0x00,0x00,0x4D,0x8B,0x96,0xF8,0x00,0x00,0x00
	.byte 0x4C,0x89,0x90,0x30,0x01,0x00,0x00,0x4D,0x8B,0x96,0x00,0x01,0x00,0x00,0x4C,0x89
	.byte 0x90,0x38,0x01,0x00,0x00,0x4D,0x8B,0x96,0x08,0x01,0x00,0x00,0x4C,0x89,0x90,0x40
	.byte 0x01,0x00,0x00,0x4D,0x8B,0x96,0x10,0x01,0x00,0x00,0x4C,0x89,0x90,0x48,0x01,0x00
	.byte 0x00,0x4D,0x8B,0x96,0x18,0x01,0x00,0x00,0x4C,0x89,0x90,0x50,0x01,0x00,0x00,0x4D
	.byte 0x8B,0x96,0x20,0x01,0x00,0x00,0x4C,0x89,0x90,0x58,0x01,0x00,0x00,0x4D,0x8B,0x96
	.byte 0x28,0x01,0x00,0x00,0x4C,0x89,0x90,0x60,0x01,0x00,0x00,0x4D,0x8B,0x96,0x30,0x01
	.byte 0x00,0x00,0x4C,0x89,0x90,0x68,0x01,0x00,0x00,0x48,0x89,0xC7,0x4C,0x29,0xE7,0x48
	.byte 0xC1,0xE7,0x09,0x48,0x83,0xCF,0x1F,0x48,0x05,0x70,0x01,0x00,0x00,0x49,0x89,0x45
	.byte 0xF8,0x49,0x8B,0x45,0xB8,0x48,0x89,0x78,0x10,0x49,0x8B,0x86,0x38,0x01,0x00,0x00
	.byte 0x49,0x81,0xC6,0x30,0x01,0x00,0x00,0xE9,0x0E,0x00,0x00,0x00,0x49,0x83,0xEE,0x10
	.byte 0x4D,0x39,0xEE,0x0F,0x82,0x53,0xFA,0xFE,0xFF,0x90,0xBF,0x04,0x00,0x00,0x00,0x49
	.byte 0x89,0x46,0x08,0x41,0xBB,0x60,0x01,0x00,0x00,0x4D,0x89,0x1E,0x48,0x8D,0x05,0x05
	.byte 0x00,0x00,0x00,0xE9,0x9C,0x2F,0xFF,0xFF,0x49,0x8B,0x46,0x08,0xBF,0x02,0x00,0x00
	.byte 0x00,0x49,0x8B,0x75,0xB8,0x48,0x89,0x7E,0x18,0xE9,0x0E,0x00,0x00,0x00,0x49,0x83
	.byte 0xEE,0x10,0x4D,0x39,0xEE,0x0F,0x82,0x11,0xFA,0xFE,0xFF,0x90,0xBF,0x04,0x00,0x00
	.byte 0x00,0x49,0x89,0x46,0x08,0x41,0xBB,0x61,0x01,0x00,0x00,0x4D,0x89,0x1E,0x48,0x8D
	.byte 0x05,0x05,0x00,0x00,0x00,0xE9,0x5A,0x2F,0xFF,0xFF,0x49,0x8B,0x46,0x08,0xE9,0x0F
	.byte 0x00,0x00,0x00,0x90,0x49,0x83,0xEE,0x10,0x4D,0x39,0xEE,0x0F,0x82,0xDB,0xF9,0xFE
	.byte 0xFF,0x90,0x49,0x8B,0x7D,0xD8,0x49,0x8B,0x75,0xF8,0x48,0x29,0xF7,0x48,0x83,0xFF
	.byte 0x10,0x0F,0x83,0x23,0x00,0x00,0x00,0xBF,0x10,0x00,0x00,0x00,0x49,0x89,0x46,0x08
	.byte 0x41,0xBB,0x62,0x01,0x00,0x00,0x4D,0x89,0x1E,0x48,0x8D,0x05,0x06,0x00,0x00,0x00
	.byte 0xE9,0xB3,0xF9,0xFE,0xFF,0x90,0x49,0x8B,0x46,0x08,0xBE,0x02,0x00,0x00,0x00,0x49
	.byte 0x8B,0x7D,0xD8,0x48,0x83,0xC7,0xF0,0x49,0x89,0x7D,0xD8,0x49,0x8B,0x7D,0xF0,0x48
	.byte 0x83,0xC7,0xF0,0x49,0x89,0x7D,0xF0,0x48,0xBA,0x0B,0x00,0x00,0x00,0x01,0x00,0x00
	.byte 0x00,0x48,0x89,0x17,0x48,0x89,0x77,0x08,0x4C,0x29,0xE7,0x48,0xC1,0xE7,0x09,0x48
	.byte 0x83,0xCF,0x01,0x49,0x8B,0x75,0xB8,0x48,0x89,0x7E,0x20,0xBF,0x02,0x00,0x00,0x00
	.byte 0x49,0x83,0xC6,0x10,0xFF,0xE0
     .globl cdecl(cake_codebuffer_begin)
cdecl(cake_codebuffer_begin):
#if defined(EVAL)
     .space CODE_BUFFER_SIZE
#endif
     .p2align 12
     .globl cdecl(cake_codebuffer_end)
cdecl(cake_codebuffer_end):
     .space 4096
    makesym(cml__Init_0, 0, 660)
    makesym(cml__Halt0_1, 660, 8)
    makesym(cml__Halt2_2, 668, 12)
    makesym(cml__GC_3, 680, 872)
    makesym(cml__Raise_4, 1552, 34)
    makesym(cml__StoreConsts_5, 1586, 148)
    makesym(cml__FromList_6, 1734, 386)
    makesym(cml__FromList1_7, 2120, 50)
    makesym(cml__RefByte_8, 2170, 528)
    makesym(cml__RefArray_9, 2698, 70)
    makesym(cml__Replicate_10, 2768, 32)
    makesym(cml__AnyArith_11, 2800, 1070)
    makesym(cml__Add_12, 3870, 8)
    makesym(cml__Sub_13, 3878, 10)
    makesym(cml__Mul_14, 3888, 10)
    makesym(cml__Div_15, 3898, 10)
    makesym(cml__Mod_16, 3908, 10)
    makesym(cml__Compare1_17, 3918, 72)
    makesym(cml__Compare_18, 3990, 292)
    makesym(cml__Equal1_19, 4282, 134)
    makesym(cml__Equal_20, 4416, 260)
    makesym(cml__LongDiv1_21, 4676, 0)
    makesym(cml__LongDiv_22, 4676, 34)
    makesym(cml__Install_23, 4710, 60)
    makesym(cml__InstallCode_24, 4770, 52)
    makesym(cml__InstallData_25, 4822, 60)
    makesym(cml__Append_26, 4882, 78)
    makesym(cml__AppendMainLoop_27, 4960, 114)
    makesym(cml__AppendLenLoop_28, 5074, 202)
    makesym(cml__XorLoop_29, 5276, 92)
    makesym(cml__MemCopy_30, 5368, 38)
    makesym(cml__ByteCopy_31, 5406, 108)
    makesym(cml__ByteCopyAdd_32, 5514, 152)
    makesym(cml__ByteCopySub_33, 5666, 152)
    makesym(cml__ByteCopyNew_34, 5818, 0)
    makesym(cml__Dummy_35, 5818, 0)
    makesym(cml__Bignum_36, 5818, 3048)
    makesym(cml__Bignum_37, 8866, 198)
    makesym(cml__Bignum_38, 9064, 234)
    makesym(cml__Bignum_39, 9298, 138)
    makesym(cml__Bignum_40, 9436, 176)
    makesym(cml__Bignum_41, 9612, 728)
    makesym(cml__Bignum_42, 10340, 472)
    makesym(cml__Bignum_43, 10812, 426)
    makesym(cml__Bignum_44, 11238, 656)
    makesym(cml__Bignum_45, 11894, 196)
    makesym(cml__Bignum_46, 12090, 306)
    makesym(cml__Bignum_47, 12396, 76)
    makesym(cml__Bignum_48, 12472, 176)
    makesym(cml__Bignum_49, 12648, 90)
    makesym(cml__Bignum_50, 12738, 208)
    makesym(cml__Bignum_51, 12946, 328)
    makesym(cml__Bignum_52, 13274, 70)
    makesym(cml__Bignum_53, 13344, 98)
    makesym(cml__Bignum_54, 13442, 174)
    makesym(cml__Bignum_55, 13616, 198)
    makesym(cml__Bignum_56, 13814, 158)
    makesym(cml__Bignum_57, 13972, 172)
    makesym(cml__Bignum_58, 14144, 196)
    makesym(cml_AllocGlobal_59, 14340, 772)
    makesym(cml_CopyGlobals_60, 15112, 322)
    makesym(cml_start_61, 15434, 272)
    makesym(cml_ListLength_62, 15706, 174)
    makesym(cml_FromListByte_63, 15880, 244)
    makesym(cml_ToListByte_64, 16124, 320)
    makesym(cml_SumListLength_65, 16444, 208)
    makesym(cml_ConcatByte_66, 16652, 304)
    makesym(cml_bvl_stub_67, 16956, 3578)
    makesym(cml_bvl_stub_68, 20534, 3904)
    makesym(cml_bvl_stub_69, 24438, 4036)
    makesym(cml_bvl_stub_70, 28474, 4132)
    makesym(cml_bvl_stub_71, 32606, 4366)
    makesym(cml_bvl_stub_72, 36972, 4498)
    makesym(cml_bvl_stub_73, 41470, 4722)
    makesym(cml_bvl_stub_74, 46192, 4958)
    makesym(cml_bvl_stub_75, 51150, 5398)
    makesym(cml_bvl_stub_76, 56548, 5620)
    makesym(cml_bvl_stub_77, 62168, 32)
    makesym(cml_bvl_stub_78, 62200, 32)
    makesym(cml_bvl_stub_79, 62232, 40)
    makesym(cml_bvl_stub_80, 62272, 32)
    makesym(cml_bvl_stub_81, 62304, 40)
    makesym(cml_bvl_stub_82, 62344, 44)
    makesym(cml_bvl_stub_83, 62388, 32)
    makesym(cml_bvl_stub_84, 62420, 38)
    makesym(cml_bvl_stub_85, 62458, 42)
    makesym(cml_bvl_stub_86, 62500, 46)
    makesym(cml_bvl_stub_87, 62546, 32)
    makesym(cml_bvl_stub_88, 62578, 40)
    makesym(cml_bvl_stub_89, 62618, 44)
    makesym(cml_bvl_stub_90, 62662, 48)
    makesym(cml_bvl_stub_91, 62710, 52)
    makesym(cml_bvl_stub_92, 62762, 80)
    makesym(cml_bvl_stub_93, 62842, 84)
    makesym(cml_bvl_stub_94, 62926, 88)
    makesym(cml_bvl_stub_95, 63014, 92)
    makesym(cml_bvl_stub_96, 63106, 96)
    makesym(cml_bvl_stub_97, 63202, 100)
    makesym(cml_bvl_stub_98, 63302, 90)
    makesym(cml_bvl_stub_99, 63392, 100)
    makesym(cml_bvl_stub_100, 63492, 98)
    makesym(cml_bvl_stub_101, 63590, 106)
    makesym(cml_bvl_stub_102, 63696, 106)
    makesym(cml_bvl_stub_103, 63802, 114)
    makesym(cml_bvl_stub_104, 63916, 114)
    makesym(cml_bvl_stub_105, 64030, 116)
    makesym(cml_bvl_stub_106, 64146, 118)
    makesym(cml_bvl_stub_107, 64264, 116)
    makesym(cml_bvl_stub_108, 64380, 124)
    makesym(cml_bvl_stub_109, 64504, 124)
    makesym(cml_bvl_stub_110, 64628, 132)
    makesym(cml_bvl_stub_111, 64760, 132)
    makesym(cml_bvl_stub_112, 64892, 136)
    makesym(cml_bvl_stub_113, 65028, 122)
    makesym(cml_bvl_stub_114, 65150, 132)
    makesym(cml_bvl_stub_115, 65282, 126)
    makesym(cml_bvl_stub_116, 65408, 132)
    makesym(cml_bvl_stub_117, 65540, 134)
    makesym(cml_bvl_stub_118, 65674, 140)
    makesym(cml_bvl_stub_119, 65814, 142)
    makesym(cml_bvl_stub_120, 65956, 148)
    makesym(cml_bvl_stub_121, 66104, 146)
    makesym(cml_bvl_force_122, 66250, 196)
    makesym(cml_bvl_init_123, 66446, 1198)
    makesym(cml_dec_124, 67644, 66)
    makesym(cml_dec_125, 67710, 54)
    makesym(cml_dec_126, 67764, 146)

/* Windows Compatibility for CakeML FFI interface */

windows_cml_clear:
     movq    %rcx, %r9
     movq    %rdx, %r8
     movq    %rsi, %rdx
     movq    %rdi, %rcx
     jmp     cdecl(cml_clear)
windows_cml_exit:
     movq    %rcx, %r9
     movq    %rdx, %r8
     movq    %rsi, %rdx
     movq    %rdi, %rcx
     callq   cdecl(cml_exit)
